Ticker,Episode,Entry_Date,Exit_Date,Duration_Days,Momentum_On_Entry,Perf_30d_On_Entry,Perf_10d_On_Entry,Note
ABL,1,2020-10-23,2020-10-27,4,Recovering,-0.7,0.34,
ABL,2,2021-01-13,2021-01-22,9,Cooling Down,6.04,4.03,
ABL,3,2021-02-03,2021-02-08,5,Rolling Over,2.9,-1.03,
ABL,4,2021-11-15,2021-11-25,10,Rolling Over,14.57,-1.38,
ABL,5,2021-11-26,2021-11-30,4,Stabilising,-1.22,-0.29,
ABL,6,2021-12-03,2021-12-06,3,Stabilising,-1.58,-0.96,
ABL,7,2021-12-20,2021-12-21,1,Falling,-0.13,-1.48,
ABL,8,2021-12-22,2022-02-10,50,Heating Up,0.23,0.26,
ABL,9,2022-02-15,2022-02-17,2,Rolling Over,8.44,-1.14,
ABL,10,2022-03-11,2022-03-15,4,Recovering,-2.36,0.46,
ABL,11,2022-03-31,2022-04-01,1,Recovering,-3.31,2.11,
ABL,12,2023-07-11,2023-08-08,28,Heating Up,3.45,8.98,
ABL,13,2023-08-09,2023-08-21,12,Rolling Over,9.16,-0.2,
ABL,14,2023-08-25,2023-08-28,3,Falling,-0.91,-1.08,
ABL,15,2023-09-06,2023-09-07,1,Recovering,-0.98,0.71,
ABL,16,2023-09-08,2023-09-26,18,Stabilising,-2.29,-1.03,
ABL,17,2023-10-02,2023-10-06,4,Recovering,-0.28,1.43,
ABL,18,2023-10-11,2023-10-18,7,Rolling Over,0.66,-0.72,
ABL,19,2023-10-19,2023-12-20,62,Cooling Down,3.6,1.84,
ABL,20,2023-12-28,2023-12-29,1,Rolling Over,11.89,-2.67,
ABL,21,2024-01-01,2024-01-03,2,Rolling Over,8.88,-2.53,
ABL,22,2024-01-05,2024-01-08,3,Cooling Down,2.43,2.29,
ABL,23,2024-01-09,2024-01-15,6,Cooling Down,3.23,2.45,
ABL,24,2024-01-17,2024-02-13,27,Recovering,-0.99,0.48,
ABL,25,2024-02-14,2024-02-19,5,Cooling Down,2.48,0.0,
ABL,26,2024-02-20,2024-02-28,8,Cooling Down,3.41,0.99,
ABL,27,2024-02-29,2024-03-04,4,Cooling Down,3.37,0.32,
ABL,28,2024-03-05,2024-03-06,1,Cooling Down,3.1,0.17,
ABL,29,2024-03-08,2024-03-15,7,Cooling Down,2.64,0.75,
ABL,30,2024-03-18,2024-03-19,1,Cooling Down,1.72,1.72,
ABL,31,2024-03-27,2024-03-28,1,Stabilising,-3.14,-0.11,
ABL,32,2024-04-03,2024-07-23,111,Cooling Down,0.57,0.5,
ABL,33,2024-07-24,2024-07-25,1,Rolling Over,18.98,-4.99,
ABL,34,2024-07-29,2024-07-30,1,Rolling Over,18.4,-6.93,
ABL,35,2024-07-31,2024-08-02,2,Rolling Over,17.91,-5.15,
ABL,36,2024-08-22,2024-08-29,7,Recovering,-7.05,2.12,
ABL,37,2024-10-08,2024-10-17,9,Recovering,-1.42,3.12,
ABL,38,2024-10-22,2024-10-28,6,Rolling Over,2.91,-0.53,
ABL,39,2024-10-29,2024-11-07,9,Cooling Down,5.54,0.49,
ABL,40,2024-11-22,2024-12-13,21,Cooling Down,6.66,3.51,
ABL,41,2024-12-30,2025-01-07,8,Cooling Down,22.84,6.87,
ABL,42,2025-01-08,2025-02-07,30,Cooling Down,8.41,2.97,
ABL,43,2025-02-10,2025-02-13,3,Rolling Over,7.98,-0.04,
ABL,44,2025-02-14,2025-02-17,3,Rolling Over,1.94,-0.7,
ABL,45,2025-02-20,2025-02-21,1,Rolling Over,1.73,-1.56,
ABL,46,2025-02-25,2025-02-28,3,Cooling Down,3.34,0.09,
ABL,47,2025-03-04,2025-03-05,1,Recovering,-1.42,2.27,
ABL,48,2025-03-07,2025-03-10,3,Recovering,-0.29,0.65,
ABL,49,2025-06-11,2025-06-23,12,Heating Up,8.99,10.66,
ABL,50,2025-06-24,2025-06-26,2,Rolling Over,9.8,-1.27,
ABL,51,2025-06-27,2025-07-28,31,Cooling Down,10.52,1.97,
ABL,52,2025-07-30,2025-08-21,22,Rolling Over,27.87,-11.11,
ABL,53,2025-08-22,2025-08-25,3,Cooling Down,10.09,0.09,
ABL,54,2025-10-02,2025-10-23,21,Heating Up,3.23,12.3,
ABL,55,2025-12-30,2026-02-02,34,Cooling Down,4.77,1.62,
ABL,56,2026-02-03,2026-02-09,6,Rolling Over,11.6,-2.99,
ABL,57,2026-04-22,2026-04-30,8,Rolling Over,11.33,-0.6,
ABL,58,2026-05-07,2026-05-11,4,Rolling Over,6.4,-0.91,
ABL,59,2026-05-21,Still in S2,8,Rolling Over,3.48,-1.53,
AKBL,1,2020-10-20,2020-10-29,9,Recovering,-2.46,3.43,
AKBL,2,2020-11-05,2020-11-06,1,Falling,-0.42,-1.61,
AKBL,3,2020-11-26,2021-02-09,75,Cooling Down,4.72,2.0,
AKBL,4,2021-02-15,2021-02-23,8,Cooling Down,5.72,0.94,
AKBL,5,2021-02-25,2021-03-02,5,Heating Up,3.4,3.89,
AKBL,6,2021-03-15,2021-03-18,3,Stabilising,-2.08,-1.07,
AKBL,7,2021-06-02,2021-07-05,33,Cooling Down,15.99,11.28,
AKBL,8,2021-07-23,2021-08-11,19,Recovering,-1.31,1.92,
AKBL,9,2021-09-17,2021-09-27,10,Heating Up,4.88,13.66,
AKBL,10,2021-09-28,2021-10-06,8,Cooling Down,7.73,1.36,
AKBL,11,2021-10-07,2021-10-08,1,Rolling Over,9.14,-2.45,
AKBL,12,2021-10-12,2021-10-13,1,Rolling Over,8.58,-0.13,
AKBL,13,2021-10-14,2021-10-26,12,Cooling Down,13.41,2.12,
AKBL,14,2021-10-29,2021-11-01,3,Rolling Over,2.98,-0.22,
AKBL,15,2021-11-02,2021-11-03,1,Rolling Over,2.67,-4.4,
AKBL,16,2021-11-04,2021-11-09,5,Rolling Over,0.92,-6.18,
AKBL,17,2021-11-17,2021-11-24,7,Cooling Down,2.26,0.57,
AKBL,18,2021-11-29,2021-12-02,3,Heating Up,2.22,3.12,
AKBL,19,2021-12-07,2021-12-08,1,Rolling Over,4.62,-1.83,
AKBL,20,2022-01-14,2022-02-07,24,Heating Up,3.52,6.72,
AKBL,21,2022-02-14,2022-02-15,1,Rolling Over,4.41,-1.65,
AKBL,22,2022-11-21,2022-12-15,24,Cooling Down,16.57,8.07,
AKBL,23,2023-01-09,2023-01-16,7,Recovering,-1.76,3.2,
AKBL,24,2023-02-02,2023-02-06,4,Heating Up,1.87,3.98,
AKBL,25,2023-02-07,2023-02-15,8,Heating Up,2.95,4.67,
AKBL,26,2023-10-30,2023-12-19,50,Cooling Down,18.21,3.38,← USER REF DATE FALLS IN THIS EPISODE
AKBL,27,2023-12-28,2024-01-08,11,Rolling Over,22.12,-4.91,
AKBL,28,2024-01-11,2024-01-15,4,Cooling Down,6.16,1.59,
AKBL,29,2024-01-16,2024-01-17,1,Rolling Over,9.02,-5.24,
AKBL,30,2024-01-18,2024-01-25,7,Rolling Over,6.77,-3.21,
AKBL,31,2024-01-31,2024-02-12,12,Cooling Down,4.62,2.48,
AKBL,32,2024-02-14,2024-02-16,2,Recovering,-1.81,7.17,
AKBL,33,2024-02-20,2024-02-21,1,Recovering,-1.65,0.97,
AKBL,34,2024-02-27,2024-02-28,1,Recovering,-0.92,1.16,
AKBL,35,2024-02-29,2024-03-01,1,Falling,-1.1,-2.42,
AKBL,36,2024-03-14,2024-03-15,1,Rolling Over,1.98,-1.24,
AKBL,37,2024-04-22,2024-04-30,8,Heating Up,9.07,22.99,
AKBL,38,2024-07-01,2024-08-05,35,Heating Up,1.6,11.87,
AKBL,39,2024-10-01,2024-11-01,31,Heating Up,2.55,12.67,
AKBL,40,2024-11-07,2024-12-19,42,Rolling Over,5.98,-3.95,
AKBL,41,2024-12-20,2024-12-24,4,Rolling Over,27.03,-7.45,
AKBL,42,2024-12-30,2025-01-15,16,Rolling Over,30.36,-0.13,
AKBL,43,2025-01-16,2025-01-22,6,Cooling Down,1.69,0.05,
AKBL,44,2025-01-24,2025-01-29,5,Falling,-0.17,-2.93,
AKBL,45,2025-01-30,2025-02-24,25,Cooling Down,8.56,1.59,
AKBL,46,2025-03-10,2025-03-14,4,Cooling Down,1.98,1.95,
AKBL,47,2025-05-13,2025-06-23,41,Heating Up,12.67,29.94,
AKBL,48,2025-06-24,2025-10-30,128,Cooling Down,30.73,0.2,
AKBL,49,2025-10-31,2025-11-17,17,Cooling Down,18.45,3.73,
AKBL,50,2025-11-27,2025-12-03,6,Rolling Over,3.57,-2.12,
AKBL,51,2025-12-17,2026-01-30,44,Recovering,-0.15,3.56,
AKBL,52,2026-02-03,2026-02-09,6,Rolling Over,21.48,-4.86,
AKBL,53,2026-04-24,2026-05-05,11,Cooling Down,17.52,2.48,
AKBL,54,2026-05-06,2026-05-12,6,Rolling Over,14.44,-2.15,
AKBL,55,2026-05-22,Still in S2,7,Rolling Over,4.26,-3.53,
BAFL,1,2021-10-22,2021-11-11,20,Heating Up,10.51,10.65,
BAFL,2,2021-11-19,2021-11-24,5,Cooling Down,10.13,0.83,
BAFL,3,2021-12-10,2021-12-13,3,Recovering,-3.11,1.91,
BAFL,4,2022-01-10,2022-02-14,35,Heating Up,1.45,3.87,
BAFL,5,2022-02-16,2022-02-24,8,Rolling Over,7.86,-2.0,
BAFL,6,2023-07-13,2023-08-21,39,Cooling Down,18.44,17.2,
BAFL,7,2023-08-22,2023-08-29,7,Rolling Over,19.87,-2.39,
BAFL,8,2023-09-08,2023-09-13,5,Rolling Over,3.32,-2.74,
BAFL,9,2023-09-14,2023-09-15,1,Recovering,-1.08,0.92,
BAFL,10,2023-10-13,2023-10-18,5,Recovering,-0.22,3.98,
BAFL,11,2023-10-20,2023-10-26,6,Heating Up,3.36,4.49,
BAFL,12,2023-10-31,2023-11-14,14,Stabilising,-1.11,-0.71,
BAFL,13,2023-11-22,2023-12-22,30,Rolling Over,3.27,-1.85,
BAFL,14,2023-12-28,2024-01-15,18,Rolling Over,22.42,-3.11,
BAFL,15,2024-01-16,2024-01-19,3,Cooling Down,5.77,0.31,
BAFL,16,2024-01-22,2024-01-29,7,Recovering,-7.16,0.24,
BAFL,17,2024-01-31,2024-02-12,12,Heating Up,2.39,2.71,
BAFL,18,2024-02-13,2024-02-22,9,Cooling Down,4.14,1.45,
BAFL,19,2024-02-23,2024-03-13,19,Cooling Down,5.5,1.53,
BAFL,20,2024-03-28,2024-03-29,1,Cooling Down,5.83,2.96,
BAFL,21,2024-04-03,2024-04-09,6,Cooling Down,6.28,1.26,
BAFL,22,2024-04-17,2024-06-03,47,Recovering,-3.28,2.88,
BAFL,23,2024-06-13,2024-07-19,36,Rolling Over,3.62,-1.88,
BAFL,24,2024-07-26,2024-07-29,3,Rolling Over,13.79,-1.21,
BAFL,25,2024-10-07,2024-10-31,24,Cooling Down,9.0,3.56,
BAFL,26,2024-11-01,2024-11-21,20,Rolling Over,5.7,-0.72,
BAFL,27,2024-11-22,2024-12-13,21,Heating Up,7.59,8.1,
BAFL,28,2024-12-17,2024-12-19,2,Rolling Over,19.13,-5.91,
BAFL,29,2024-12-20,2025-01-14,25,Rolling Over,17.86,-7.42,
BAFL,30,2025-01-15,2025-01-27,12,Falling,-1.46,-1.59,
BAFL,31,2025-06-10,2025-06-19,9,Heating Up,5.38,7.56,
BAFL,32,2025-06-24,2025-07-31,37,Rolling Over,15.65,-1.38,
BAFL,33,2025-08-06,2025-08-08,2,Rolling Over,13.28,-2.05,
BAFL,34,2025-08-11,2025-09-15,35,Cooling Down,11.28,0.1,
BAFL,35,2025-09-18,2025-09-22,4,Rolling Over,13.86,-2.31,
BAFL,36,2025-09-26,2025-10-13,17,Cooling Down,10.98,2.8,
BAFL,37,2025-10-14,2025-10-23,9,Cooling Down,4.2,2.52,
BAFL,38,2025-10-31,2025-11-03,3,Rolling Over,7.92,-0.79,
BAFL,39,2025-12-11,2025-12-15,4,Cooling Down,1.99,0.76,
BAFL,40,2025-12-16,2025-12-22,6,Stabilising,-0.16,-0.01,
BAFL,41,2025-12-23,2026-02-10,49,Cooling Down,3.4,0.38,
BAFL,42,2026-02-11,2026-02-12,1,Cooling Down,19.42,0.86,
BAFL,43,2026-02-18,2026-02-19,1,Rolling Over,9.15,-2.57,
BAFL,44,2026-02-25,2026-03-02,5,Rolling Over,6.24,-2.73,
BAFL,45,2026-04-16,2026-04-20,4,Heating Up,2.28,8.65,
BAHL,1,2020-10-28,2020-11-02,5,Heating Up,4.54,7.86,
BAHL,2,2020-11-03,2020-11-19,16,Heating Up,5.7,10.37,
BAHL,3,2020-11-26,2020-11-30,4,Rolling Over,8.03,-1.41,
BAHL,4,2020-12-02,2020-12-30,28,Cooling Down,11.75,0.95,
BAHL,5,2021-01-04,2021-01-28,24,Rolling Over,6.41,-1.83,
BAHL,6,2021-06-03,2021-06-22,19,Cooling Down,12.74,10.56,
BAHL,7,2021-07-27,2021-07-28,1,Recovering,-3.93,0.13,
BAHL,8,2021-07-29,2021-07-30,1,Recovering,-3.41,1.9,
BAHL,9,2021-08-02,2021-08-05,3,Recovering,-2.7,1.15,
BAHL,10,2021-10-15,2021-10-18,3,Cooling Down,3.98,1.76,
BAHL,11,2021-10-20,2021-11-09,20,Heating Up,1.56,2.29,
BAHL,12,2021-11-10,2021-11-11,1,Cooling Down,3.91,1.04,
BAHL,13,2021-11-15,2021-11-16,1,Cooling Down,2.44,0.04,
BAHL,14,2021-11-17,2021-12-02,15,Cooling Down,5.84,0.76,
BAHL,15,2022-01-26,2022-03-08,41,Cooling Down,3.99,2.51,
BAHL,16,2022-03-10,2022-03-11,1,Cooling Down,4.81,0.17,
BAHL,17,2022-03-16,2022-03-17,1,Cooling Down,0.56,0.0,
BAHL,18,2023-08-23,2023-08-30,7,Cooling Down,24.69,4.08,
BAHL,19,2023-10-26,2023-12-22,57,Cooling Down,41.7,25.55,
BAHL,20,2023-12-27,2024-01-19,23,Rolling Over,12.74,-8.89,
BAHL,21,2024-01-22,2024-02-13,22,Recovering,-2.55,2.78,
BAHL,22,2024-02-29,2024-03-07,7,Rolling Over,0.9,-1.36,
BAHL,23,2024-03-08,2024-03-12,4,Recovering,-5.82,6.6,
BAHL,24,2024-03-28,2024-06-05,69,Heating Up,1.15,3.84,
BAHL,25,2024-06-13,2024-07-22,39,Cooling Down,5.98,2.77,
BAHL,26,2024-07-24,2024-07-25,1,Rolling Over,15.1,-3.01,
BAHL,27,2024-10-09,2024-11-05,27,Cooling Down,12.44,10.54,
BAHL,28,2024-11-15,2024-11-18,3,Rolling Over,5.92,-1.83,
BAHL,29,2024-11-22,2024-12-13,21,Heating Up,6.99,9.92,
BAHL,30,2024-12-17,2024-12-18,1,Rolling Over,19.27,-5.9,
BAHL,31,2024-12-23,2024-12-26,3,Rolling Over,22.35,-2.93,
BAHL,32,2024-12-27,2025-01-09,13,Rolling Over,21.0,-2.86,
BAHL,33,2025-01-10,2025-01-29,19,Recovering,-0.89,5.86,
BAHL,34,2025-01-30,2025-02-13,14,Cooling Down,13.5,5.06,
BAHL,35,2025-02-18,2025-03-27,37,Rolling Over,2.31,-3.22,
BAHL,36,2025-04-04,2025-04-10,6,Cooling Down,5.42,0.33,
BAHL,37,2025-04-15,2025-04-16,1,Heating Up,0.13,0.4,
BAHL,38,2025-04-21,2025-04-24,3,Rolling Over,0.75,-0.49,
BAHL,39,2025-05-23,2025-07-21,59,Heating Up,0.03,6.1,
BAHL,40,2025-07-23,2025-07-28,5,Rolling Over,8.9,-1.37,
BAHL,41,2025-07-29,2025-08-28,30,Rolling Over,7.39,-4.17,
BAHL,42,2025-08-29,2025-09-04,6,Cooling Down,11.87,4.68,
BAHL,43,2025-09-05,2025-09-15,10,Rolling Over,14.3,-8.34,
BAHL,44,2025-09-18,2025-09-22,4,Cooling Down,10.12,2.48,
BAHL,45,2025-09-23,2025-10-13,20,Rolling Over,4.22,-0.05,
BAHL,46,2025-10-14,2025-10-23,9,Cooling Down,4.6,0.37,
BAHL,47,2026-01-05,2026-01-29,24,Cooling Down,9.2,6.16,
BAHL,48,2026-02-03,2026-02-06,3,Rolling Over,6.97,-0.24,
BIPL,1,2020-10-20,2020-10-22,2,Recovering,-11.85,4.0,
BIPL,2,2020-10-26,2020-10-27,1,Recovering,-8.65,2.71,
BIPL,3,2020-11-11,2020-11-17,6,Recovering,-2.36,7.83,
BIPL,4,2020-11-20,2020-11-23,3,Recovering,-1.37,4.15,
BIPL,5,2020-11-25,2021-02-03,70,Rolling Over,3.43,-4.66,
BIPL,6,2021-02-08,2021-02-12,4,Rolling Over,9.99,-0.94,
BIPL,7,2021-09-22,2021-11-16,55,Heating Up,25.4,28.71,
BIPL,8,2021-11-17,2021-11-26,9,Cooling Down,3.01,0.57,
BIPL,9,2021-12-15,2021-12-16,1,Stabilising,-3.37,-0.59,
BIPL,10,2021-12-17,2021-12-20,3,Recovering,-5.35,2.99,
BIPL,11,2021-12-21,2021-12-23,2,Stabilising,-4.93,-0.37,
BIPL,12,2022-02-04,2022-02-10,6,Heating Up,2.27,7.66,
BIPL,13,2022-04-19,2022-05-09,20,Cooling Down,16.01,5.74,
BIPL,14,2022-05-12,2022-05-13,1,Rolling Over,17.77,-1.92,
BIPL,15,2022-11-23,2022-12-20,27,Cooling Down,41.93,32.11,
BIPL,16,2022-12-22,2022-12-23,1,Rolling Over,22.95,-1.22,
BIPL,17,2022-12-27,2022-12-28,1,Rolling Over,18.15,-3.73,
BIPL,18,2023-01-13,2023-01-16,3,Recovering,-4.76,4.94,
BIPL,19,2023-05-10,2023-06-21,42,Cooling Down,52.7,40.74,
BIPL,20,2023-06-26,2023-07-17,21,Rolling Over,7.2,-2.65,
BIPL,21,2023-07-18,2023-08-01,14,Rolling Over,18.65,-5.53,
BIPL,22,2023-08-15,2023-08-17,2,Rolling Over,3.32,-1.08,
BIPL,23,2023-10-03,2023-11-27,55,Heating Up,12.94,25.76,
BIPL,24,2023-12-06,2023-12-19,13,Rolling Over,9.64,-1.68,
BIPL,25,2023-12-28,2024-02-12,46,Rolling Over,2.34,-0.14,
BIPL,26,2024-02-15,2024-02-16,1,Cooling Down,13.12,0.12,
BIPL,27,2024-02-19,2024-02-28,9,Cooling Down,14.56,1.19,
BIPL,28,2024-04-19,2024-04-25,6,Heating Up,2.78,14.65,
BIPL,29,2024-07-05,2024-07-19,14,Cooling Down,9.45,8.77,
BIPL,30,2024-08-27,2024-09-05,9,Recovering,-3.18,10.1,
BIPL,31,2024-10-21,2024-10-25,4,Heating Up,9.26,15.47,
BIPL,32,2024-11-12,2024-11-20,8,Cooling Down,9.07,4.41,
BIPL,33,2024-11-21,2024-11-26,5,Recovering,-4.19,0.91,
BIPL,34,2024-11-28,2024-12-16,18,Recovering,-1.37,0.86,
BIPL,35,2024-12-30,2025-01-07,8,Rolling Over,3.58,-3.01,
BIPL,36,2025-01-14,2025-01-22,8,Cooling Down,1.35,1.18,
BIPL,37,2025-01-24,2025-01-27,3,Recovering,-4.25,2.59,
BIPL,38,2025-01-30,2025-02-27,28,Rolling Over,2.6,-0.65,
BIPL,39,2025-06-17,2025-08-01,45,Cooling Down,48.99,43.6,
BIPL,40,2025-08-04,2025-08-05,1,Rolling Over,23.7,-1.51,
BIPL,41,2025-08-06,2025-08-07,1,Cooling Down,9.85,0.62,
BIPL,42,2025-08-11,2025-08-25,14,Recovering,-4.16,1.06,
BIPL,43,2025-08-27,2025-08-29,2,Rolling Over,1.04,-4.31,
BIPL,44,2025-09-05,2025-09-15,10,Cooling Down,9.4,1.7,
BIPL,45,2025-09-16,2025-09-17,1,Cooling Down,7.03,5.01,
BIPL,46,2025-09-18,2025-09-23,5,Cooling Down,6.43,3.71,
BIPL,47,2025-09-26,2025-10-13,17,Recovering,-5.51,0.75,
BIPL,48,2025-10-14,2025-10-23,9,Rolling Over,14.17,-0.4,
BIPL,49,2026-01-07,2026-01-12,5,Cooling Down,11.1,3.57,
BIPL,50,2026-01-14,2026-01-19,5,Cooling Down,4.39,1.61,
BOK,1,2020-12-22,2021-01-07,16,Recovering,-2.29,3.57,
BOK,2,2021-01-08,2021-01-22,14,Cooling Down,12.02,7.14,
BOK,3,2021-01-25,2021-02-09,15,Cooling Down,7.14,0.0,
BOK,4,2021-02-10,2021-02-25,15,Cooling Down,3.52,0.07,
BOK,5,2021-02-26,2021-03-19,21,Cooling Down,3.33,3.33,
BOK,6,2021-04-15,2021-04-22,7,Cooling Down,8.39,1.33,
BOK,7,2021-04-23,2021-04-27,4,Recovering,-8.42,2.71,
BOK,8,2021-05-17,2021-05-24,7,Falling,-0.29,-0.41,
BOK,9,2021-05-25,2021-05-27,2,Cooling Down,2.23,2.11,
BOK,10,2021-05-28,2021-06-04,7,Heating Up,1.8,2.97,
BOK,11,2021-06-07,2021-06-09,2,Cooling Down,2.42,2.42,
BOK,12,2021-06-14,2021-06-15,1,Cooling Down,3.03,0.06,
BOK,13,2021-06-23,2021-06-25,2,Cooling Down,1.32,0.12,
BOK,14,2021-12-24,2021-12-29,5,Recovering,-1.9,3.2,
BOK,15,2022-01-04,2022-01-05,1,Heating Up,6.6,7.6,
BOK,16,2022-01-07,2022-01-10,3,Rolling Over,7.63,-4.07,
BOK,17,2022-01-17,2022-01-18,1,Cooling Down,2.27,1.94,
BOK,18,2022-01-19,2022-01-25,6,Stabilising,-3.19,-0.06,
BOK,19,2022-01-27,2022-02-01,5,Cooling Down,5.27,1.87,
BOK,20,2022-02-04,2022-02-10,6,Cooling Down,1.03,1.03,
BOK,21,2022-02-11,2022-02-17,6,Recovering,-2.67,3.71,
BOK,22,2022-02-28,2022-03-02,2,Rolling Over,1.29,-1.51,
BOK,23,2022-03-03,2022-03-04,1,Cooling Down,6.08,0.64,
BOK,24,2022-03-07,2022-03-10,3,Heating Up,0.71,4.69,
BOK,25,2024-03-20,2024-03-21,1,Heating Up,23.85,34.03,
BOK,26,2024-08-02,2024-08-06,4,Rolling Over,13.55,-0.55,
BOK,27,2024-08-07,2024-08-09,2,Cooling Down,14.35,0.24,
BOK,28,2024-08-15,2024-08-20,5,Cooling Down,7.0,3.85,
BOK,29,2024-08-21,2024-08-22,1,Cooling Down,11.89,6.0,
BOK,30,2024-08-26,2024-08-27,1,Recovering,-1.95,0.72,
BOK,31,2024-09-02,2024-09-03,1,Stabilising,-2.83,-1.12,
BOK,32,2024-09-12,2024-09-13,1,Cooling Down,2.86,2.53,
BOK,33,2024-10-11,2024-10-15,4,Cooling Down,7.25,4.29,
BOK,34,2024-11-11,2024-11-20,9,Cooling Down,11.79,9.16,
BOK,35,2024-11-21,2024-12-16,25,Heating Up,3.59,4.17,
BOK,36,2024-12-24,2025-01-07,14,Rolling Over,13.46,-2.68,
BOK,37,2025-01-10,2025-01-13,3,Cooling Down,7.7,1.62,
BOK,38,2025-01-30,2025-02-03,4,Recovering,-0.14,0.94,
BOK,39,2025-02-12,2025-02-28,16,Recovering,-3.86,4.64,
BOK,40,2025-03-07,2025-03-24,17,Rolling Over,2.52,-6.86,
BOK,41,2025-03-25,2025-03-26,1,Cooling Down,10.79,1.93,
BOK,42,2025-05-19,2025-07-29,71,Heating Up,1.02,6.13,
BOK,43,2025-07-31,2025-08-01,1,Rolling Over,8.59,-0.95,
BOK,44,2025-08-04,2025-08-06,2,Rolling Over,8.21,-1.55,
BOK,45,2025-08-07,2025-08-11,4,Cooling Down,8.68,0.44,
BOK,46,2025-08-12,2025-08-15,3,Recovering,-1.61,5.34,
BOK,47,2025-08-19,2025-08-21,2,Heating Up,1.56,2.64,
BOK,48,2025-08-25,2025-10-13,49,Heating Up,8.33,8.51,
BOK,49,2025-10-14,2025-10-28,14,Cooling Down,31.19,0.46,
BOK,50,2025-11-13,2025-11-18,5,Recovering,-3.91,1.82,
BOK,51,2025-11-19,2025-11-20,1,Recovering,-5.25,1.19,
BOK,52,2025-12-12,2025-12-15,3,Recovering,-2.29,1.14,
BOK,53,2025-12-16,2025-12-22,6,Recovering,-1.29,1.45,
BOK,54,2025-12-23,2025-12-24,1,Recovering,-1.15,1.42,
BOK,55,2025-12-26,2026-02-12,48,Recovering,-0.88,4.76,
BOK,56,2026-04-23,2026-04-27,4,Heating Up,1.17,3.69,
BOP,1,2023-11-27,2023-12-26,29,Cooling Down,25.69,13.0,"← close to user ref (2023-11-23, Δ+4d)"
BOP,2,2023-12-27,2024-01-15,19,Cooling Down,42.12,4.3,
BOP,3,2024-01-23,2024-01-24,1,Rolling Over,14.39,-1.38,
BOP,4,2024-02-06,2024-02-09,3,Recovering,-4.22,1.44,
BOP,5,2024-02-14,2024-02-15,1,Recovering,-8.21,5.64,
BOP,6,2024-02-20,2024-02-22,2,Recovering,-9.39,0.8,
BOP,7,2024-02-23,2024-03-05,11,Recovering,-4.15,3.31,
BOP,8,2024-03-11,2024-03-12,1,Stabilising,-1.27,-0.48,
BOP,9,2024-03-15,2024-03-19,4,Rolling Over,0.32,-1.58,
BOP,10,2024-10-21,2025-01-17,88,Cooling Down,6.08,4.04,
BOP,11,2025-01-24,2025-01-27,3,Recovering,-1.26,1.19,
BOP,12,2025-01-31,2025-02-06,6,Cooling Down,8.48,0.2,
BOP,13,2025-02-10,2025-03-17,35,Cooling Down,8.44,0.69,
BOP,14,2025-04-14,2025-04-15,1,Recovering,-9.77,2.43,
BOP,15,2025-07-02,2025-10-30,120,Cooling Down,15.75,13.03,
BOP,16,2025-10-31,2025-11-05,5,Rolling Over,32.41,-2.96,
BOP,17,2025-11-07,2025-11-11,4,Rolling Over,30.31,-5.54,
BOP,18,2025-11-12,2025-11-17,5,Rolling Over,18.02,-5.15,
BOP,19,2025-12-01,2025-12-05,4,Stabilising,-12.66,-1.09,
BOP,20,2025-12-08,2026-01-29,52,Recovering,-7.47,2.9,
BOP,21,2026-02-04,2026-02-06,2,Rolling Over,7.97,-1.99,
BOP,22,2026-04-22,2026-05-14,22,Cooling Down,41.18,29.57,
BOP,23,2026-05-21,2026-05-22,1,Rolling Over,35.38,-6.6,
BOP,24,2026-05-25,Still in S2,4,Rolling Over,23.06,-2.81,
FABL,1,2020-10-21,2020-10-22,1,Recovering,-3.37,0.76,
FABL,2,2020-12-02,2020-12-22,20,Heating Up,0.94,4.29,
FABL,3,2020-12-23,2021-02-09,48,Cooling Down,2.99,0.23,
FABL,4,2021-07-14,2021-08-12,29,Heating Up,4.93,7.96,
FABL,5,2021-08-23,2021-08-25,2,Cooling Down,8.38,0.05,
FABL,6,2021-08-26,2021-11-09,75,Rolling Over,11.35,-0.36,
FABL,7,2022-01-13,2022-02-09,27,Cooling Down,15.57,14.91,
FABL,8,2022-02-11,2022-02-17,6,Rolling Over,15.22,-0.23,
FABL,9,2022-04-01,2022-04-04,3,Heating Up,1.13,3.75,
FABL,10,2022-04-05,2022-04-15,10,Recovering,-0.11,5.68,
FABL,11,2022-07-29,2022-08-18,20,Cooling Down,25.75,7.51,
FABL,12,2022-08-24,2022-08-29,5,Rolling Over,4.44,-0.91,
FABL,13,2022-08-31,2022-09-21,21,Cooling Down,10.25,5.58,
FABL,14,2022-09-27,2022-09-29,2,Rolling Over,5.35,-2.31,
FABL,15,2022-10-05,2022-10-12,7,Cooling Down,6.04,1.72,
FABL,16,2022-10-19,2022-10-25,6,Recovering,-1.36,0.26,
FABL,17,2022-10-27,2022-11-08,12,Heating Up,0.76,6.5,
FABL,18,2022-11-10,2022-11-11,1,Heating Up,9.49,12.89,
FABL,19,2022-11-18,2022-11-28,10,Rolling Over,8.15,-6.47,
FABL,20,2023-08-10,2023-08-21,11,Cooling Down,27.25,0.39,
FABL,21,2023-08-22,2023-08-24,2,Rolling Over,13.21,-1.09,
FABL,22,2023-10-24,2023-10-27,3,Cooling Down,17.52,2.69,
FABL,23,2023-10-30,2023-12-26,57,Rolling Over,13.14,-0.86,
FABL,24,2023-12-27,2024-01-17,21,Rolling Over,22.91,-4.57,
FABL,25,2024-01-23,2024-01-29,6,Cooling Down,2.8,1.4,
FABL,26,2024-02-01,2024-02-07,6,Cooling Down,4.79,2.92,
FABL,27,2024-02-19,2024-02-20,1,Stabilising,-4.74,-2.65,
FABL,28,2024-02-22,2024-02-27,5,Stabilising,-2.94,-0.47,
FABL,29,2024-03-28,2024-05-02,35,Heating Up,8.94,15.93,
FABL,30,2024-05-13,2024-07-19,67,Rolling Over,24.97,-2.91,
FABL,31,2024-07-24,2024-07-30,6,Rolling Over,18.09,-8.1,
FABL,32,2024-08-21,2024-08-22,1,Recovering,-13.36,1.64,
FABL,33,2024-08-28,2024-09-06,9,Recovering,-8.73,3.15,
FABL,34,2024-10-14,2024-11-01,18,Heating Up,1.59,10.22,
FABL,35,2024-11-22,2024-11-26,4,Heating Up,4.2,8.74,
FABL,36,2025-01-15,2025-01-28,13,Cooling Down,6.36,3.18,
FABL,37,2025-01-30,2025-02-06,7,Cooling Down,4.35,0.28,
FABL,38,2025-02-10,2025-02-12,2,Rolling Over,4.19,-1.02,
FABL,39,2025-02-20,2025-03-07,15,Cooling Down,11.08,7.57,
FABL,40,2025-03-10,2025-03-17,7,Rolling Over,2.68,-1.31,
FABL,41,2025-06-03,2025-07-28,55,Cooling Down,13.2,11.51,
FABL,42,2025-07-30,2025-07-31,1,Rolling Over,30.47,-4.72,
FABL,43,2025-08-01,2025-08-04,3,Rolling Over,30.45,-4.91,
FABL,44,2025-08-06,2025-08-07,1,Rolling Over,21.02,-4.22,
FABL,45,2025-08-11,2025-08-27,16,Cooling Down,11.4,1.94,
FABL,46,2025-09-01,2025-09-05,4,Stabilising,-2.05,-1.62,
FABL,47,2025-09-26,2025-10-13,17,Heating Up,3.67,8.83,
FABL,48,2025-10-14,2025-10-23,9,Rolling Over,14.45,-1.26,
FABL,49,2025-11-03,2025-11-04,1,Rolling Over,18.6,-4.81,
FABL,50,2025-11-14,2025-11-17,3,Stabilising,-7.2,-0.6,
FABL,51,2025-11-28,2026-01-26,59,Stabilising,-7.39,-2.63,
FABL,52,2026-01-27,2026-01-29,2,Rolling Over,9.61,-2.14,
FABL,53,2026-02-03,2026-02-06,3,Rolling Over,9.4,-1.8,
FABL,54,2026-02-11,2026-02-16,5,Cooling Down,4.76,0.21,
FABL,55,2026-02-18,2026-02-19,1,Stabilising,-6.05,-0.53,
FABL,56,2026-04-17,2026-04-24,7,Heating Up,10.73,18.6,
FABL,57,2026-05-07,2026-05-13,6,Rolling Over,6.8,-2.66,
HBL,1,2020-10-20,2020-10-27,7,Heating Up,6.73,8.24,
HBL,2,2020-11-11,2020-11-12,1,Rolling Over,1.92,-1.78,
HBL,3,2020-12-10,2020-12-29,19,Recovering,-0.88,1.93,
HBL,4,2021-01-01,2021-02-02,32,Rolling Over,1.31,-2.05,
HBL,5,2021-06-15,2021-06-18,3,Rolling Over,7.54,-1.46,
HBL,6,2021-07-28,2021-07-30,2,Recovering,-3.18,1.65,
HBL,7,2021-08-05,2021-08-09,4,Recovering,-0.74,0.05,
HBL,8,2021-08-11,2021-08-26,15,Rolling Over,1.07,-1.5,
HBL,9,2023-07-31,2023-08-29,29,Cooling Down,43.75,24.04,"← close to user ref (2023-07-25, Δ+6d)"
HBL,10,2023-08-30,2023-08-31,1,Rolling Over,24.82,-3.37,
HBL,11,2023-09-05,2023-09-08,3,Rolling Over,23.53,-0.92,
HBL,12,2023-10-04,2023-10-09,5,Stabilising,-3.48,-0.93,
HBL,13,2023-10-11,2023-10-26,15,Recovering,-2.91,2.45,
HBL,14,2023-11-08,2023-12-22,44,Rolling Over,3.88,-1.42,
HBL,15,2024-01-01,2024-01-10,9,Rolling Over,19.31,-7.26,
HBL,16,2024-01-11,2024-01-17,6,Heating Up,5.61,5.63,
HBL,17,2024-01-23,2024-01-24,1,Recovering,-6.83,0.37,
HBL,18,2024-01-25,2024-01-26,1,Stabilising,-5.74,-1.35,
HBL,19,2024-02-23,2024-03-12,18,Recovering,-1.1,2.75,
HBL,20,2024-04-22,2024-05-02,10,Recovering,-1.01,9.49,
HBL,21,2024-05-08,2024-05-10,2,Rolling Over,5.13,-1.88,
HBL,22,2024-05-13,2024-05-20,7,Rolling Over,8.93,-3.78,
HBL,23,2024-05-24,2024-05-29,5,Cooling Down,3.62,1.18,
HBL,24,2024-06-21,2024-07-29,38,Heating Up,12.19,12.21,
HBL,25,2024-08-02,2024-08-05,3,Rolling Over,20.92,-4.11,
HBL,26,2024-08-08,2024-08-21,13,Rolling Over,7.84,-2.53,
HBL,27,2024-10-08,2024-10-31,23,Heating Up,6.73,7.26,
HBL,28,2024-11-15,2024-12-16,31,Rolling Over,3.42,-0.04,
HBL,29,2024-12-17,2024-12-19,2,Rolling Over,25.38,-8.24,
HBL,30,2024-12-30,2025-02-03,35,Cooling Down,28.11,5.84,
HBL,31,2025-05-29,2025-08-28,91,Rolling Over,0.87,-1.45,
HBL,32,2025-08-29,2025-09-12,14,Rolling Over,14.66,-6.54,
HBL,33,2025-09-18,2025-09-19,1,Recovering,-0.94,0.37,
HBL,34,2025-09-25,2025-10-28,33,Stabilising,-6.26,-0.32,
HBL,35,2025-10-31,2025-11-03,3,Cooling Down,19.45,0.74,
HBL,36,2025-11-21,2026-01-23,63,Recovering,-3.24,1.1,
HBL,37,2026-02-04,2026-02-06,2,Rolling Over,7.83,-1.51,
HBL,38,2026-02-18,2026-02-19,1,Stabilising,-8.75,-3.26,
HBL,39,2026-04-27,2026-04-29,2,Cooling Down,8.27,2.77,
HMB,1,2020-11-04,2020-12-29,55,Heating Up,0.06,8.23,
HMB,2,2020-12-30,2021-01-27,28,Rolling Over,5.76,-0.84,
HMB,3,2021-04-26,2021-06-28,63,Heating Up,11.08,16.18,
HMB,4,2021-07-01,2021-07-02,1,Rolling Over,4.3,-0.58,
HMB,5,2021-07-05,2021-07-06,1,Rolling Over,3.12,-0.44,
HMB,6,2021-07-08,2021-07-09,1,Stabilising,-0.97,-0.53,
HMB,7,2021-07-29,2021-08-03,5,Stabilising,-3.3,-0.62,
HMB,8,2021-08-04,2021-09-20,47,Recovering,-0.53,3.14,
HMB,9,2021-09-21,2021-09-22,1,Cooling Down,8.91,0.09,
HMB,10,2021-09-23,2021-09-28,5,Rolling Over,7.15,-1.25,
HMB,11,2021-10-01,2021-10-04,3,Rolling Over,3.41,-0.75,
HMB,12,2021-10-05,2021-10-08,3,Rolling Over,0.34,-2.17,
HMB,13,2021-10-14,2021-10-15,1,Heating Up,1.13,1.15,
HMB,14,2021-10-20,2021-11-24,35,Recovering,-0.36,1.76,
HMB,15,2022-01-21,2022-02-16,26,Cooling Down,4.19,2.83,
HMB,16,2022-02-23,2022-02-24,1,Rolling Over,1.25,-2.17,
HMB,17,2022-02-25,2022-03-02,5,Cooling Down,2.22,0.22,
HMB,18,2022-03-10,2022-03-14,4,Cooling Down,0.0,0.0,
HMB,19,2022-03-16,2022-03-17,1,Recovering,-0.02,1.51,
HMB,20,2022-04-08,2022-04-22,14,Heating Up,3.33,9.13,
HMB,21,2022-04-27,2022-05-09,12,Rolling Over,7.49,-0.42,
HMB,22,2023-08-18,2023-09-04,17,Cooling Down,22.05,0.25,
HMB,23,2023-10-04,2023-12-18,75,Heating Up,2.04,2.07,
HMB,24,2023-12-28,2024-01-17,20,Rolling Over,16.37,-6.29,
HMB,25,2024-01-18,2024-02-14,27,Cooling Down,1.69,0.02,
HMB,26,2024-02-15,2024-02-16,1,Rolling Over,5.75,-0.44,
HMB,27,2024-02-27,2024-03-13,15,Rolling Over,4.07,-1.22,
HMB,28,2024-03-18,2024-03-19,1,Stabilising,-1.49,-0.19,
HMB,29,2024-04-04,2024-04-24,20,Heating Up,2.05,6.98,
HMB,30,2024-04-25,2024-05-03,8,Heating Up,1.54,3.61,
HMB,31,2024-05-06,2024-05-07,1,Rolling Over,2.75,-1.08,
HMB,32,2024-05-13,2024-06-05,23,Rolling Over,9.41,-0.78,
HMB,33,2024-06-13,2024-07-22,39,Cooling Down,5.21,2.27,
HMB,34,2024-07-23,2024-07-25,2,Rolling Over,14.8,-5.3,
HMB,35,2024-08-20,2024-08-27,7,Recovering,-2.16,3.98,
HMB,36,2024-10-07,2024-11-13,37,Heating Up,0.27,3.61,
HMB,37,2024-11-14,2024-12-16,32,Rolling Over,7.37,-0.26,
HMB,38,2024-12-17,2024-12-18,1,Rolling Over,19.46,-4.15,
HMB,39,2024-12-23,2024-12-24,1,Rolling Over,14.92,-6.03,
HMB,40,2024-12-30,2025-01-28,29,Cooling Down,17.44,1.78,
HMB,41,2025-01-30,2025-02-06,7,Rolling Over,15.0,-1.7,
HMB,42,2025-02-19,2025-02-21,2,Stabilising,-3.55,-1.4,
HMB,43,2025-02-24,2025-03-05,9,Recovering,-1.1,1.1,
HMB,44,2025-03-07,2025-03-10,3,Recovering,-0.93,1.75,
HMB,45,2025-06-03,2025-06-23,20,Heating Up,7.91,8.35,
HMB,46,2025-06-24,2025-06-26,2,Rolling Over,21.84,-0.39,
HMB,47,2025-06-27,2025-08-01,35,Rolling Over,10.51,-0.12,
HMB,48,2025-08-06,2025-08-29,23,Rolling Over,14.56,-1.7,
HMB,49,2025-09-01,2025-09-11,10,Cooling Down,3.84,1.3,
HMB,50,2025-09-29,2025-10-13,14,Falling,-0.28,-0.31,
HMB,51,2025-10-16,2025-10-23,7,Rolling Over,3.81,-1.01,
HMB,52,2025-10-24,2025-10-31,7,Cooling Down,4.02,2.37,
HMB,53,2026-01-07,2026-02-24,48,Heating Up,5.94,7.55,
HMB,54,2026-02-26,2026-03-02,4,Cooling Down,5.0,1.34,
HMB,55,2026-04-17,2026-04-30,13,Heating Up,9.56,11.64,
HMB,56,2026-05-07,2026-05-14,7,Rolling Over,10.77,-3.5,
HMB,57,2026-05-15,2026-05-18,3,Rolling Over,4.69,-0.4,
HMB,58,2026-05-25,Still in S2,4,Cooling Down,0.42,0.11,
JSBL,1,2020-10-27,2020-10-28,1,Recovering,-4.79,4.0,
JSBL,2,2020-11-03,2020-11-04,1,Recovering,-2.04,2.13,
JSBL,3,2021-01-08,2021-02-01,24,Cooling Down,9.47,5.44,
JSBL,4,2021-02-02,2021-02-03,1,Rolling Over,14.94,-2.1,
JSBL,5,2021-02-10,2021-02-11,1,Rolling Over,9.7,-4.96,
JSBL,6,2022-12-06,2022-12-07,1,Rolling Over,17.69,-2.13,
JSBL,7,2022-12-09,2022-12-12,3,Rolling Over,27.42,-6.31,
JSBL,8,2022-12-14,2022-12-19,5,Cooling Down,16.58,0.44,
JSBL,9,2022-12-30,2023-01-03,4,Heating Up,1.52,2.85,
JSBL,10,2023-01-04,2023-01-16,12,Recovering,-5.32,6.46,
JSBL,11,2023-01-18,2023-01-20,2,Heating Up,6.89,8.09,
JSBL,12,2023-01-26,2023-01-27,1,Cooling Down,3.98,0.0,
JSBL,13,2023-01-30,2023-02-02,3,Cooling Down,5.23,3.35,
JSBL,14,2023-02-22,2023-02-23,1,Recovering,-3.2,4.37,
JSBL,15,2023-05-08,2023-05-09,1,Heating Up,9.88,11.19,
JSBL,16,2023-05-11,2023-05-17,6,Cooling Down,13.83,7.08,
JSBL,17,2023-05-19,2023-05-22,3,Rolling Over,8.98,-3.85,
JSBL,18,2023-05-23,2023-05-24,1,Cooling Down,12.75,2.5,
JSBL,19,2023-05-25,2023-05-29,4,Rolling Over,9.49,-4.05,
JSBL,20,2023-06-02,2023-06-13,11,Cooling Down,9.88,1.56,
JSBL,21,2023-06-14,2023-06-16,2,Recovering,-2.97,7.76,
JSBL,22,2023-06-19,2023-06-21,2,Recovering,-3.64,0.0,
JSBL,23,2023-06-22,2023-08-31,70,Stabilising,-4.05,-2.17,
JSBL,24,2023-09-06,2023-09-07,1,Rolling Over,10.15,-2.87,
JSBL,25,2023-09-08,2023-09-19,11,Rolling Over,8.05,-6.94,
JSBL,26,2023-09-22,2023-09-27,5,Rolling Over,3.41,-0.17,
JSBL,27,2023-10-05,2023-12-26,82,Recovering,-2.36,4.71,
JSBL,28,2024-01-01,2024-01-30,29,Rolling Over,10.59,-5.85,
JSBL,29,2024-01-31,2024-02-07,7,Cooling Down,7.6,1.52,
JSBL,30,2024-04-08,2024-04-19,11,Heating Up,3.24,3.47,
JSBL,31,2024-04-22,2024-04-25,3,Cooling Down,7.57,1.87,
JSBL,32,2024-04-26,2024-05-03,7,Cooling Down,8.37,5.04,
JSBL,33,2024-05-07,2024-05-08,1,Cooling Down,1.09,0.54,
JSBL,34,2024-05-23,2024-05-27,4,Cooling Down,1.31,0.43,
JSBL,35,2024-05-29,2024-06-03,5,Heating Up,0.98,1.08,
JSBL,36,2024-06-21,2024-06-24,3,Heating Up,2.09,3.22,
JSBL,37,2024-06-25,2024-07-19,24,Heating Up,0.87,1.43,
JSBL,38,2024-08-02,2024-08-05,3,Rolling Over,13.3,-0.29,
JSBL,39,2024-08-09,2024-08-12,3,Cooling Down,7.59,5.04,
JSBL,40,2024-08-26,2024-08-27,1,Stabilising,-11.29,-2.25,
JSBL,41,2024-12-04,2024-12-13,9,Cooling Down,6.8,2.89,
JSBL,42,2025-01-02,2025-01-06,4,Heating Up,6.55,6.67,
JSBL,43,2025-01-07,2025-01-29,22,Heating Up,4.67,5.73,
JSBL,44,2025-01-30,2025-01-31,1,Rolling Over,19.22,-3.59,
JSBL,45,2025-06-19,2025-07-29,40,Cooling Down,21.69,12.2,
JSBL,46,2025-07-30,2025-08-22,23,Rolling Over,40.23,-1.78,
JSBL,47,2025-09-05,2025-10-24,49,Recovering,-0.93,5.95,
MCB,1,2020-12-17,2021-01-29,43,Cooling Down,7.79,1.61,
MCB,2,2021-02-02,2021-02-04,2,Rolling Over,5.2,-0.87,
MCB,3,2023-07-20,2023-08-10,21,Cooling Down,17.1,11.48,"← close to user ref (2023-07-12, Δ+8d)"
MCB,4,2023-08-11,2023-08-17,6,Rolling Over,26.74,-0.8,
MCB,5,2023-10-06,2023-11-03,28,Recovering,-2.39,5.62,
MCB,6,2023-11-10,2023-12-19,39,Rolling Over,14.14,-0.73,
MCB,7,2023-12-28,2023-12-29,1,Rolling Over,16.28,-4.95,
MCB,8,2024-01-01,2024-01-29,28,Rolling Over,19.46,-5.17,
MCB,9,2024-01-30,2024-03-14,44,Recovering,-3.82,1.83,
MCB,10,2024-03-20,2024-04-30,41,Rolling Over,4.19,-5.11,
MCB,11,2024-05-14,2024-05-22,8,Rolling Over,7.73,-1.09,
MCB,12,2024-05-24,2024-05-27,3,Recovering,-2.58,3.65,
MCB,13,2024-05-31,2024-06-03,3,Rolling Over,0.37,-4.16,
MCB,14,2024-06-13,2024-07-09,26,Heating Up,3.13,6.08,
MCB,15,2024-07-15,2024-07-22,7,Rolling Over,12.17,-0.01,
MCB,16,2024-07-23,2024-07-25,2,Rolling Over,11.08,-0.56,
MCB,17,2024-07-29,2024-08-02,4,Cooling Down,14.0,3.79,
MCB,18,2024-08-09,2024-08-16,7,Recovering,-5.77,0.67,
MCB,19,2024-09-20,2024-10-23,33,Heating Up,7.03,9.05,
MCB,20,2024-10-24,2024-10-31,7,Rolling Over,14.19,-2.85,
MCB,21,2024-11-14,2024-11-18,4,Cooling Down,2.5,1.38,
MCB,22,2024-11-19,2024-11-20,1,Recovering,-0.29,0.94,
MCB,23,2024-11-22,2024-12-10,18,Heating Up,1.9,7.08,
MCB,24,2024-12-17,2024-12-19,2,Rolling Over,10.11,-2.67,
MCB,25,2024-12-20,2024-12-24,4,Rolling Over,9.12,-6.88,
MCB,26,2024-12-26,2025-01-29,34,Cooling Down,10.51,1.42,
MCB,27,2025-01-31,2025-02-04,4,Rolling Over,10.33,-0.15,
MCB,28,2025-02-24,2025-03-14,18,Heating Up,0.12,2.98,
MCB,29,2025-04-04,2025-04-08,4,Cooling Down,5.39,2.61,
MCB,30,2025-04-23,2025-04-24,1,Recovering,-0.6,2.35,
MCB,31,2025-04-25,2025-04-30,5,Recovering,-1.75,4.17,
MCB,32,2025-05-16,2025-05-21,5,Heating Up,1.34,3.76,
MCB,33,2025-06-12,2025-06-18,6,Recovering,-0.25,3.34,
MCB,34,2025-06-25,2025-08-18,54,Rolling Over,4.58,-0.1,
MCB,35,2025-08-19,2025-08-26,7,Cooling Down,5.56,1.68,
MCB,36,2025-08-27,2025-08-28,1,Rolling Over,0.29,-3.77,
MCB,37,2025-08-29,2025-09-11,13,Rolling Over,2.59,-2.06,
MCB,38,2025-09-18,2025-09-22,4,Stabilising,-1.34,-0.22,
MCB,39,2025-09-26,2025-10-13,17,Recovering,-1.95,0.66,
MCB,40,2025-10-14,2025-10-29,15,Cooling Down,3.38,2.83,
MCB,41,2025-12-04,2026-01-29,56,Recovering,-5.57,3.49,
MCB,42,2026-02-03,2026-02-06,3,Rolling Over,13.54,-2.12,
MCB,43,2026-02-09,2026-02-10,1,Rolling Over,11.32,-1.52,
MCB,44,2026-02-11,2026-02-12,1,Cooling Down,11.4,1.39,
MCB,45,2026-02-18,2026-02-19,1,Recovering,-4.04,0.25,
MCB,46,2026-04-14,2026-04-29,15,Heating Up,2.11,10.48,
MCB,47,2026-05-05,2026-05-12,7,Rolling Over,7.82,-3.89,
MCB,48,2026-05-18,Still in S2,11,Cooling Down,8.36,1.7,
MEBL,1,2020-10-20,2020-11-23,34,Recovering,-2.83,17.2,
MEBL,2,2020-11-25,2021-02-02,69,Cooling Down,14.97,1.35,
MEBL,3,2021-02-03,2021-02-11,8,Rolling Over,6.75,-0.73,
MEBL,4,2021-02-26,2021-03-11,13,Stabilising,-3.71,-1.11,
MEBL,5,2021-03-12,2021-03-25,13,Heating Up,0.51,2.41,
MEBL,6,2021-03-26,2021-03-29,3,Heating Up,2.53,3.41,
MEBL,7,2021-03-30,2021-04-01,2,Rolling Over,1.99,-0.56,
MEBL,8,2021-04-26,2021-04-29,3,Recovering,-1.0,1.33,
MEBL,9,2021-05-27,2021-06-28,32,Heating Up,2.57,3.92,
MEBL,10,2021-06-29,2021-09-09,72,Cooling Down,4.5,0.2,
MEBL,11,2021-09-30,2021-10-14,14,Stabilising,-1.24,-0.01,
MEBL,12,2021-10-20,2021-10-21,1,Recovering,-11.25,0.05,
MEBL,13,2021-11-02,2021-11-15,13,Cooling Down,3.06,0.57,
MEBL,14,2021-11-16,2021-12-02,16,Heating Up,0.23,0.99,
MEBL,15,2021-12-03,2021-12-06,3,Rolling Over,6.59,-2.56,
MEBL,16,2022-04-14,2022-05-06,22,Heating Up,4.43,9.88,
MEBL,17,2023-07-31,2023-08-22,22,Cooling Down,53.21,18.17,
MEBL,18,2023-08-25,2023-08-28,3,Rolling Over,14.92,-2.88,
MEBL,19,2023-10-04,2023-12-15,72,Recovering,-3.74,2.1,
MEBL,20,2023-12-27,2024-01-10,14,Rolling Over,8.51,-6.95,
MEBL,21,2024-01-12,2024-01-16,4,Rolling Over,3.91,-0.29,
MEBL,22,2024-01-17,2024-01-30,13,Cooling Down,2.67,0.31,
MEBL,23,2024-02-01,2024-02-20,19,Cooling Down,8.44,0.81,
MEBL,24,2024-02-21,2024-04-24,63,Cooling Down,3.82,0.24,
MEBL,25,2024-04-25,2024-04-29,4,Rolling Over,15.41,-2.99,
MEBL,26,2024-05-14,2024-06-07,24,Cooling Down,4.85,2.16,
MEBL,27,2024-06-13,2024-07-10,27,Rolling Over,9.55,-3.3,
MEBL,28,2024-07-18,2024-07-22,4,Heating Up,0.05,0.29,
MEBL,29,2024-07-24,2024-07-26,2,Heating Up,0.85,1.61,
MEBL,30,2024-08-01,2024-08-05,4,Rolling Over,2.8,-0.64,
MEBL,31,2024-08-06,2024-08-13,7,Recovering,-2.48,1.41,
MEBL,32,2024-08-15,2024-08-22,7,Heating Up,1.33,1.37,
MEBL,33,2024-10-09,2024-10-30,21,Heating Up,0.48,2.74,
MEBL,34,2024-11-22,2024-11-26,4,Heating Up,6.99,12.58,
MEBL,35,2024-12-02,2024-12-04,2,Recovering,-1.19,3.7,
MEBL,36,2024-12-05,2024-12-13,8,Heating Up,0.86,3.85,
MEBL,37,2025-01-03,2025-01-09,6,Heating Up,4.74,16.45,
MEBL,38,2025-01-13,2025-01-16,3,Rolling Over,4.05,-2.85,
MEBL,39,2025-01-17,2025-01-28,11,Falling,-2.94,-3.75,
MEBL,40,2025-01-31,2025-02-06,6,Cooling Down,13.84,1.57,
MEBL,41,2025-02-13,2025-02-14,1,Recovering,-2.55,0.95,
MEBL,42,2025-02-24,2025-02-26,2,Cooling Down,2.88,1.22,
MEBL,43,2025-02-27,2025-03-07,8,Rolling Over,0.65,-0.08,
MEBL,44,2025-03-11,2025-03-20,9,Recovering,-0.31,0.97,
MEBL,45,2025-03-26,2025-05-07,42,Cooling Down,2.91,2.02,
MEBL,46,2025-05-12,2025-07-24,73,Cooling Down,19.69,3.77,
MEBL,47,2025-07-25,2025-07-28,3,Rolling Over,15.93,-5.4,
MEBL,48,2025-07-29,2025-09-03,36,Rolling Over,15.17,-3.37,
MEBL,49,2025-09-04,2025-09-24,20,Rolling Over,10.18,-5.59,
MEBL,50,2025-09-25,2025-10-13,18,Rolling Over,4.43,-1.02,
MEBL,51,2025-10-14,2025-10-24,10,Cooling Down,15.2,3.05,
MEBL,52,2025-10-31,2025-11-03,3,Cooling Down,10.32,0.1,
MEBL,53,2025-11-27,2025-12-11,14,Recovering,-2.99,4.47,
MEBL,54,2025-12-18,2026-02-10,54,Cooling Down,3.02,0.15,
MEBL,55,2026-02-11,2026-02-16,5,Cooling Down,9.8,1.31,
MEBL,56,2026-02-18,2026-02-19,1,Rolling Over,0.94,-0.23,
MEBL,57,2026-04-07,2026-04-23,16,Recovering,-0.22,10.06,
MEBL,58,2026-04-24,2026-05-05,11,Rolling Over,8.27,-1.29,
MEBL,59,2026-05-07,2026-05-08,1,Rolling Over,12.43,-0.43,
MEBL,60,2026-05-21,2026-05-22,1,Rolling Over,0.06,-2.05,
MEBL,61,2026-05-25,Still in S2,4,Recovering,-4.18,1.69,
NBP,1,2020-10-21,2020-10-29,8,Recovering,-1.63,7.46,
NBP,2,2020-11-03,2020-11-09,6,Recovering,-1.33,4.66,
NBP,3,2020-11-10,2020-11-12,2,Rolling Over,1.72,-2.45,
NBP,4,2020-11-26,2021-01-19,54,Cooling Down,4.45,3.42,
NBP,5,2021-01-28,2021-01-29,1,Rolling Over,0.21,-1.43,
NBP,6,2022-02-09,2022-02-16,7,Cooling Down,8.43,7.67,
NBP,7,2023-11-13,2023-12-20,37,Cooling Down,6.82,5.54,← USER REF DATE FALLS IN THIS EPISODE
NBP,8,2023-12-21,2023-12-22,1,Rolling Over,42.09,-5.81,
NBP,9,2023-12-27,2023-12-29,2,Rolling Over,36.56,-9.0,
NBP,10,2024-01-01,2024-01-03,2,Rolling Over,25.48,-5.89,
NBP,11,2024-03-21,2024-04-29,39,Cooling Down,17.61,14.1,
NBP,12,2024-05-14,2024-05-22,8,Stabilising,-1.63,-0.08,
NBP,13,2024-05-23,2024-05-31,8,Recovering,-2.13,4.5,
NBP,14,2024-06-20,2024-06-24,4,Rolling Over,0.44,-3.03,
NBP,15,2024-07-02,2024-07-31,29,Heating Up,2.78,11.61,
NBP,16,2024-08-02,2024-08-05,3,Rolling Over,29.02,-3.14,
NBP,17,2024-08-09,2024-08-12,3,Rolling Over,29.29,-1.17,
NBP,18,2024-08-20,2024-09-24,35,Cooling Down,8.73,1.43,
NBP,19,2024-09-25,2024-10-30,35,Rolling Over,27.58,-0.86,
NBP,20,2024-11-22,2024-12-18,26,Recovering,-5.53,3.76,
NBP,21,2024-12-31,2025-01-03,3,Rolling Over,10.59,-7.61,
NBP,22,2025-02-03,2025-03-14,39,Cooling Down,14.82,14.41,
NBP,23,2025-03-20,2025-03-21,1,Rolling Over,11.42,-3.6,
NBP,24,2025-03-26,2025-03-27,1,Rolling Over,4.53,-3.88,
NBP,25,2025-04-04,2025-04-07,3,Heating Up,2.4,6.11,
NBP,26,2025-04-10,2025-04-30,20,Cooling Down,4.3,2.83,
NBP,27,2025-05-02,2025-05-07,5,Rolling Over,15.88,-0.48,
NBP,28,2025-05-12,2025-06-23,42,Rolling Over,13.22,-1.4,
NBP,29,2025-06-24,2025-10-13,111,Cooling Down,41.37,3.4,
NBP,30,2025-10-14,2025-10-24,10,Cooling Down,35.04,1.33,
NBP,31,2025-10-27,2025-10-28,1,Cooling Down,11.63,3.84,
NBP,32,2025-10-29,2025-11-11,13,Rolling Over,13.15,-2.08,
NBP,33,2025-11-13,2025-11-19,6,Recovering,-1.79,1.35,
NBP,34,2025-11-26,2025-12-01,5,Cooling Down,2.68,1.45,
NBP,35,2025-12-02,2025-12-05,3,Stabilising,-0.51,-0.11,
NBP,36,2025-12-08,2026-02-06,60,Cooling Down,7.05,4.16,
NBP,37,2026-02-18,2026-02-19,1,Rolling Over,3.98,-3.72,
NBP,38,2026-02-20,2026-02-23,3,Recovering,-0.58,0.12,
NBP,39,2026-02-25,2026-03-02,5,Stabilising,-4.16,-0.85,
SBL,1,2021-09-16,2021-10-11,25,Cooling Down,71.87,71.87,
SBL,2,2021-10-13,2021-10-14,1,Rolling Over,64.17,-4.65,
SBL,3,2021-10-15,2021-11-01,17,Rolling Over,66.98,-6.16,
SBL,4,2021-11-02,2021-11-18,16,Heating Up,3.29,4.56,
SBL,5,2021-11-19,2021-11-23,4,Rolling Over,15.7,-3.32,
SBL,6,2021-11-24,2021-12-08,14,Cooling Down,20.82,0.7,
SBL,7,2021-12-09,2022-01-17,39,Cooling Down,14.26,10.18,
SBL,8,2022-01-26,2022-01-27,1,Rolling Over,7.99,-0.78,
SBL,9,2022-02-03,2022-02-04,1,Stabilising,-2.78,-1.18,
SBL,10,2022-02-07,2022-02-09,2,Cooling Down,2.46,0.89,
SBL,11,2022-02-14,2022-02-17,3,Recovering,-0.32,1.79,
SBL,12,2022-03-03,2022-03-04,1,Falling,-0.16,-0.95,
SBL,13,2022-03-07,2022-03-08,1,Recovering,-3.33,1.05,
SBL,14,2022-03-10,2022-03-14,4,Heating Up,0.88,5.08,
SBL,15,2022-03-15,2022-03-16,1,Recovering,-1.57,4.08,
SBL,16,2022-03-18,2022-03-21,3,Cooling Down,10.0,5.35,
SBL,17,2022-03-30,2022-04-04,5,Recovering,-0.79,2.88,
SBL,18,2023-11-01,2023-11-06,5,Rolling Over,11.25,-1.11,
SBL,19,2023-11-30,2023-12-01,1,Recovering,-7.01,15.31,
SBL,20,2023-12-04,2024-01-03,30,Recovering,-5.36,9.29,
SBL,21,2024-01-04,2024-01-12,8,Rolling Over,51.1,-3.86,
SBL,22,2024-01-17,2024-01-22,5,Rolling Over,23.97,-4.09,
SBL,23,2024-01-25,2024-01-26,1,Cooling Down,22.2,1.77,
SBL,24,2024-01-29,2024-02-21,23,Rolling Over,23.66,-5.45,
SBL,25,2024-02-29,2024-03-01,1,Stabilising,-7.06,-1.75,
SBL,26,2024-03-20,2024-03-21,1,Rolling Over,2.73,-1.03,
SBL,27,2024-03-29,2024-04-23,25,Heating Up,8.91,15.79,
SBL,28,2024-05-20,2024-05-30,10,Cooling Down,14.0,6.15,
SBL,29,2024-06-07,2024-06-10,3,Falling,-2.67,-3.95,
SBL,30,2024-06-13,2024-06-26,13,Heating Up,0.36,1.01,
SBL,31,2024-06-28,2024-07-02,4,Cooling Down,15.45,14.31,
SBL,32,2024-07-03,2024-07-15,12,Cooling Down,18.81,6.19,
SBL,33,2024-07-29,2024-08-12,14,Rolling Over,10.74,-3.97,
SBL,34,2024-08-13,2024-08-16,3,Cooling Down,11.51,0.51,
SBL,35,2024-08-20,2024-08-27,7,Cooling Down,4.17,2.04,
SBL,36,2024-10-02,2024-10-04,2,Heating Up,15.71,33.03,
SBL,37,2024-10-08,2024-10-09,1,Recovering,-9.3,9.95,
SBL,38,2024-10-10,2024-10-11,1,Heating Up,1.69,3.36,
SBL,39,2024-10-14,2024-10-15,1,Rolling Over,15.31,-0.83,
SBL,40,2024-10-23,2024-10-31,8,Cooling Down,10.29,4.35,
SBL,41,2024-11-01,2024-11-04,3,Cooling Down,12.38,7.27,
SBL,42,2024-11-08,2024-11-11,3,Cooling Down,0.78,0.52,
SBL,43,2025-09-25,2025-10-10,15,Cooling Down,12.7,12.46,
SBL,44,2025-10-16,2025-11-05,20,Rolling Over,26.47,-4.3,
SBL,45,2025-12-05,2026-01-14,40,Recovering,-3.07,8.43,
SBL,46,2026-01-20,2026-01-26,6,Rolling Over,9.59,-4.22,
SBL,47,2026-02-04,2026-02-12,8,Rolling Over,0.13,-0.4,
SBL,48,2026-02-18,2026-02-19,1,Recovering,-8.44,2.69,
SCBPL,1,2020-11-02,2020-11-13,11,Cooling Down,12.41,0.88,
SCBPL,2,2020-11-16,2020-11-23,7,Cooling Down,14.36,1.64,
SCBPL,3,2020-12-15,2020-12-16,1,Recovering,-2.71,0.75,
SCBPL,4,2020-12-18,2020-12-22,4,Recovering,-5.15,2.35,
SCBPL,5,2020-12-30,2021-01-04,5,Recovering,-3.3,2.44,
SCBPL,6,2021-01-05,2021-01-06,1,Stabilising,-2.72,-0.91,
SCBPL,7,2021-01-14,2021-01-15,1,Stabilising,-1.88,-1.06,
SCBPL,8,2021-05-04,2021-06-04,31,Cooling Down,25.42,12.96,
SCBPL,9,2021-06-15,2021-06-16,1,Rolling Over,8.66,-1.37,
SCBPL,10,2021-06-23,2021-07-02,9,Cooling Down,3.01,1.51,
SCBPL,11,2021-07-05,2021-07-12,7,Heating Up,1.9,4.45,
SCBPL,12,2021-07-13,2021-07-26,13,Falling,-0.39,-0.42,
SCBPL,13,2021-07-30,2021-08-02,3,Heating Up,3.57,3.73,
SCBPL,14,2021-08-03,2021-08-04,1,Cooling Down,3.0,0.71,
SCBPL,15,2021-08-10,2021-08-25,15,Cooling Down,1.55,0.57,
SCBPL,16,2021-08-30,2021-09-01,2,Cooling Down,4.05,1.98,
SCBPL,17,2021-10-05,2021-10-11,6,Heating Up,3.55,12.9,
SCBPL,18,2021-10-12,2021-11-01,20,Cooling Down,1.65,0.68,
SCBPL,19,2022-01-03,2022-01-18,15,Heating Up,10.88,14.9,
SCBPL,20,2023-08-11,2023-08-21,10,Cooling Down,9.6,1.49,
SCBPL,21,2023-08-22,2023-09-06,15,Cooling Down,4.6,3.19,
SCBPL,22,2023-09-20,2023-10-17,27,Cooling Down,13.23,5.6,
SCBPL,23,2023-10-18,2023-12-19,62,Falling,-0.43,-4.7,
SCBPL,24,2023-12-21,2023-12-26,5,Rolling Over,11.11,-1.77,
SCBPL,25,2023-12-28,2024-01-30,33,Cooling Down,11.04,1.95,
SCBPL,26,2024-01-31,2024-02-12,12,Cooling Down,3.51,0.06,
SCBPL,27,2024-02-14,2024-03-15,30,Cooling Down,3.06,1.2,
SCBPL,28,2024-03-25,2024-03-26,1,Rolling Over,4.17,-2.65,
SCBPL,29,2024-03-27,2024-05-03,37,Cooling Down,4.41,0.81,
SCBPL,30,2024-05-20,2024-07-12,53,Rolling Over,17.75,-1.48,
SCBPL,31,2024-07-15,2024-07-18,3,Rolling Over,15.08,-2.07,
SCBPL,32,2024-08-16,2024-08-22,6,Recovering,-17.37,2.87,
SCBPL,33,2024-08-23,2024-08-27,4,Recovering,-12.81,9.36,
SCBPL,34,2025-01-08,2025-01-16,8,Cooling Down,15.93,7.92,
SCBPL,35,2025-01-20,2025-01-22,2,Recovering,-4.56,1.85,
SCBPL,36,2025-01-23,2025-01-27,4,Rolling Over,1.58,-1.96,
SCBPL,37,2025-02-21,2025-03-14,21,Heating Up,3.44,11.43,
SCBPL,38,2025-04-14,2025-04-25,11,Recovering,-4.02,3.2,
SCBPL,39,2025-04-29,2025-05-02,3,Recovering,-7.71,1.76,
SCBPL,40,2025-05-05,2025-05-07,2,Rolling Over,4.77,-2.28,
SCBPL,41,2025-05-12,2025-05-21,9,Cooling Down,8.9,3.03,
SCBPL,42,2025-06-02,2025-06-13,11,Stabilising,-2.27,-1.86,
SCBPL,43,2025-06-16,2025-06-17,1,Recovering,-0.37,2.29,
SCBPL,44,2025-06-18,2025-06-19,1,Heating Up,1.44,1.53,
SCBPL,45,2025-06-24,2025-06-26,2,Rolling Over,5.52,-1.61,
SCBPL,46,2025-06-27,2025-09-04,69,Heating Up,0.72,0.79,
SCBPL,47,2025-10-02,2025-10-03,1,Stabilising,-11.31,-0.29,
SCBPL,48,2025-12-18,2026-01-29,42,Cooling Down,9.61,3.44,
SCBPL,49,2026-02-03,2026-02-06,3,Rolling Over,5.75,-1.97,
SCBPL,50,2026-02-11,2026-02-16,5,Cooling Down,12.0,5.03,
SCBPL,51,2026-02-17,2026-02-19,2,Cooling Down,2.76,2.46,
SILK,1,2020-10-21,2020-10-28,7,Recovering,-2.86,4.08,
SILK,2,2020-11-09,2020-11-12,3,Recovering,-2.83,1.98,
SILK,3,2020-12-29,2021-02-22,55,Heating Up,5.26,7.53,
SILK,4,2021-04-20,2021-04-30,10,Heating Up,10.61,15.87,
SILK,5,2021-05-03,2021-05-19,16,Rolling Over,10.92,-4.35,
SILK,6,2021-05-21,2021-07-13,53,Cooling Down,20.87,3.73,
SILK,7,2021-07-27,2021-07-28,1,Rolling Over,17.95,-5.64,
SILK,8,2021-08-04,2021-08-05,1,Heating Up,0.55,1.66,
SILK,9,2021-08-13,2021-08-24,11,Recovering,-14.08,0.57,
SILK,10,2021-09-02,2021-09-03,1,Rolling Over,0.57,-1.12,
SILK,11,2023-06-01,2023-06-06,5,Cooling Down,5.61,2.73,
SILK,12,2023-06-09,2023-06-12,3,Cooling Down,9.9,7.77,
SILK,13,2023-12-06,2023-12-26,20,Rolling Over,12.5,-2.7,
SILK,14,2024-01-01,2024-01-02,1,Rolling Over,11.65,-5.74,
SILK,15,2024-12-11,2024-12-18,7,Recovering,-8.47,17.39,
SILK,16,2024-12-23,2024-12-27,4,Rolling Over,15.56,-4.59,
SILK,17,2024-12-30,2025-01-08,9,Cooling Down,12.9,1.94,
SILK,18,2025-01-14,2025-01-16,2,Cooling Down,12.9,2.94,
SILK,19,2025-01-17,2025-01-21,4,Stabilising,-3.77,-1.92,
SILK,20,2025-02-03,Still in S2,480,Rolling Over,3.06,-1.94,
SNBL,1,2021-01-08,2021-01-26,18,Cooling Down,5.01,3.21,
SNBL,2,2021-01-27,2021-01-28,1,Cooling Down,5.43,1.75,
SNBL,3,2021-01-29,2021-02-02,4,Rolling Over,4.72,-0.38,
SNBL,4,2021-02-16,2021-02-22,6,Rolling Over,3.3,-1.62,
SNBL,5,2021-02-23,2021-02-24,1,Heating Up,1.36,2.05,
SNBL,6,2021-11-16,2021-12-02,16,Cooling Down,5.76,2.85,
SNBL,7,2021-12-09,2021-12-10,1,Cooling Down,3.62,0.31,
SNBL,8,2021-12-14,2021-12-16,2,Rolling Over,3.38,-1.21,
SNBL,9,2021-12-17,2021-12-29,12,Heating Up,1.13,1.76,
SNBL,10,2022-01-04,2022-01-05,1,Heating Up,0.2,2.82,
SNBL,11,2022-01-06,2022-01-13,7,Recovering,-0.2,0.41,
SNBL,12,2022-01-14,2022-01-18,4,Recovering,-0.51,1.44,
SNBL,13,2022-01-19,2022-01-21,2,Cooling Down,2.18,2.18,
SNBL,14,2022-01-26,2022-01-27,1,Cooling Down,2.57,0.4,
SNBL,15,2022-01-28,2022-02-04,7,Cooling Down,4.5,1.94,
SNBL,16,2022-02-07,2022-02-08,1,Cooling Down,0.82,0.71,
SNBL,17,2022-02-09,2022-03-07,26,Cooling Down,0.91,0.0,
SNBL,18,2022-03-09,2022-03-16,7,Rolling Over,3.9,-0.29,
SNBL,19,2022-09-13,2022-09-14,1,Cooling Down,11.38,6.11,
SNBL,20,2022-09-20,2022-09-21,1,Rolling Over,5.97,-0.2,
SNBL,21,2022-09-28,2022-09-29,1,Cooling Down,4.62,1.25,
SNBL,22,2022-09-30,2022-10-03,3,Heating Up,1.66,1.98,
SNBL,23,2022-10-07,2022-10-28,21,Recovering,-0.21,0.0,
SNBL,24,2022-11-02,2022-11-07,5,Rolling Over,3.75,-1.29,
SNBL,25,2022-11-10,2022-11-15,5,Rolling Over,6.88,-0.49,
SNBL,26,2022-11-16,2022-11-17,1,Cooling Down,3.08,2.24,
SNBL,27,2022-11-18,2022-11-21,3,Cooling Down,4.59,4.59,
SNBL,28,2022-11-28,2022-11-30,2,Cooling Down,3.54,1.43,
SNBL,29,2022-12-01,2022-12-05,4,Heating Up,1.02,2.06,
SNBL,30,2022-12-26,2022-12-29,3,Heating Up,0.1,6.38,
SNBL,31,2022-12-30,2023-01-17,18,Heating Up,2.04,5.15,
SNBL,32,2023-01-26,2023-01-27,1,Rolling Over,2.26,-0.6,
SNBL,33,2023-07-27,2023-08-04,8,Cooling Down,5.26,0.51,
SNBL,34,2023-11-10,2023-11-22,12,Cooling Down,13.13,7.33,
SNBL,35,2023-11-27,2023-11-28,1,Rolling Over,8.6,-4.86,
SNBL,36,2023-11-30,2023-12-20,20,Rolling Over,7.03,-3.04,
SNBL,37,2023-12-21,2023-12-22,1,Cooling Down,4.8,3.77,
SNBL,38,2023-12-28,2024-01-12,15,Rolling Over,2.64,-6.74,
SNBL,39,2024-01-16,2024-01-18,2,Cooling Down,5.79,1.05,
SNBL,40,2024-01-19,2024-02-28,40,Cooling Down,8.72,4.38,
SNBL,41,2024-05-15,2024-06-05,21,Cooling Down,12.85,7.75,
SNBL,42,2024-06-14,2024-08-06,53,Rolling Over,7.62,-2.48,
SNBL,43,2024-08-07,2024-09-02,26,Rolling Over,13.68,-3.9,
SNBL,44,2024-09-23,2024-09-24,1,Cooling Down,4.45,0.07,
SNBL,45,2024-09-26,2024-10-03,7,Recovering,-1.0,3.04,
SNBL,46,2024-10-08,2024-10-16,8,Recovering,-3.98,3.33,
SNBL,47,2024-10-21,2024-11-01,11,Heating Up,1.3,1.97,
SNBL,48,2024-11-07,2024-12-18,41,Rolling Over,1.44,-1.95,
SNBL,49,2024-12-23,2024-12-27,4,Rolling Over,17.66,-7.53,
SNBL,50,2024-12-30,2025-02-07,39,Cooling Down,20.91,0.0,
SNBL,51,2025-02-12,2025-02-17,5,Cooling Down,4.35,0.38,
SNBL,52,2025-02-18,2025-03-03,13,Rolling Over,4.67,-4.37,
SNBL,53,2025-06-05,2025-06-23,18,Cooling Down,9.13,7.52,
SNBL,54,2025-06-24,2025-08-27,64,Rolling Over,22.77,-2.77,
SNBL,55,2025-09-18,2025-09-24,6,Recovering,-2.69,5.1,
SNBL,56,2025-09-25,2025-10-13,18,Recovering,-6.7,3.63,
SNBL,57,2025-10-14,2025-10-27,13,Rolling Over,6.41,-0.5,
SNBL,58,2025-10-31,2025-11-05,5,Rolling Over,13.86,-12.61,
SNBL,59,2025-11-10,2025-11-12,2,Cooling Down,11.56,2.16,
SNBL,60,2025-11-13,2025-11-14,1,Heating Up,3.42,3.96,
SNBL,61,2025-11-18,2025-11-19,1,Rolling Over,5.35,-0.95,
SNBL,62,2025-11-20,2025-11-21,1,Cooling Down,6.73,1.52,
SNBL,63,2025-11-24,2025-11-25,1,Rolling Over,12.0,-0.42,
SNBL,64,2025-11-26,2025-11-27,1,Recovering,-1.33,0.89,
SNBL,65,2025-12-11,2025-12-12,1,Cooling Down,2.8,0.71,
SNBL,66,2025-12-15,2026-01-14,30,Recovering,-2.15,1.05,
SNBL,67,2026-01-16,2026-01-21,5,Cooling Down,7.61,1.53,
UBL,1,2021-01-11,2021-01-27,16,Cooling Down,19.36,12.49,
UBL,2,2021-01-28,2021-02-01,4,Rolling Over,7.68,-0.67,
UBL,3,2021-02-02,2021-02-09,7,Rolling Over,6.93,-1.94,
UBL,4,2021-06-14,2021-06-17,3,Cooling Down,6.61,2.31,
UBL,5,2021-06-24,2021-06-25,1,Rolling Over,3.75,-1.6,
UBL,6,2021-08-12,2021-08-26,14,Cooling Down,5.39,2.39,
UBL,7,2021-10-25,2021-11-11,17,Cooling Down,22.65,14.98,
UBL,8,2021-11-15,2021-12-10,25,Rolling Over,15.04,-2.47,
UBL,9,2021-12-31,2022-01-31,31,Recovering,-2.44,1.31,
UBL,10,2022-02-01,2022-02-07,6,Rolling Over,4.64,-0.78,
UBL,11,2022-02-09,2022-03-07,26,Cooling Down,5.55,0.27,
UBL,12,2022-03-10,2022-03-15,5,Rolling Over,5.34,-0.33,
UBL,13,2022-03-16,2022-03-18,2,Cooling Down,4.47,0.27,
UBL,14,2023-05-08,2023-05-10,2,Heating Up,10.58,18.9,
UBL,15,2023-05-11,2023-05-18,7,Cooling Down,12.17,5.42,
UBL,16,2023-06-02,2023-06-05,3,Cooling Down,12.73,1.21,
UBL,17,2023-07-03,2023-08-07,35,Heating Up,1.9,10.33,"← close to user ref (2023-06-26, Δ+7d)"
UBL,18,2023-08-09,2023-08-21,12,Rolling Over,32.47,-6.46,
UBL,19,2023-08-24,2023-08-31,7,Rolling Over,8.88,-0.06,
UBL,20,2023-09-19,2023-09-28,9,Cooling Down,1.72,1.33,
UBL,21,2023-10-02,2023-11-03,32,Recovering,-3.08,3.67,
UBL,22,2023-11-08,2023-11-14,6,Cooling Down,9.46,1.56,
UBL,23,2023-11-16,2023-12-18,32,Rolling Over,7.9,-4.84,
UBL,24,2023-12-29,2024-01-10,12,Rolling Over,11.91,-0.86,
UBL,25,2024-01-11,2024-01-30,19,Recovering,-2.7,2.97,
UBL,26,2024-01-31,2024-02-12,12,Rolling Over,5.21,-0.56,
UBL,27,2024-02-13,2024-02-15,2,Cooling Down,4.81,1.75,
UBL,28,2024-02-21,2024-03-07,15,Rolling Over,1.97,-0.78,
UBL,29,2024-04-08,2024-04-30,22,Recovering,-1.61,5.47,
UBL,30,2024-05-03,2024-05-09,6,Rolling Over,8.9,-0.3,
UBL,31,2024-05-10,2024-07-25,76,Rolling Over,10.71,-2.68,
UBL,32,2024-07-26,2024-08-01,6,Rolling Over,18.65,-0.98,
UBL,33,2024-08-21,2024-08-29,8,Recovering,-3.24,0.21,
UBL,34,2024-08-30,2024-09-02,3,Recovering,-5.16,3.16,
UBL,35,2024-09-04,2024-12-13,100,Stabilising,-2.55,-0.24,
UBL,36,2024-12-17,2024-12-19,2,Cooling Down,11.91,3.22,
UBL,37,2024-12-23,2025-01-10,18,Rolling Over,13.41,-3.22,
UBL,38,2025-01-13,2025-02-19,37,Rolling Over,10.74,-0.64,
UBL,39,2025-02-24,2025-02-25,1,Rolling Over,8.61,-2.53,
UBL,40,2025-03-10,2025-03-11,1,Cooling Down,3.72,0.37,
UBL,41,2025-03-26,2025-04-29,34,Recovering,-3.03,3.63,
UBL,42,2025-05-02,2025-05-07,5,Cooling Down,28.99,0.58,
UBL,43,2025-05-12,2025-06-23,42,Rolling Over,31.59,-1.25,
UBL,44,2025-10-21,2025-10-23,2,Rolling Over,4.16,-0.38,
UBL,45,2025-12-19,2026-02-13,56,Cooling Down,9.49,9.49,
UBL,46,2026-02-18,2026-02-19,1,Stabilising,-2.67,-2.07,
UBL,47,2026-02-20,2026-02-23,3,Falling,-1.5,-2.79,
