Date,Long_Count,Short_Count
2005-01-03,0,0
2005-01-04,211,104
2005-01-05,230,120
2005-01-06,276,104
2005-01-07,240,108
2005-01-10,263,105
2005-01-11,281,90
2005-01-12,244,89
2005-01-13,149,109
2005-01-14,167,94
2005-01-17,178,102
2005-01-18,184,89
2005-01-19,198,95
2005-01-24,182,92
2005-01-25,170,96
2005-01-26,195,92
2005-01-27,163,97
2005-01-28,118,92
2005-01-31,118,98
2005-02-01,144,94
2005-02-02,153,100
2005-02-03,169,98
2005-02-04,166,90
2005-02-07,166,85
2005-02-08,171,92
2005-02-09,164,82
2005-02-10,171,73
2005-02-11,172,68
2005-02-14,199,64
2005-02-15,191,76
2005-02-16,181,60
2005-02-17,188,77
2005-02-18,170,66
2005-02-21,182,64
2005-02-22,196,65
2005-02-23,201,65
2005-02-24,176,65
2005-02-25,158,62
2005-02-28,158,81
2005-03-01,171,70
2005-03-02,124,81
2005-03-03,121,78
2005-03-04,117,83
2005-03-07,135,87
2005-03-08,127,90
2005-03-09,125,87
2005-03-10,114,91
2005-03-11,110,90
2005-03-14,140,92
2005-03-15,135,97
2005-03-16,110,88
2005-03-17,71,120
2005-03-18,72,85
2005-03-21,40,130
2005-03-22,17,127
2005-03-24,11,122
2005-03-25,12,131
2005-03-28,11,129
2005-03-29,20,140
2005-03-30,49,116
2005-03-31,30,157
2005-04-01,26,126
2005-04-04,46,110
2005-04-05,38,120
2005-04-06,22,133
2005-04-07,36,132
2005-04-08,30,124
2005-04-11,14,175
2005-04-12,11,160
2005-04-13,23,169
2005-04-14,23,148
2005-04-15,29,113
2005-04-18,20,131
2005-04-19,17,163
2005-04-20,19,139
2005-04-21,25,153
2005-04-25,17,135
2005-04-26,18,154
2005-04-27,26,157
2005-04-28,22,165
2005-04-29,23,156
2005-05-02,21,182
2005-05-03,21,166
2005-05-04,20,172
2005-05-05,24,177
2005-05-06,22,150
2005-05-09,23,155
2005-05-10,22,150
2005-05-11,30,148
2005-05-12,27,177
2005-05-13,19,155
2005-05-16,25,193
2005-05-17,23,175
2005-05-18,21,186
2005-05-19,21,178
2005-05-20,15,184
2005-05-23,9,191
2005-05-24,12,171
2005-05-25,11,173
2005-05-26,5,207
2005-05-27,5,193
2005-05-30,5,193
2005-05-31,6,189
2005-06-01,10,170
2005-06-02,17,135
2005-06-03,11,129
2005-06-06,8,146
2005-06-07,20,105
2005-06-08,16,119
2005-06-09,14,123
2005-06-10,14,110
2005-06-13,14,109
2005-06-14,17,143
2005-06-15,23,111
2005-06-16,15,144
2005-06-17,14,111
2005-06-20,16,126
2005-06-21,20,116
2005-06-22,11,146
2005-06-23,17,164
2005-06-24,17,141
2005-06-27,17,174
2005-06-28,15,153
2005-06-29,23,134
2005-06-30,27,144
2005-07-01,23,115
2005-07-04,17,145
2005-07-05,20,134
2005-07-06,27,122
2005-07-07,31,114
2005-07-08,27,104
2005-07-11,29,104
2005-07-12,27,102
2005-07-13,31,106
2005-07-14,29,111
2005-07-15,30,90
2005-07-18,26,99
2005-07-19,22,101
2005-07-20,30,99
2005-07-21,33,97
2005-07-22,32,95
2005-07-25,31,94
2005-07-26,22,119
2005-07-27,24,118
2005-07-28,21,119
2005-07-29,22,106
2005-08-01,21,135
2005-08-02,27,112
2005-08-03,30,113
2005-08-04,32,119
2005-08-05,30,106
2005-08-08,32,128
2005-08-09,25,143
2005-08-10,18,147
2005-08-11,11,142
2005-08-12,20,116
2005-08-15,21,123
2005-08-16,26,151
2005-08-17,23,134
2005-08-19,25,136
2005-08-22,38,89
2005-08-23,31,100
2005-08-24,30,107
2005-08-25,31,120
2005-08-26,30,98
2005-08-29,37,129
2005-08-30,37,136
2005-08-31,40,119
2005-09-01,40,118
2005-09-02,45,103
2005-09-05,46,115
2005-09-06,43,130
2005-09-07,45,116
2005-09-08,48,104
2005-09-09,44,101
2005-09-12,43,90
2005-09-13,46,99
2005-09-14,57,106
2005-09-15,61,83
2005-09-16,57,74
2005-09-19,54,81
2005-09-20,60,84
2005-09-21,69,87
2005-09-22,59,84
2005-09-23,59,76
2005-09-26,63,84
2005-09-27,73,89
2005-09-28,65,104
2005-09-29,71,103
2005-09-30,70,81
2005-10-03,75,96
2005-10-04,75,75
2005-10-05,76,100
2005-10-06,79,88
2005-10-07,78,73
2005-10-10,76,63
2005-10-11,85,86
2005-10-12,88,83
2005-10-13,81,77
2005-10-14,81,74
2005-10-17,77,89
2005-10-18,68,80
2005-10-19,77,83
2005-10-20,60,81
2005-10-21,40,79
2005-10-24,54,75
2005-10-25,56,86
2005-10-26,48,87
2005-10-27,63,83
2005-10-31,66,92
2005-11-02,72,95
2005-11-07,82,93
2005-11-08,88,101
2005-11-10,86,98
2005-11-11,83,95
2005-11-14,93,84
2005-11-15,100,78
2005-11-16,102,68
2005-11-17,106,82
2005-11-18,110,62
2005-11-21,112,67
2005-11-22,110,75
2005-11-23,127,60
2005-11-24,120,64
2005-11-25,114,58
2005-11-28,120,63
2005-11-29,125,60
2005-11-30,109,63
2005-12-01,118,56
2005-12-02,122,53
2005-12-05,135,56
2005-12-06,148,59
2005-12-07,151,66
2005-12-08,150,60
2005-12-09,155,46
2005-12-12,152,47
2005-12-13,156,47
2005-12-14,140,45
2005-12-15,157,31
2005-12-16,145,37
2005-12-19,132,53
2005-12-20,134,43
2005-12-21,145,55
2005-12-22,143,52
2005-12-23,142,41
2005-12-26,115,43
2005-12-27,123,45
2005-12-28,140,44
2005-12-29,141,45
2005-12-30,151,37
2006-01-02,173,35
2006-01-03,171,35
2006-01-04,181,32
2006-01-05,192,34
2006-01-06,178,30
2006-01-09,179,35
2006-01-16,194,35
2006-01-17,195,33
2006-01-18,194,36
2006-01-19,200,37
2006-01-20,195,28
2006-01-23,206,37
2006-01-24,182,43
2006-01-25,168,31
2006-01-26,185,43
2006-01-27,208,36
2006-01-30,205,28
2006-01-31,197,32
2006-02-01,188,32
2006-02-02,186,27
2006-02-03,206,26
2006-02-06,217,34
2006-02-07,207,34
2006-02-10,194,30
2006-02-13,191,31
2006-02-14,155,37
2006-02-15,169,37
2006-02-16,147,41
2006-02-17,153,35
2006-02-20,149,54
2006-02-21,145,38
2006-02-22,147,37
2006-02-23,142,44
2006-02-24,120,37
2006-02-27,85,42
2006-02-28,119,50
2006-03-01,108,55
2006-03-02,110,51
2006-03-03,107,53
2006-03-06,67,71
2006-03-07,62,63
2006-03-08,35,79
2006-03-09,49,78
2006-03-10,49,61
2006-03-13,31,73
2006-03-14,37,59
2006-03-15,42,68
2006-03-16,57,66
2006-03-17,68,81
2006-03-20,83,84
2006-03-21,81,89
2006-03-22,79,89
2006-03-24,91,66
2006-03-27,80,87
2006-03-28,81,89
2006-03-29,78,82
2006-03-30,87,89
2006-03-31,93,87
2006-04-03,100,103
2006-04-04,117,81
2006-04-05,117,72
2006-04-06,118,84
2006-04-07,128,58
2006-04-10,128,63
2006-04-13,127,56
2006-04-14,132,46
2006-04-17,122,71
2006-04-18,110,78
2006-04-19,97,87
2006-04-20,104,81
2006-04-21,108,79
2006-04-24,86,88
2006-04-25,87,83
2006-04-26,78,95
2006-04-27,72,89
2006-04-28,52,88
2006-05-02,49,94
2006-05-03,59,95
2006-05-04,66,103
2006-05-05,62,99
2006-05-08,72,106
2006-05-09,66,118
2006-05-10,55,115
2006-05-11,53,115
2006-05-12,61,115
2006-05-15,43,124
2006-05-16,28,120
2006-05-17,51,119
2006-05-18,33,129
2006-05-19,32,115
2006-05-22,35,124
2006-05-23,34,123
2006-05-24,43,122
2006-05-25,48,122
2006-05-26,37,125
2006-05-29,23,142
2006-05-30,23,122
2006-05-31,20,135
2006-06-01,29,140
2006-06-02,34,134
2006-06-05,38,132
2006-06-06,28,115
2006-06-07,23,132
2006-06-08,17,144
2006-06-09,18,126
2006-06-12,16,129
2006-06-13,13,174
2006-06-14,10,156
2006-06-15,11,148
2006-06-16,27,109
2006-06-19,25,109
2006-06-20,21,118
2006-06-21,17,132
2006-06-22,17,122
2006-06-23,14,139
2006-06-26,13,173
2006-06-27,11,172
2006-06-28,18,150
2006-06-29,21,136
2006-06-30,26,107
2006-07-03,17,150
2006-07-04,19,132
2006-07-05,16,126
2006-07-06,10,110
2006-07-07,21,119
2006-07-10,17,142
2006-07-11,19,137
2006-07-12,16,130
2006-07-13,20,124
2006-07-14,19,101
2006-07-17,14,114
2006-07-18,23,96
2006-07-19,23,86
2006-07-20,27,99
2006-07-21,27,86
2006-07-24,32,92
2006-07-25,31,90
2006-07-26,31,93
2006-07-27,36,90
2006-07-28,35,81
2006-07-31,36,65
2006-08-01,36,75
2006-08-02,36,90
2006-08-03,39,70
2006-08-04,45,74
2006-08-07,43,78
2006-08-08,43,91
2006-08-09,43,108
2006-08-10,30,104
2006-08-11,35,99
2006-08-15,36,113
2006-08-16,39,100
2006-08-17,41,99
2006-08-18,38,87
2006-08-21,37,108
2006-08-22,33,127
2006-08-23,35,126
2006-08-24,29,123
2006-08-25,23,144
2006-08-28,24,150
2006-08-29,24,139
2006-08-30,33,146
2006-08-31,31,156
2006-09-01,31,126
2006-09-04,28,130
2006-09-05,26,138
2006-09-06,34,132
2006-09-07,37,140
2006-09-08,29,128
2006-09-11,29,138
2006-09-12,37,129
2006-09-13,32,133
2006-09-14,36,138
2006-09-15,34,147
2006-09-18,24,165
2006-09-19,24,171
2006-09-20,27,136
2006-09-21,29,139
2006-09-22,33,126
2006-09-25,28,119
2006-09-26,31,132
2006-09-27,36,132
2006-09-28,43,103
2006-09-29,38,102
2006-10-02,37,107
2006-10-03,36,118
2006-10-04,40,113
2006-10-05,44,114
2006-10-06,46,102
2006-10-09,41,120
2006-10-10,46,103
2006-10-11,44,112
2006-10-12,44,120
2006-10-13,49,114
2006-10-16,43,107
2006-10-17,43,96
2006-10-18,44,101
2006-10-19,52,109
2006-10-30,40,117
2006-10-31,39,137
2006-11-01,35,149
2006-11-02,31,145
2006-11-03,41,116
2006-11-06,35,137
2006-11-07,33,127
2006-11-08,32,146
2006-11-10,31,137
2006-11-13,30,156
2006-11-14,36,156
2006-11-15,32,158
2006-11-16,36,160
2006-11-17,37,145
2006-11-20,30,166
2006-11-21,29,153
2006-11-22,27,165
2006-11-23,37,150
2006-11-24,36,142
2006-11-27,40,148
2006-11-28,43,143
2006-11-29,34,146
2006-11-30,39,135
2006-12-01,35,132
2006-12-04,43,129
2006-12-05,43,132
2006-12-06,51,120
2006-12-07,50,116
2006-12-08,45,120
2006-12-11,42,112
2006-12-12,44,108
2006-12-13,38,120
2006-12-14,41,122
2006-12-15,43,127
2006-12-18,28,150
2006-12-19,23,157
2006-12-20,30,140
2006-12-21,29,161
2006-12-22,27,152
2006-12-26,24,157
2006-12-27,24,173
2006-12-28,29,140
2006-12-29,27,138
2007-01-03,22,115
2007-01-04,27,131
2007-01-05,24,145
2007-01-08,34,157
2007-01-09,30,147
2007-01-10,28,132
2007-01-11,25,144
2007-01-12,30,126
2007-01-15,31,138
2007-01-16,37,141
2007-01-17,36,124
2007-01-18,39,118
2007-01-19,46,96
2007-01-22,50,104
2007-01-23,53,108
2007-01-24,54,124
2007-01-25,52,114
2007-01-26,50,105
2007-01-31,52,116
2007-02-01,52,108
2007-02-02,49,95
2007-02-06,60,114
2007-02-07,56,111
2007-02-08,65,93
2007-02-09,65,92
2007-02-12,67,115
2007-02-13,59,108
2007-02-14,56,109
2007-02-15,56,127
2007-02-16,52,105
2007-02-19,52,112
2007-02-20,54,127
2007-02-21,53,129
2007-02-22,53,135
2007-02-23,59,122
2007-02-26,48,151
2007-02-27,44,150
2007-02-28,36,149
2007-03-01,38,155
2007-03-02,31,145
2007-03-05,24,148
2007-03-06,25,160
2007-03-07,37,152
2007-03-08,48,159
2007-03-09,61,133
2007-03-12,55,147
2007-03-13,60,128
2007-03-14,52,140
2007-03-15,51,134
2007-03-16,51,119
2007-03-19,41,149
2007-03-20,40,132
2007-03-21,44,129
2007-03-22,40,139
2007-03-26,46,131
2007-03-27,49,151
2007-03-28,43,138
2007-03-29,42,134
2007-03-30,50,136
2007-04-02,43,123
2007-04-03,50,119
2007-04-04,48,127
2007-04-05,53,123
2007-04-06,58,97
2007-04-09,59,85
2007-04-10,72,65
2007-04-11,78,70
2007-04-12,78,74
2007-04-13,75,71
2007-04-16,78,73
2007-04-17,68,83
2007-04-18,75,67
2007-04-19,74,66
2007-04-20,73,63
2007-04-23,72,67
2007-04-24,76,55
2007-04-25,72,55
2007-04-26,80,70
2007-04-27,77,58
2007-04-30,90,74
2007-05-02,87,81
2007-05-03,91,93
2007-05-04,91,71
2007-05-07,73,91
2007-05-08,84,85
2007-05-09,92,72
2007-05-10,93,80
2007-05-11,96,81
2007-05-14,94,58
2007-05-15,102,76
2007-05-16,95,71
2007-05-17,98,81
2007-05-18,105,73
2007-05-21,95,68
2007-05-22,108,52
2007-05-23,109,65
2007-05-24,126,52
2007-05-25,121,51
2007-05-28,128,45
2007-05-29,127,44
2007-05-30,139,49
2007-05-31,136,41
2007-06-01,129,46
2007-06-04,137,42
2007-06-05,139,37
2007-06-06,139,45
2007-06-07,129,54
2007-06-08,140,44
2007-06-11,143,41
2007-06-12,152,47
2007-06-13,157,42
2007-06-14,159,45
2007-06-15,150,36
2007-06-18,160,31
2007-06-19,158,29
2007-06-20,156,31
2007-06-21,163,26
2007-06-22,144,23
2007-06-25,158,22
2007-06-26,160,22
2007-06-27,189,24
2007-06-28,194,27
2007-06-29,183,25
2007-07-02,189,25
2007-07-03,184,23
2007-07-04,191,26
2007-07-05,199,23
2007-07-06,203,24
2007-07-09,207,18
2007-07-10,197,15
2007-07-11,189,13
2007-07-12,215,18
2007-07-13,196,12
2007-07-16,166,21
2007-07-17,187,16
2007-07-18,128,26
2007-07-19,69,30
2007-07-20,80,22
2007-07-23,134,23
2007-07-24,123,22
2007-07-25,114,21
2007-07-26,105,19
2007-07-27,89,20
2007-07-30,87,25
2007-07-31,119,29
2007-08-01,109,30
2007-08-02,119,36
2007-08-03,123,23
2007-08-06,89,36
2007-08-07,70,34
2007-08-08,97,37
2007-08-09,53,42
2007-08-10,52,35
2007-08-13,36,46
2007-08-15,41,48
2007-08-16,42,55
2007-08-17,45,54
2007-08-20,43,59
2007-08-21,23,77
2007-08-22,30,68
2007-08-23,19,77
2007-08-24,25,80
2007-08-27,21,79
2007-08-28,18,84
2007-08-29,29,83
2007-08-30,38,84
2007-08-31,40,89
2007-09-03,43,83
2007-09-04,45,96
2007-09-05,45,88
2007-09-06,42,93
2007-09-07,47,93
2007-09-10,45,82
2007-09-11,51,89
2007-09-12,64,71
2007-09-13,61,61
2007-09-14,52,65
2007-09-17,56,76
2007-09-18,55,72
2007-09-19,70,72
2007-09-20,62,71
2007-09-21,63,70
2007-09-24,62,67
2007-09-25,71,78
2007-09-26,78,55
2007-09-27,67,73
2007-09-28,69,60
2007-10-01,88,62
2007-10-02,89,53
2007-10-03,98,64
2007-10-04,95,57
2007-10-05,94,59
2007-10-08,102,53
2007-10-09,115,69
2007-10-11,107,64
2007-10-17,116,56
2007-10-18,124,51
2007-10-19,132,41
2007-10-22,123,42
2007-10-23,121,50
2007-10-24,102,66
2007-10-25,117,57
2007-10-26,115,61
2007-10-29,122,59
2007-10-30,106,71
2007-10-31,116,70
2007-11-01,92,67
2007-11-02,98,67
2007-11-05,58,102
2007-11-06,58,85
2007-11-07,69,97
2007-11-08,73,97
2007-11-12,91,83
2007-11-13,97,100
2007-11-14,75,103
2007-11-15,52,103
2007-11-16,51,94
2007-11-19,47,105
2007-11-20,69,102
2007-11-21,72,107
2007-11-22,82,103
2007-11-23,100,83
2007-11-26,94,84
2007-11-27,92,85
2007-11-28,101,72
2007-11-29,108,64
2007-11-30,109,62
2007-12-03,100,84
2007-12-04,100,71
2007-12-05,118,61
2007-12-06,126,59
2007-12-07,120,55
2007-12-10,125,57
2007-12-11,130,56
2007-12-12,134,55
2007-12-13,134,50
2007-12-14,137,59
2007-12-17,132,51
2007-12-18,135,52
2007-12-19,152,59
2007-12-24,152,57
2007-12-26,155,48
2007-12-27,157,55
2007-12-31,65,96
2008-01-01,65,97
2008-01-02,45,107
2008-01-03,118,76
2008-01-04,111,70
2008-01-07,86,93
2008-01-08,108,78
2008-01-09,93,78
2008-01-10,68,95
2008-01-11,65,92
2008-01-14,84,98
2008-01-15,74,91
2008-01-16,62,106
2008-01-17,56,105
2008-01-18,70,96
2008-01-21,69,88
2008-01-22,67,92
2008-01-23,60,105
2008-01-24,58,101
2008-01-25,59,103
2008-01-28,64,105
2008-01-29,72,98
2008-01-30,70,103
2008-01-31,82,91
2008-02-01,81,92
2008-02-04,80,88
2008-02-06,80,89
2008-02-07,68,86
2008-02-08,75,79
2008-02-11,62,90
2008-02-12,74,80
2008-02-13,81,77
2008-02-14,93,63
2008-02-15,79,65
2008-02-19,99,51
2008-02-20,102,55
2008-02-21,107,60
2008-02-22,97,59
2008-02-25,96,69
2008-02-26,87,69
2008-02-27,96,81
2008-02-28,97,86
2008-02-29,98,74
2008-03-03,101,87
2008-03-04,105,101
2008-03-05,108,81
2008-03-06,98,98
2008-03-07,100,84
2008-03-10,98,85
2008-03-11,95,88
2008-03-12,100,94
2008-03-13,91,84
2008-03-14,74,70
2008-03-17,65,90
2008-03-18,54,98
2008-03-19,72,99
2008-03-20,74,86
2008-03-24,73,89
2008-03-25,71,88
2008-03-26,76,92
2008-03-27,79,101
2008-03-28,73,90
2008-03-31,69,95
2008-04-01,70,105
2008-04-02,83,87
2008-04-03,86,99
2008-04-04,85,76
2008-04-07,88,84
2008-04-08,88,73
2008-04-09,74,86
2008-04-10,61,91
2008-04-11,72,95
2008-04-14,78,91
2008-04-15,85,90
2008-04-16,83,107
2008-04-17,98,86
2008-04-18,108,88
2008-04-21,109,71
2008-04-22,102,82
2008-04-23,84,91
2008-04-24,85,95
2008-04-25,91,108
2008-04-28,93,102
2008-04-29,82,111
2008-04-30,75,107
2008-05-02,74,108
2008-05-05,50,120
2008-05-06,44,121
2008-05-07,43,123
2008-05-08,49,118
2008-05-09,39,109
2008-05-12,38,116
2008-05-13,62,108
2008-05-14,62,125
2008-05-15,62,106
2008-05-16,47,120
2008-05-19,46,135
2008-05-20,49,126
2008-05-21,47,121
2008-05-22,41,142
2008-05-23,23,163
2008-05-26,13,162
2008-05-27,22,167
2008-05-28,20,180
2008-05-29,13,183
2008-05-30,17,170
2008-06-02,22,176
2008-06-03,26,174
2008-06-04,53,124
2008-06-05,30,147
2008-06-06,35,129
2008-06-09,24,144
2008-06-10,23,142
2008-06-11,22,147
2008-06-12,28,153
2008-06-13,28,149
2008-06-16,18,167
2008-06-17,17,158
2008-06-18,15,167
2008-06-19,17,198
2008-06-20,9,192
2008-06-23,9,215
2008-06-24,27,187
2008-06-25,26,161
2008-06-26,35,164
2008-06-27,22,156
2008-06-30,18,135
2008-07-01,16,142
2008-07-02,14,138
2008-07-03,17,132
2008-07-04,9,138
2008-07-07,9,114
2008-07-08,13,115
2008-07-09,22,145
2008-07-10,4,70
2008-07-11,15,125
2008-07-14,12,174
2008-07-15,13,184
2008-07-16,9,203
2008-07-17,11,199
2008-07-18,12,205
2008-07-21,11,195
2008-07-22,14,197
2008-07-23,18,196
2008-07-24,11,172
2008-07-25,13,177
2008-07-28,11,199
2008-07-29,11,201
2008-07-30,16,192
2008-07-31,14,216
2008-08-01,9,215
2008-08-04,11,220
2008-08-05,8,220
2008-08-06,9,219
2008-08-07,5,237
2008-08-08,11,219
2008-08-11,9,216
2008-08-12,11,222
2008-08-13,6,218
2008-08-15,10,189
2008-08-18,13,136
2008-08-19,14,139
2008-08-20,11,199
2008-08-21,7,213
2008-08-22,8,219
2008-08-25,6,217
2008-08-26,3,237
2008-08-27,8,232
2008-08-28,6,217
2008-08-29,2,185
2008-09-01,1,174
2008-09-02,3,167
2008-09-03,5,173
2008-09-04,3,179
2008-09-05,4,173
2008-09-08,3,187
2008-09-09,3,161
2008-09-10,3,149
2008-09-11,3,156
2008-09-12,3,146
2008-09-15,4,135
2008-09-16,3,114
2008-09-17,5,102
2008-09-18,3,78
2008-09-19,2,81
2008-09-22,2,84
2008-09-23,3,101
2008-09-24,1,70
2008-09-25,3,62
2008-09-29,3,90
2008-09-30,3,56
2008-10-06,2,80
2008-10-07,1,53
2008-10-08,2,51
2008-10-09,0,46
2008-10-10,1,54
2008-10-13,2,50
2008-10-14,1,50
2008-10-15,1,52
2008-10-16,1,37
2008-10-17,1,26
2008-10-20,2,27
2008-10-21,2,31
2008-10-22,1,21
2008-10-23,0,29
2008-10-24,0,21
2008-10-27,1,20
2008-10-28,0,19
2008-10-29,1,30
2008-10-30,0,10
2008-10-31,1,19
2008-11-03,1,28
2008-11-04,1,22
2008-11-05,0,24
2008-11-06,0,17
2008-11-07,0,14
2008-11-10,0,15
2008-11-11,0,5
2008-11-12,1,11
2008-11-13,0,16
2008-11-14,1,18
2008-11-17,0,11
2008-11-18,0,4
2008-11-19,0,11
2008-11-20,1,9
2008-11-21,1,7
2008-11-24,1,11
2008-11-25,1,11
2008-11-26,1,6
2008-11-27,0,5
2008-11-28,0,3
2008-12-01,0,6
2008-12-03,0,12
2008-12-04,0,7
2008-12-05,1,10
2008-12-12,0,5
2008-12-15,1,96
2008-12-16,0,124
2008-12-17,1,128
2008-12-18,2,146
2008-12-19,3,148
2008-12-22,3,160
2008-12-23,2,166
2008-12-24,2,158
2008-12-26,4,173
2008-12-29,1,172
2008-12-30,1,184
2008-12-31,1,172
2009-01-01,2,202
2009-01-02,3,192
2009-01-05,3,177
2009-01-06,2,176
2009-01-09,3,180
2009-01-12,1,208
2009-01-13,0,202
2009-01-14,0,203
2009-01-15,0,212
2009-01-16,0,221
2009-01-19,4,225
2009-01-20,2,222
2009-01-21,2,237
2009-01-22,1,216
2009-01-23,1,211
2009-01-26,1,211
2009-01-27,0,221
2009-01-28,2,221
2009-01-29,1,233
2009-01-30,4,197
2009-02-02,2,205
2009-02-03,3,197
2009-02-04,2,205
2009-02-06,5,177
2009-02-09,5,197
2009-02-10,5,222
2009-02-11,1,197
2009-02-12,2,202
2009-02-13,2,164
2009-02-16,3,162
2009-02-17,2,178
2009-02-18,4,163
2009-02-19,3,139
2009-02-20,3,144
2009-02-23,4,167
2009-02-24,2,172
2009-02-25,2,215
2009-02-26,2,183
2009-02-27,1,156
2009-03-02,2,193
2009-03-03,1,184
2009-03-04,3,172
2009-03-05,3,168
2009-03-06,3,180
2009-03-09,2,178
2009-03-11,2,182
2009-03-12,3,179
2009-03-13,2,162
2009-03-16,5,103
2009-03-17,6,125
2009-03-18,6,136
2009-03-19,7,131
2009-03-20,6,129
2009-03-24,6,125
2009-03-25,6,118
2009-03-26,4,127
2009-03-27,6,110
2009-03-30,4,103
2009-03-31,6,126
2009-04-01,7,102
2009-04-02,7,100
2009-04-03,7,81
2009-04-06,9,90
2009-04-07,9,79
2009-04-08,7,78
2009-04-09,5,81
2009-04-10,6,61
2009-04-13,7,86
2009-04-14,5,75
2009-04-15,4,73
2009-04-16,6,94
2009-04-17,4,70
2009-04-20,7,82
2009-04-21,6,87
2009-04-22,5,101
2009-04-23,5,113
2009-04-24,6,93
2009-04-27,5,114
2009-04-28,8,98
2009-04-29,8,111
2009-04-30,4,111
2009-05-04,4,119
2009-05-05,3,139
2009-05-06,3,138
2009-05-07,5,158
2009-05-08,6,153
2009-05-11,4,146
2009-05-12,4,143
2009-05-13,7,153
2009-05-14,6,163
2009-05-15,4,140
2009-05-18,5,146
2009-05-19,7,156
2009-05-20,6,161
2009-05-21,3,170
2009-05-22,5,174
2009-05-25,7,141
2009-05-26,6,158
2009-05-27,7,172
2009-05-28,9,132
2009-05-29,9,127
2009-06-01,10,140
2009-06-02,7,167
2009-06-03,6,179
2009-06-04,9,172
2009-06-05,10,154
2009-06-08,9,151
2009-06-09,11,142
2009-06-10,7,158
2009-06-11,9,162
2009-06-12,11,147
2009-06-15,9,135
2009-06-16,6,140
2009-06-17,10,136
2009-06-18,8,138
2009-06-19,6,127
2009-06-22,9,166
2009-06-23,10,168
2009-06-24,8,155
2009-06-25,9,172
2009-06-26,11,150
2009-06-29,9,139
2009-06-30,7,153
2009-07-01,8,145
2009-07-02,12,110
2009-07-03,9,118
2009-07-06,9,109
2009-07-07,14,108
2009-07-08,9,120
2009-07-09,9,110
2009-07-10,14,109
2009-07-13,18,103
2009-07-14,16,116
2009-07-15,18,89
2009-07-16,16,104
2009-07-17,17,68
2009-07-20,15,77
2009-07-21,15,159
2009-07-22,18,139
2009-07-23,19,140
2009-07-24,22,120
2009-07-27,19,134
2009-07-28,23,113
2009-07-29,24,143
2009-07-30,17,143
2009-07-31,25,120
2009-08-03,26,138
2009-08-04,24,134
2009-08-05,29,163
2009-08-06,23,155
2009-08-07,23,114
2009-08-10,27,124
2009-08-11,28,138
2009-08-12,32,146
2009-08-13,29,150
2009-08-17,22,140
2009-08-18,22,145
2009-08-19,21,158
2009-08-20,21,164
2009-08-21,26,129
2009-08-24,27,137
2009-08-25,27,130
2009-08-26,28,118
2009-08-27,32,130
2009-08-28,36,127
2009-08-31,34,120
2009-09-01,35,117
2009-09-02,35,118
2009-09-03,34,108
2009-09-04,36,96
2009-09-07,33,102
2009-09-08,29,111
2009-09-09,38,101
2009-09-10,37,110
2009-09-11,36,108
2009-09-14,34,117
2009-09-15,34,97
2009-09-16,34,97
2009-09-17,38,94
2009-09-18,40,69
2009-09-24,53,68
2009-09-25,49,64
2009-09-28,47,55
2009-09-29,50,57
2009-09-30,45,73
2009-10-01,44,81
2009-10-02,53,60
2009-10-05,52,73
2009-10-06,57,66
2009-10-07,63,76
2009-10-08,60,61
2009-10-09,63,59
2009-10-12,52,80
2009-10-13,61,76
2009-10-14,64,71
2009-10-15,65,86
2009-10-16,63,72
2009-10-19,36,93
2009-10-20,50,86
2009-10-21,29,92
2009-10-22,25,106
2009-10-23,24,113
2009-10-26,25,117
2009-10-27,24,123
2009-10-28,29,139
2009-10-29,27,128
2009-10-30,34,126
2009-11-02,26,131
2009-11-03,28,144
2009-11-04,33,163
2009-11-05,33,178
2009-11-06,33,161
2009-11-10,18,157
2009-11-11,26,165
2009-11-12,25,167
2009-11-13,36,162
2009-11-16,42,158
2009-11-17,43,152
2009-11-18,41,159
2009-11-19,38,153
2009-11-20,40,151
2009-11-23,30,160
2009-11-24,32,147
2009-11-25,33,140
2009-11-26,32,135
2009-12-01,26,147
2009-12-02,33,136
2009-12-03,27,145
2009-12-04,24,140
2009-12-07,27,142
2009-12-08,22,151
2009-12-09,26,142
2009-12-10,25,136
2009-12-11,33,133
2009-12-14,39,123
2009-12-15,41,115
2009-12-16,35,122
2009-12-17,37,111
2009-12-18,36,134
2009-12-21,38,127
2009-12-22,38,109
2009-12-23,43,111
2009-12-24,46,116
2009-12-29,39,81
2009-12-30,48,101
2009-12-31,45,122
2010-01-04,47,113
2010-01-05,54,108
2010-01-06,62,98
2010-01-07,71,89
2010-01-08,68,69
2010-01-11,68,82
2010-01-12,69,93
2010-01-13,66,105
2010-01-14,64,99
2010-01-15,63,87
2010-01-18,68,92
2010-01-19,76,87
2010-01-20,62,101
2010-01-21,50,111
2010-01-22,59,86
2010-01-25,56,103
2010-01-26,57,106
2010-01-27,51,113
2010-01-28,39,113
2010-01-29,52,99
2010-02-01,42,122
2010-02-02,45,129
2010-02-03,45,111
2010-02-04,67,96
2010-02-08,58,96
2010-02-09,60,93
2010-02-10,62,100
2010-02-11,68,113
2010-02-12,62,84
2010-02-15,54,105
2010-02-16,62,107
2010-02-17,73,89
2010-02-18,73,84
2010-02-19,73,76
2010-02-22,69,86
2010-02-23,58,104
2010-02-24,42,125
2010-02-25,35,125
2010-02-26,33,118
2010-03-01,31,146
2010-03-02,36,147
2010-03-03,26,161
2010-03-04,27,159
2010-03-05,39,162
2010-03-08,46,152
2010-03-09,57,147
2010-03-10,49,150
2010-03-11,53,146
2010-03-12,51,124
2010-03-15,52,135
2010-03-16,51,146
2010-03-17,45,144
2010-03-18,36,150
2010-03-19,48,149
2010-03-22,47,154
2010-03-24,47,165
2010-03-25,54,154
2010-03-26,58,137
2010-03-29,56,155
2010-03-30,51,158
2010-03-31,57,167
2010-04-01,59,146
2010-04-02,61,119
2010-04-05,62,159
2010-04-06,58,143
2010-04-07,65,129
2010-04-08,64,123
2010-04-09,65,121
2010-04-12,56,122
2010-04-13,49,141
2010-04-14,61,129
2010-04-15,63,102
2010-04-16,64,99
2010-04-19,70,111
2010-04-20,75,105
2010-04-21,71,111
2010-04-22,69,126
2010-04-23,73,105
2010-04-26,66,116
2010-04-27,65,125
2010-04-28,52,150
2010-04-29,46,148
2010-04-30,42,145
2010-05-03,37,153
2010-05-04,48,149
2010-05-05,50,163
2010-05-06,53,149
2010-05-07,45,141
2010-05-10,42,166
2010-05-11,38,170
2010-05-12,37,169
2010-05-13,37,160
2010-05-14,37,167
2010-05-17,25,178
2010-05-18,22,184
2010-05-19,26,190
2010-05-20,20,188
2010-05-21,17,187
2010-05-24,15,201
2010-05-25,13,240
2010-05-26,15,228
2010-05-27,10,252
2010-05-28,15,222
2010-05-31,12,224
2010-06-01,13,223
2010-06-02,20,212
2010-06-03,20,233
2010-06-04,20,201
2010-06-07,28,192
2010-06-08,29,196
2010-06-09,21,214
2010-06-10,17,247
2010-06-11,21,213
2010-06-14,12,262
2010-06-15,15,259
2010-06-16,15,233
2010-06-17,24,220
2010-06-18,19,203
2010-06-21,22,212
2010-06-22,21,218
2010-06-23,19,241
2010-06-24,15,241
2010-06-25,17,241
2010-06-28,16,265
2010-06-29,21,238
2010-06-30,23,224
2010-07-01,21,178
2010-07-02,19,173
2010-07-05,24,168
2010-07-06,24,178
2010-07-07,25,137
2010-07-08,25,143
2010-07-09,26,106
2010-07-12,27,114
2010-07-13,31,99
2010-07-14,39,88
2010-07-15,39,88
2010-07-16,38,91
2010-07-19,38,83
2010-07-20,41,94
2010-07-21,41,96
2010-07-22,42,116
2010-07-23,49,112
2010-07-26,47,129
2010-07-27,48,111
2010-07-28,47,105
2010-07-29,58,111
2010-07-30,57,84
2010-08-02,55,106
2010-08-03,49,97
2010-08-04,50,109
2010-08-05,50,132
2010-08-06,41,141
2010-08-09,26,161
2010-08-10,30,182
2010-08-11,25,174
2010-08-12,23,159
2010-08-13,28,142
2010-08-16,18,186
2010-08-17,27,187
2010-08-18,27,177
2010-08-19,25,186
2010-08-20,31,173
2010-08-23,30,167
2010-08-24,27,196
2010-08-25,23,207
2010-08-26,28,191
2010-08-27,25,164
2010-08-30,23,185
2010-08-31,28,174
2010-09-01,24,170
2010-09-02,29,167
2010-09-03,24,157
2010-09-06,22,175
2010-09-07,20,179
2010-09-08,28,147
2010-09-09,34,142
2010-09-14,34,113
2010-09-15,33,132
2010-09-16,28,122
2010-09-17,36,110
2010-09-20,39,116
2010-09-21,36,146
2010-09-22,35,166
2010-09-23,25,158
2010-09-24,37,152
2010-09-27,37,157
2010-09-28,38,150
2010-09-29,38,157
2010-09-30,40,160
2010-10-01,39,134
2010-10-04,44,162
2010-10-05,41,164
2010-10-06,43,184
2010-10-07,42,134
2010-10-08,40,117
2010-10-11,46,119
2010-10-12,42,129
2010-10-13,46,116
2010-10-14,45,103
2010-10-15,48,106
2010-10-18,42,103
2010-10-19,39,101
2010-10-20,35,95
2010-10-21,35,104
2010-10-22,30,81
2010-10-25,38,78
2010-10-26,38,97
2010-10-27,36,89
2010-10-28,31,108
2010-10-29,37,117
2010-11-01,35,129
2010-11-02,40,112
2010-11-03,39,136
2010-11-04,42,132
2010-11-05,45,107
2010-11-08,42,114
2010-11-10,46,120
2010-11-11,40,114
2010-11-12,43,101
2010-11-15,50,106
2010-11-16,50,108
2010-11-22,45,78
2010-11-23,49,87
2010-11-24,53,86
2010-11-25,52,83
2010-11-26,50,103
2010-11-29,47,83
2010-11-30,56,78
2010-12-01,51,97
2010-12-02,60,90
2010-12-03,64,70
2010-12-06,58,83
2010-12-07,63,79
2010-12-08,70,77
2010-12-09,68,85
2010-12-10,72,65
2010-12-13,69,57
2010-12-14,73,60
2010-12-15,74,62
2010-12-20,82,57
2010-12-21,75,55
2010-12-22,83,63
2010-12-23,75,56
2010-12-24,77,60
2010-12-27,86,64
2010-12-28,80,61
2010-12-29,88,62
2010-12-30,92,70
2010-12-31,101,52
2011-01-03,77,71
2011-01-04,101,65
2011-01-05,98,71
2011-01-06,102,60
2011-01-07,108,67
2011-01-10,110,76
2011-01-11,108,72
2011-01-12,110,78
2011-01-13,113,69
2011-01-14,114,59
2011-01-17,121,62
2011-01-18,115,60
2011-01-19,101,64
2011-01-20,91,78
2011-01-21,92,66
2011-01-24,83,81
2011-01-25,80,81
2011-01-26,86,85
2011-01-27,83,85
2011-01-28,83,83
2011-01-31,72,99
2011-02-01,66,111
2011-02-02,57,116
2011-02-03,78,105
2011-02-04,78,116
2011-02-07,83,107
2011-02-08,83,109
2011-02-09,72,121
2011-02-10,68,123
2011-02-11,61,132
2011-02-14,55,145
2011-02-15,57,135
2011-02-17,61,143
2011-02-18,63,140
2011-02-21,55,139
2011-02-22,35,139
2011-02-23,39,151
2011-02-24,35,166
2011-02-25,29,162
2011-02-28,47,154
2011-03-01,50,162
2011-03-02,52,159
2011-03-03,71,148
2011-03-04,68,134
2011-03-07,73,135
2011-03-08,63,131
2011-03-09,73,123
2011-03-10,76,130
2011-03-11,74,113
2011-03-14,71,119
2011-03-15,58,141
2011-03-16,53,137
2011-03-17,64,129
2011-03-18,59,137
2011-03-21,48,144
2011-03-22,54,131
2011-03-24,51,145
2011-03-25,54,135
2011-03-28,62,132
2011-03-29,63,116
2011-03-30,70,99
2011-03-31,73,120
2011-04-01,72,112
2011-04-04,69,105
2011-04-05,70,104
2011-04-06,72,109
2011-04-07,66,114
2011-04-08,71,111
2011-04-11,68,121
2011-04-12,69,113
2011-04-13,64,129
2011-04-14,58,117
2011-04-15,55,110
2011-04-18,55,119
2011-04-19,48,127
2011-04-20,59,128
2011-04-21,64,117
2011-04-22,69,114
2011-04-25,65,124
2011-04-26,72,125
2011-04-27,91,140
2011-04-28,83,126
2011-04-29,81,117
2011-05-02,68,137
2011-05-03,57,142
2011-05-04,36,149
2011-05-05,49,151
2011-05-06,42,154
2011-05-09,51,151
2011-05-10,52,147
2011-05-11,52,155
2011-05-12,48,151
2011-05-13,41,125
2011-05-16,46,139
2011-05-17,47,142
2011-05-18,40,137
2011-05-19,52,150
2011-05-20,49,134
2011-05-23,49,130
2011-05-24,60,115
2011-05-25,63,107
2011-05-26,76,75
2011-05-27,71,78
2011-05-30,70,65
2011-05-31,60,72
2011-06-01,63,69
2011-06-02,69,70
2011-06-03,78,77
2011-06-06,62,84
2011-06-07,81,74
2011-06-08,68,83
2011-06-09,65,71
2011-06-10,67,82
2011-06-13,59,88
2011-06-14,59,84
2011-06-15,68,106
2011-06-16,63,106
2011-06-17,52,110
2011-06-20,42,123
2011-06-21,55,119
2011-06-22,52,125
2011-06-23,61,115
2011-06-24,47,118
2011-06-27,47,119
2011-06-28,49,133
2011-06-29,53,127
2011-06-30,46,121
2011-07-01,38,116
2011-07-04,43,117
2011-07-05,50,118
2011-07-06,54,116
2011-07-07,49,111
2011-07-08,56,111
2011-07-11,41,127
2011-07-12,51,146
2011-07-13,48,121
2011-07-14,31,103
2011-07-15,45,130
2011-07-18,43,134
2011-07-19,51,143
2011-07-20,51,134
2011-07-21,59,134
2011-07-22,60,129
2011-07-25,56,117
2011-07-26,56,131
2011-07-27,52,151
2011-07-28,34,160
2011-07-29,33,138
2011-08-01,38,137
2011-08-02,32,125
2011-08-03,26,144
2011-08-04,23,142
2011-08-05,19,169
2011-08-08,21,173
2011-08-09,24,173
2011-08-10,25,172
2011-08-11,20,155
2011-08-12,23,160
2011-08-15,28,154
2011-08-16,28,146
2011-08-17,35,167
2011-08-18,25,164
2011-08-19,23,170
2011-08-22,27,163
2011-08-23,21,141
2011-08-24,31,171
2011-08-25,15,162
2011-08-29,19,142
2011-08-30,17,151
2011-09-05,27,147
2011-09-06,37,163
2011-09-07,26,138
2011-09-08,32,131
2011-09-09,35,123
2011-09-12,29,133
2011-09-13,27,124
2011-09-14,45,140
2011-09-15,39,138
2011-09-16,47,137
2011-09-19,46,140
2011-09-20,45,120
2011-09-21,53,109
2011-09-22,53,103
2011-09-23,49,120
2011-09-26,43,159
2011-09-27,48,138
2011-09-28,49,137
2011-09-29,55,130
2011-09-30,50,112
2011-10-03,55,121
2011-10-04,61,132
2011-10-05,57,131
2011-10-06,60,143
2011-10-07,65,140
2011-10-10,59,127
2011-10-11,53,134
2011-10-12,48,131
2011-10-13,51,131
2011-10-14,50,132
2011-10-17,46,139
2011-10-18,51,143
2011-10-19,39,151
2011-10-20,40,151
2011-10-21,29,152
2011-10-25,29,150
2011-10-26,22,151
2011-10-27,22,178
2011-10-28,22,162
2011-10-31,25,158
2011-11-01,26,169
2011-11-02,26,154
2011-11-03,26,152
2011-11-04,25,147
2011-11-10,25,142
2011-11-14,25,142
2011-11-15,25,160
2011-11-16,25,158
2011-11-17,20,160
2011-11-18,19,147
2011-11-21,19,163
2011-11-22,20,162
2011-11-23,15,161
2011-11-24,17,176
2011-11-25,13,172
2011-11-28,18,172
2011-11-29,21,166
2011-11-30,23,163
2011-12-01,24,164
2011-12-02,20,178
2011-12-07,22,185
2011-12-08,29,179
2011-12-09,17,169
2011-12-12,22,171
2011-12-13,18,176
2011-12-14,14,170
2011-12-15,16,196
2011-12-16,18,205
2011-12-19,19,189
2011-12-20,21,176
2011-12-21,23,178
2011-12-22,22,158
2011-12-23,24,177
2011-12-26,21,161
2011-12-27,21,163
2011-12-28,23,159
2011-12-29,25,152
2011-12-30,25,131
2012-01-02,25,151
2012-01-03,25,124
2012-01-04,20,126
2012-01-05,22,117
2012-01-06,26,115
2012-01-09,27,113
2012-01-10,21,167
2012-01-11,25,138
2012-01-12,23,121
2012-01-13,21,121
2012-01-16,24,108
2012-01-17,28,101
2012-01-18,26,94
2012-01-19,31,83
2012-01-20,30,69
2012-01-23,37,63
2012-01-24,38,77
2012-01-25,38,53
2012-01-26,38,57
2012-01-27,42,58
2012-01-30,38,72
2012-01-31,43,78
2012-02-01,38,79
2012-02-02,43,78
2012-02-03,42,70
2012-02-06,49,66
2012-02-07,54,67
2012-02-08,60,64
2012-02-09,58,70
2012-02-10,55,56
2012-02-13,57,56
2012-02-14,59,61
2012-02-15,68,52
2012-02-16,72,45
2012-02-17,67,63
2012-02-20,84,98
2012-02-21,74,58
2012-02-22,83,59
2012-02-23,81,60
2012-02-24,92,55
2012-02-27,89,61
2012-02-28,85,58
2012-02-29,85,66
2012-03-01,90,56
2012-03-02,91,59
2012-03-05,99,45
2012-03-06,100,51
2012-03-07,108,44
2012-03-08,115,36
2012-03-09,118,35
2012-03-12,124,43
2012-03-13,123,45
2012-03-14,129,38
2012-03-15,132,26
2012-03-16,124,26
2012-03-19,117,37
2012-03-20,117,37
2012-03-21,131,35
2012-03-22,134,36
2012-03-26,127,37
2012-03-27,142,38
2012-03-28,148,40
2012-03-29,141,59
2012-03-30,144,25
2012-04-02,139,37
2012-04-03,140,43
2012-04-04,157,39
2012-04-05,160,39
2012-04-06,165,35
2012-04-09,167,34
2012-04-10,164,39
2012-04-11,163,39
2012-04-12,142,37
2012-04-13,134,39
2012-04-16,125,40
2012-04-17,132,33
2012-04-18,155,34
2012-04-19,148,40
2012-04-20,130,28
2012-04-23,141,31
2012-04-24,143,28
2012-04-25,125,26
2012-04-26,114,33
2012-04-27,109,34
2012-04-30,114,37
2012-05-02,133,35
2012-05-03,156,25
2012-05-04,152,21
2012-05-07,154,34
2012-05-08,149,32
2012-05-09,164,24
2012-05-10,139,27
2012-05-11,123,27
2012-05-14,123,37
2012-05-15,135,37
2012-05-16,102,42
2012-05-17,110,51
2012-05-18,83,49
2012-05-21,101,48
2012-05-22,139,46
2012-05-23,125,40
2012-05-24,108,44
2012-05-25,121,48
2012-05-28,138,45
2012-05-29,145,46
2012-05-30,129,45
2012-05-31,121,44
2012-06-01,134,43
2012-06-04,127,48
2012-06-05,116,43
2012-06-06,103,48
2012-06-07,93,50
2012-06-08,77,55
2012-06-11,67,56
2012-06-12,66,58
2012-06-13,63,53
2012-06-14,99,64
2012-06-15,100,54
2012-06-18,97,54
2012-06-19,78,62
2012-06-20,91,60
2012-06-21,72,59
2012-06-22,95,55
2012-06-25,74,58
2012-06-26,79,64
2012-06-27,82,60
2012-06-28,85,47
2012-06-29,102,74
2012-07-02,79,45
2012-07-03,90,48
2012-07-04,97,49
2012-07-05,90,44
2012-07-06,106,42
2012-07-09,110,52
2012-07-10,125,49
2012-07-11,121,52
2012-07-12,121,44
2012-07-13,131,51
2012-07-16,117,49
2012-07-17,131,40
2012-07-18,139,36
2012-07-19,147,42
2012-07-20,144,52
2012-07-23,96,24
2012-07-24,88,27
2012-07-25,108,32
2012-07-26,117,32
2012-07-27,109,30
2012-07-30,117,38
2012-07-31,119,35
2012-08-01,123,38
2012-08-02,129,38
2012-08-03,95,34
2012-08-06,95,34
2012-08-07,101,40
2012-08-08,108,35
2012-08-09,125,43
2012-08-10,104,38
2012-08-13,138,33
2012-08-15,125,37
2012-08-16,130,35
2012-08-23,137,26
2012-08-24,148,21
2012-08-27,154,20
2012-08-28,164,24
2012-08-29,153,20
2012-08-30,158,19
2012-08-31,158,18
2012-09-03,169,17
2012-09-04,173,17
2012-09-05,172,13
2012-09-06,157,14
2012-09-07,158,14
2012-09-10,151,19
2012-09-11,155,18
2012-09-12,158,22
2012-09-13,149,20
2012-09-14,159,21
2012-09-17,137,27
2012-09-18,159,21
2012-09-19,163,18
2012-09-20,148,24
2012-09-24,123,24
2012-09-25,125,25
2012-09-26,125,22
2012-09-27,131,25
2012-09-28,133,29
2012-10-01,135,24
2012-10-02,132,22
2012-10-03,152,19
2012-10-04,157,20
2012-10-05,144,17
2012-10-08,117,24
2012-10-09,115,29
2012-10-10,110,25
2012-10-11,120,24
2012-10-12,108,29
2012-10-15,120,30
2012-10-16,86,32
2012-10-17,97,34
2012-10-18,114,33
2012-10-19,111,30
2012-10-22,123,26
2012-10-23,122,32
2012-10-24,127,29
2012-10-25,123,28
2012-10-30,127,29
2012-10-31,115,37
2012-11-01,125,36
2012-11-02,134,36
2012-11-05,127,27
2012-11-06,118,36
2012-11-07,120,30
2012-11-08,126,29
2012-11-12,125,32
2012-11-13,121,27
2012-11-14,128,32
2012-11-15,153,31
2012-11-16,165,29
2012-11-19,172,25
2012-11-20,179,31
2012-11-21,182,28
2012-11-22,199,23
2012-11-23,198,20
2012-11-26,217,19
2012-11-27,234,17
2012-11-28,245,19
2012-11-29,223,14
2012-11-30,222,20
2012-12-03,225,22
2012-12-04,218,16
2012-12-05,228,16
2012-12-06,240,11
2012-12-07,226,14
2012-12-10,218,18
2012-12-11,201,20
2012-12-12,189,22
2012-12-13,196,18
2012-12-14,192,20
2012-12-17,187,24
2012-12-18,190,18
2012-12-19,188,21
2012-12-20,186,20
2012-12-21,182,16
2012-12-24,176,18
2012-12-26,165,17
2012-12-27,163,22
2012-12-28,160,15
2012-12-31,158,18
2013-01-01,123,22
2013-01-02,59,32
2013-01-03,75,22
2013-01-04,93,25
2013-01-07,62,30
2013-01-08,95,25
2013-01-09,102,25
2013-01-10,78,32
2013-01-11,90,33
2013-01-14,82,28
2013-01-15,30,44
2013-01-16,41,42
2013-01-17,57,43
2013-01-18,104,28
2013-01-21,106,28
2013-01-22,138,20
2013-01-23,135,24
2013-01-24,135,15
2013-01-28,124,24
2013-01-29,152,24
2013-01-30,158,17
2013-01-31,170,17
2013-02-01,158,17
2013-02-04,169,20
2013-02-06,173,17
2013-02-07,173,16
2013-02-08,180,15
2013-02-11,187,17
2013-02-12,181,18
2013-02-13,191,15
2013-02-14,177,17
2013-02-15,177,18
2013-02-18,154,21
2013-02-19,150,27
2013-02-20,156,25
2013-02-21,161,28
2013-02-22,185,30
2013-02-25,169,30
2013-02-26,144,28
2013-02-27,158,31
2013-02-28,137,26
2013-03-01,117,33
2013-03-04,114,30
2013-03-05,107,34
2013-03-06,106,38
2013-03-07,111,37
2013-03-08,99,33
2013-03-11,75,42
2013-03-12,92,43
2013-03-13,69,39
2013-03-14,69,39
2013-03-15,74,36
2013-03-18,64,44
2013-03-19,83,46
2013-03-20,86,37
2013-03-21,95,41
2013-03-22,87,45
2013-03-25,89,39
2013-03-26,77,49
2013-03-27,82,44
2013-03-28,84,46
2013-03-29,99,47
2013-04-01,106,36
2013-04-02,105,37
2013-04-03,120,42
2013-04-04,121,38
2013-04-05,126,35
2013-04-08,120,38
2013-04-09,136,41
2013-04-10,126,37
2013-04-11,121,32
2013-04-12,123,33
2013-04-15,92,41
2013-04-16,78,51
2013-04-17,80,54
2013-04-18,95,45
2013-04-19,95,43
2013-04-22,88,45
2013-04-23,103,51
2013-04-24,115,43
2013-04-25,136,42
2013-04-26,149,39
2013-04-29,136,44
2013-04-30,142,44
2013-05-02,145,46
2013-05-03,157,38
2013-05-06,157,38
2013-05-07,147,38
2013-05-08,160,40
2013-05-09,165,34
2013-05-10,169,23
2013-05-13,187,17
2013-05-14,171,18
2013-05-15,177,21
2013-05-16,169,15
2013-05-17,193,17
2013-05-20,203,13
2013-05-21,208,12
2013-05-22,209,18
2013-05-23,196,15
2013-05-24,198,18
2013-05-27,156,16
2013-05-28,198,14
2013-05-29,202,14
2013-05-30,230,9
2013-05-31,230,11
2013-06-03,237,7
2013-06-04,247,4
2013-06-05,241,4
2013-06-06,220,5
2013-06-07,218,6
2013-06-10,203,8
2013-06-11,216,4
2013-06-12,218,3
2013-06-13,229,3
2013-06-14,209,5
2013-06-17,186,9
2013-06-18,164,11
2013-06-19,185,12
2013-06-20,174,12
2013-06-21,113,11
2013-06-24,72,22
2013-06-25,75,17
2013-06-26,66,18
2013-06-27,86,18
2013-06-28,104,16
2013-07-01,125,20
2013-07-02,146,15
2013-07-03,170,16
2013-07-04,182,15
2013-07-05,183,11
2013-07-08,190,14
2013-07-09,192,11
2013-07-10,189,13
2013-07-11,151,19
2013-07-12,174,14
2013-07-15,177,18
2013-07-16,178,14
2013-07-17,154,20
2013-07-18,170,13
2013-07-19,194,10
2013-07-22,205,14
2013-07-23,187,18
2013-07-24,200,19
2013-07-25,206,19
2013-07-26,186,21
2013-07-29,181,25
2013-07-30,160,22
2013-07-31,161,19
2013-08-01,148,19
2013-08-05,114,26
2013-08-06,106,18
2013-08-07,143,21
2013-08-12,186,18
2013-08-13,191,15
2013-08-15,165,17
2013-08-16,174,17
2013-08-19,140,21
2013-08-20,156,22
2013-08-21,113,24
2013-08-22,97,27
2013-08-23,110,23
2013-08-26,129,22
2013-08-27,94,25
2013-08-28,69,31
2013-08-29,66,31
2013-08-30,58,32
2013-09-02,38,36
2013-09-03,49,35
2013-09-04,42,37
2013-09-05,70,40
2013-09-06,99,42
2013-09-09,86,33
2013-09-10,112,31
2013-09-11,123,30
2013-09-12,118,24
2013-09-13,117,27
2013-09-16,117,29
2013-09-17,104,35
2013-09-18,94,34
2013-09-19,133,29
2013-09-20,115,30
2013-09-23,137,30
2013-09-24,102,30
2013-09-25,104,40
2013-09-26,95,42
2013-09-27,78,41
2013-09-30,62,43
2013-10-01,68,40
2013-10-02,76,40
2013-10-03,77,47
2013-10-04,68,38
2013-10-07,62,46
2013-10-08,76,43
2013-10-09,65,54
2013-10-10,55,53
2013-10-11,60,57
2013-10-14,49,57
2013-10-21,43,67
2013-10-22,48,53
2013-10-23,41,60
2013-10-24,40,58
2013-10-25,42,56
2013-10-28,39,60
2013-10-29,40,66
2013-10-30,39,75
2013-10-31,48,73
2013-11-01,44,62
2013-11-04,41,72
2013-11-05,41,78
2013-11-06,48,67
2013-11-07,51,64
2013-11-08,52,59
2013-11-11,52,51
2013-11-12,59,55
2013-11-13,57,56
2013-11-18,62,44
2013-11-19,70,44
2013-11-20,69,42
2013-11-21,76,51
2013-11-22,81,51
2013-11-25,90,48
2013-11-26,92,55
2013-11-27,93,55
2013-11-28,107,52
2013-11-29,107,44
2013-12-02,119,61
2013-12-03,120,60
2013-12-04,123,64
2013-12-05,135,47
2013-12-06,142,42
2013-12-09,134,47
2013-12-10,144,44
2013-12-11,155,36
2013-12-12,176,29
2013-12-13,185,22
2013-12-16,192,18
2013-12-17,192,15
2013-12-18,213,16
2013-12-19,212,18
2013-12-20,211,10
2013-12-23,184,14
2013-12-24,185,15
2013-12-26,223,13
2013-12-27,212,20
2013-12-30,210,12
2013-12-31,238,10
2014-01-01,243,5
2014-01-02,252,8
2014-01-03,253,10
2014-01-06,258,9
2014-01-07,262,10
2014-01-08,270,7
2014-01-09,279,9
2014-01-10,258,6
2014-01-13,280,5
2014-01-15,289,5
2014-01-16,278,3
2014-01-17,285,4
2014-01-20,283,6
2014-01-21,303,7
2014-01-22,309,3
2014-01-23,314,6
2014-01-24,305,3
2014-01-27,270,1
2014-01-28,266,5
2014-01-29,252,4
2014-01-30,251,5
2014-01-31,250,5
2014-02-03,242,3
2014-02-04,211,5
2014-02-06,224,6
2014-02-07,173,5
2014-02-10,127,6
2014-02-11,127,8
2014-02-12,178,9
2014-02-13,167,9
2014-02-14,133,9
2014-02-17,76,13
2014-02-18,67,15
2014-02-19,70,13
2014-02-20,62,17
2014-02-21,100,18
2014-02-24,100,18
2014-02-25,69,23
2014-02-26,74,20
2014-02-27,59,21
2014-02-28,76,23
2014-03-03,82,30
2014-03-04,95,28
2014-03-05,106,35
2014-03-06,132,28
2014-03-07,127,26
2014-03-10,131,25
2014-03-11,137,24
2014-03-12,120,30
2014-03-13,126,27
2014-03-14,139,30
2014-03-17,140,29
2014-03-18,137,25
2014-03-19,136,28
2014-03-20,123,28
2014-03-21,102,29
2014-03-24,95,33
2014-03-25,102,32
2014-03-26,114,29
2014-03-27,126,25
2014-03-28,113,24
2014-03-31,121,29
2014-04-01,137,19
2014-04-02,148,20
2014-04-03,154,18
2014-04-04,145,14
2014-04-07,153,17
2014-04-08,145,14
2014-04-09,151,14
2014-04-10,165,17
2014-04-11,156,24
2014-04-14,153,25
2014-04-15,153,26
2014-04-16,157,27
2014-04-17,144,24
2014-04-18,157,20
2014-04-21,130,23
2014-04-22,139,26
2014-04-23,127,25
2014-04-24,114,30
2014-04-25,112,24
2014-04-28,96,24
2014-04-29,70,31
2014-04-30,101,35
2014-05-02,105,34
2014-05-05,84,35
2014-05-06,66,33
2014-05-07,61,36
2014-05-08,77,44
2014-05-09,81,42
2014-05-12,64,46
2014-05-13,55,47
2014-05-14,68,52
2014-05-15,98,48
2014-05-16,96,47
2014-05-19,99,37
2014-05-20,104,45
2014-05-21,105,46
2014-05-22,104,46
2014-05-23,97,38
2014-05-26,100,49
2014-05-27,103,56
2014-05-28,117,52
2014-05-29,123,37
2014-05-30,135,44
2014-06-02,124,46
2014-06-03,109,65
2014-06-04,113,49
2014-06-05,109,56
2014-06-06,95,50
2014-06-09,101,54
2014-06-10,104,62
2014-06-11,114,60
2014-06-12,105,57
2014-06-13,100,59
2014-06-16,94,62
2014-06-17,59,73
2014-06-18,62,72
2014-06-19,39,90
2014-06-20,35,69
2014-06-23,58,71
2014-06-24,71,73
2014-06-25,55,85
2014-06-26,74,76
2014-06-27,83,76
2014-06-30,76,72
2014-07-01,75,66
2014-07-02,77,65
2014-07-03,74,64
2014-07-04,66,76
2014-07-07,61,70
2014-07-08,66,61
2014-07-09,60,73
2014-07-10,44,72
2014-07-11,40,69
2014-07-14,71,67
2014-07-15,66,75
2014-07-16,68,80
2014-07-17,88,73
2014-07-18,90,70
2014-07-21,95,78
2014-07-22,95,67
2014-07-23,94,69
2014-07-24,94,78
2014-07-28,80,60
2014-08-04,46,98
2014-08-05,47,83
2014-08-06,39,87
2014-08-07,50,85
2014-08-08,36,92
2014-08-11,13,113
2014-08-12,22,122
2014-08-13,30,104
2014-08-15,42,102
2014-08-18,44,104
2014-08-19,28,115
2014-08-20,34,100
2014-08-21,50,123
2014-08-22,42,94
2014-08-25,28,93
2014-08-26,20,105
2014-08-27,19,119
2014-08-28,20,112
2014-08-29,39,107
2014-09-01,34,102
2014-09-02,53,63
2014-09-03,63,56
2014-09-04,74,48
2014-09-05,77,47
2014-09-08,75,59
2014-09-09,86,56
2014-09-10,85,62
2014-09-11,97,54
2014-09-12,94,33
2014-09-15,101,36
2014-09-16,99,49
2014-09-17,98,48
2014-09-18,109,43
2014-09-19,116,32
2014-09-22,118,37
2014-09-23,125,30
2014-09-24,132,33
2014-09-25,130,34
2014-09-26,135,34
2014-09-29,110,51
2014-09-30,119,54
2014-10-01,129,54
2014-10-02,135,53
2014-10-03,131,45
2014-10-09,129,41
2014-10-10,155,53
2014-10-13,158,43
2014-10-14,156,35
2014-10-15,155,38
2014-10-16,159,38
2014-10-17,140,44
2014-10-20,128,48
2014-10-21,124,55
2014-10-22,130,48
2014-10-23,139,56
2014-10-24,121,59
2014-10-27,121,54
2014-10-28,119,64
2014-10-29,103,73
2014-10-30,119,76
2014-10-31,125,70
2014-11-05,134,61
2014-11-06,130,66
2014-11-07,158,47
2014-11-10,159,42
2014-11-11,163,43
2014-11-12,178,32
2014-11-13,172,44
2014-11-14,165,42
2014-11-17,162,42
2014-11-18,158,40
2014-11-19,141,44
2014-11-20,119,57
2014-11-21,133,46
2014-11-24,125,43
2014-11-25,120,51
2014-11-26,128,50
2014-11-27,119,47
2014-11-28,133,53
2014-12-01,145,42
2014-12-02,158,39
2014-12-03,164,40
2014-12-04,174,33
2014-12-05,170,33
2014-12-08,161,31
2014-12-09,159,29
2014-12-10,137,43
2014-12-11,127,37
2014-12-12,124,34
2014-12-15,133,36
2014-12-16,91,54
2014-12-17,76,58
2014-12-18,86,54
2014-12-19,99,47
2014-12-22,104,43
2014-12-23,113,51
2014-12-24,113,51
2014-12-26,112,53
2014-12-29,100,64
2014-12-30,114,64
2014-12-31,126,62
2015-01-01,125,47
2015-01-02,155,42
2015-01-05,151,40
2015-01-06,142,48
2015-01-07,144,49
2015-01-08,155,45
2015-01-09,154,30
2015-01-12,160,42
2015-01-13,173,41
2015-01-14,177,33
2015-01-15,193,29
2015-01-16,176,26
2015-01-19,181,24
2015-01-20,180,27
2015-01-21,184,32
2015-01-22,169,30
2015-01-23,153,31
2015-01-26,185,32
2015-01-27,168,40
2015-01-28,146,43
2015-01-29,153,42
2015-01-30,151,36
2015-02-02,159,49
2015-02-03,141,48
2015-02-04,139,52
2015-02-06,139,40
2015-02-09,124,47
2015-02-10,122,47
2015-02-11,102,55
2015-02-12,88,60
2015-02-13,97,50
2015-02-16,87,56
2015-02-17,86,57
2015-02-18,75,60
2015-02-19,101,63
2015-02-20,100,65
2015-02-23,88,57
2015-02-24,80,75
2015-02-25,71,73
2015-02-26,69,79
2015-02-27,57,68
2015-03-02,39,84
2015-03-03,50,90
2015-03-04,51,97
2015-03-05,55,88
2015-03-06,59,77
2015-03-09,55,79
2015-03-10,34,87
2015-03-11,31,91
2015-03-12,41,97
2015-03-13,45,83
2015-03-16,42,94
2015-03-17,44,92
2015-03-18,23,120
2015-03-19,25,109
2015-03-20,37,100
2015-03-24,28,103
2015-03-25,20,105
2015-03-26,20,126
2015-03-27,15,127
2015-03-30,11,148
2015-03-31,19,141
2015-04-01,21,138
2015-04-02,30,127
2015-04-03,32,86
2015-04-06,41,67
2015-04-07,39,91
2015-04-08,40,83
2015-04-09,48,76
2015-04-10,46,71
2015-04-13,52,87
2015-04-14,44,89
2015-04-15,52,96
2015-04-16,57,69
2015-04-17,59,51
2015-04-20,57,62
2015-04-21,53,84
2015-04-22,63,74
2015-04-23,57,82
2015-04-24,68,78
2015-04-27,68,88
2015-04-28,66,109
2015-04-29,61,111
2015-04-30,59,102
2015-05-04,58,109
2015-05-05,59,116
2015-05-06,57,112
2015-05-07,54,107
2015-05-08,47,107
2015-05-11,26,127
2015-05-12,34,120
2015-05-13,38,105
2015-05-14,47,105
2015-05-15,45,99
2015-05-18,39,124
2015-05-19,41,120
2015-05-20,45,113
2015-05-21,38,117
2015-05-22,32,115
2015-05-25,51,109
2015-05-26,47,119
2015-05-27,63,113
2015-05-28,53,96
2015-05-29,60,87
2015-06-01,65,81
2015-06-02,71,62
2015-06-03,70,67
2015-06-04,82,63
2015-06-05,76,63
2015-06-08,92,68
2015-06-09,85,60
2015-06-10,86,55
2015-06-11,97,47
2015-06-12,102,43
2015-06-15,105,56
2015-06-16,109,54
2015-06-17,113,59
2015-06-18,122,46
2015-06-19,107,49
2015-06-22,104,49
2015-06-23,114,52
2015-06-24,111,58
2015-06-25,98,59
2015-06-26,80,66
2015-06-29,109,58
2015-06-30,116,48
2015-07-01,130,41
2015-07-02,142,33
2015-07-03,144,35
2015-07-06,144,35
2015-07-07,146,36
2015-07-08,138,36
2015-07-09,146,36
2015-07-10,127,41
2015-07-13,149,37
2015-07-14,159,35
2015-07-15,174,31
2015-07-16,176,20
2015-07-22,191,24
2015-07-23,189,31
2015-07-24,180,26
2015-07-27,133,32
2015-07-28,160,26
2015-07-29,169,30
2015-07-30,144,29
2015-07-31,142,23
2015-08-03,147,29
2015-08-04,135,32
2015-08-05,155,34
2015-08-06,177,35
2015-08-07,192,28
2015-08-10,177,34
2015-08-11,186,34
2015-08-12,170,35
2015-08-13,164,41
2015-08-17,151,37
2015-08-18,148,34
2015-08-19,145,33
2015-08-20,132,40
2015-08-21,92,44
2015-08-24,36,57
2015-08-25,63,50
2015-08-26,62,60
2015-08-27,82,54
2015-08-28,104,55
2015-08-31,111,52
2015-09-01,88,60
2015-09-02,104,57
2015-09-03,94,51
2015-09-04,74,62
2015-09-07,43,66
2015-09-08,51,63
2015-09-09,68,73
2015-09-10,63,71
2015-09-11,63,63
2015-09-14,46,74
2015-09-15,44,71
2015-09-16,53,71
2015-09-17,41,83
2015-09-18,35,72
2015-09-21,30,84
2015-09-22,49,86
2015-09-23,57,73
2015-09-28,52,81
2015-09-29,36,93
2015-09-30,42,90
2015-10-01,48,93
2015-10-02,57,87
2015-10-05,53,92
2015-10-06,60,81
2015-10-07,56,82
2015-10-08,62,84
2015-10-09,67,80
2015-10-12,75,72
2015-10-13,82,69
2015-10-14,72,69
2015-10-15,72,65
2015-10-16,72,63
2015-10-19,72,73
2015-10-20,66,73
2015-10-21,68,74
2015-10-22,66,72
2015-10-26,69,74
2015-10-27,66,82
2015-10-28,69,80
2015-10-29,74,76
2015-10-30,76,80
2015-11-02,76,86
2015-11-03,69,83
2015-11-04,75,91
2015-11-05,81,85
2015-11-06,78,76
2015-11-09,75,73
2015-11-10,63,90
2015-11-11,73,93
2015-11-12,83,89
2015-11-13,77,86
2015-11-16,75,74
2015-11-17,89,83
2015-11-18,99,65
2015-11-19,82,57
2015-11-20,87,60
2015-11-23,79,79
2015-11-24,66,88
2015-11-25,58,85
2015-11-26,61,87
2015-11-27,52,87
2015-11-30,39,104
2015-12-01,24,116
2015-12-02,30,110
2015-12-03,37,105
2015-12-04,52,104
2015-12-07,52,91
2015-12-08,53,92
2015-12-09,52,100
2015-12-10,61,91
2015-12-11,50,80
2015-12-14,40,98
2015-12-15,41,111
2015-12-16,45,102
2015-12-17,51,100
2015-12-18,51,95
2015-12-21,46,100
2015-12-22,44,102
2015-12-23,45,117
2015-12-28,47,110
2015-12-29,52,116
2015-12-30,46,104
2015-12-31,49,100
2016-01-01,61,76
2016-01-04,43,95
2016-01-05,44,100
2016-01-06,51,107
2016-01-07,48,124
2016-01-08,46,129
2016-01-11,47,128
2016-01-12,38,132
2016-01-13,38,144
2016-01-14,28,164
2016-01-15,23,166
2016-01-18,24,169
2016-01-19,25,171
2016-01-20,26,154
2016-01-21,22,167
2016-01-22,30,147
2016-01-25,35,150
2016-01-26,25,130
2016-01-27,37,151
2016-01-28,39,143
2016-01-29,39,137
2016-02-01,39,119
2016-02-02,38,107
2016-02-03,42,90
2016-02-04,40,85
2016-02-08,47,81
2016-02-09,38,94
2016-02-10,40,111
2016-02-11,36,137
2016-02-12,30,151
2016-02-15,33,132
2016-02-16,36,138
2016-02-17,27,133
2016-02-18,21,157
2016-02-19,19,160
2016-02-22,14,179
2016-02-23,19,176
2016-02-24,14,166
2016-02-25,25,165
2016-02-26,32,155
2016-02-29,25,152
2016-03-01,24,156
2016-03-02,35,147
2016-03-03,32,140
2016-03-04,35,134
2016-03-07,39,124
2016-03-08,37,125
2016-03-09,40,114
2016-03-10,38,133
2016-03-11,34,126
2016-03-14,34,138
2016-03-15,36,131
2016-03-16,41,133
2016-03-17,34,131
2016-03-18,37,121
2016-03-21,35,123
2016-03-22,32,129
2016-03-24,34,121
2016-03-25,35,117
2016-03-28,36,128
2016-03-29,45,120
2016-03-30,46,122
2016-03-31,52,116
2016-04-01,62,101
2016-04-04,62,88
2016-04-05,60,102
2016-04-06,64,78
2016-04-07,60,72
2016-04-08,66,62
2016-04-11,53,101
2016-04-12,56,89
2016-04-13,55,97
2016-04-14,53,91
2016-04-15,54,89
2016-04-18,54,90
2016-04-19,56,85
2016-04-20,48,89
2016-04-21,44,93
2016-04-22,53,78
2016-04-25,51,82
2016-04-26,65,75
2016-04-27,76,78
2016-04-28,77,67
2016-04-29,68,73
2016-05-02,64,75
2016-05-03,68,75
2016-05-04,80,74
2016-05-05,79,78
2016-05-06,76,77
2016-05-09,76,75
2016-05-10,84,75
2016-05-11,79,69
2016-05-12,84,70
2016-05-13,91,59
2016-05-16,99,68
2016-05-17,91,65
2016-05-18,98,69
2016-05-19,111,58
2016-05-20,108,56
2016-05-23,122,58
2016-05-24,119,64
2016-05-25,114,54
2016-05-26,105,67
2016-05-27,105,58
2016-05-30,86,73
2016-05-31,83,66
2016-06-01,99,62
2016-06-02,103,59
2016-06-03,110,60
2016-06-06,95,62
2016-06-07,80,65
2016-06-08,81,74
2016-06-09,69,84
2016-06-10,52,83
2016-06-13,49,81
2016-06-14,52,78
2016-06-15,70,76
2016-06-16,74,76
2016-06-17,73,70
2016-06-20,71,72
2016-06-21,61,78
2016-06-22,56,90
2016-06-23,56,85
2016-06-24,36,104
2016-06-27,36,89
2016-06-28,40,108
2016-06-29,68,97
2016-06-30,74,76
2016-07-04,77,67
2016-07-11,76,69
2016-07-12,88,70
2016-07-13,88,71
2016-07-14,98,69
2016-07-15,95,58
2016-07-18,98,61
2016-07-19,91,57
2016-07-20,93,55
2016-07-21,103,48
2016-07-22,105,43
2016-07-25,93,56
2016-07-26,102,52
2016-07-27,111,61
2016-07-28,100,73
2016-07-29,95,50
2016-08-01,105,51
2016-08-02,105,58
2016-08-03,106,63
2016-08-04,103,66
2016-08-05,104,49
2016-08-08,112,60
2016-08-09,115,51
2016-08-10,123,39
2016-08-11,117,38
2016-08-12,130,32
2016-08-15,138,46
2016-08-16,134,29
2016-08-17,138,31
2016-08-18,125,42
2016-08-19,115,38
2016-08-22,109,41
2016-08-23,113,40
2016-08-24,131,36
2016-08-25,147,37
2016-08-26,146,38
2016-08-29,161,35
2016-08-30,165,35
2016-08-31,146,35
2016-09-01,157,32
2016-09-02,146,37
2016-09-05,148,36
2016-09-06,151,32
2016-09-07,174,35
2016-09-08,166,29
2016-09-09,175,32
2016-09-15,191,26
2016-09-16,188,24
2016-09-19,208,30
2016-09-20,204,23
2016-09-21,171,32
2016-09-22,200,25
2016-09-23,167,23
2016-09-26,216,20
2016-09-27,218,24
2016-09-28,209,23
2016-09-29,194,33
2016-09-30,210,24
2016-10-03,240,19
2016-10-04,234,18
2016-10-05,244,17
2016-10-06,229,21
2016-10-07,228,17
2016-10-10,246,13
2016-10-13,240,18
2016-10-14,239,21
2016-10-17,218,20
2016-10-18,191,25
2016-10-19,178,22
2016-10-20,205,19
2016-10-21,195,22
2016-10-24,131,30
2016-10-25,113,25
2016-10-26,102,26
2016-10-27,58,38
2016-10-28,60,38
2016-10-31,67,45
2016-11-01,162,44
2016-11-02,188,36
2016-11-03,171,38
2016-11-04,166,43
2016-11-07,188,34
2016-11-08,188,39
2016-11-09,181,36
2016-11-10,199,31
2016-11-11,189,27
2016-11-14,180,28
2016-11-15,175,33
2016-11-16,184,40
2016-11-17,208,33
2016-11-18,188,31
2016-11-21,188,27
2016-11-22,215,25
2016-11-23,219,21
2016-11-24,239,24
2016-11-25,225,23
2016-11-28,237,16
2016-11-29,224,16
2016-11-30,206,22
2016-12-01,208,13
2016-12-02,218,16
2016-12-05,228,13
2016-12-06,242,10
2016-12-07,218,11
2016-12-08,190,13
2016-12-09,215,13
2016-12-13,184,17
2016-12-14,180,20
2016-12-15,191,20
2016-12-16,193,12
2016-12-19,190,13
2016-12-20,189,12
2016-12-21,150,19
2016-12-22,137,14
2016-12-23,147,23
2016-12-26,150,17
2016-12-27,155,14
2016-12-28,165,17
2016-12-29,193,9
2016-12-30,191,11
2017-01-02,215,8
2017-01-03,212,10
2017-01-04,217,9
2017-01-05,219,7
2017-01-06,236,8
2017-01-09,258,10
2017-01-10,244,7
2017-01-11,247,3
2017-01-12,254,6
2017-01-13,228,9
2017-01-16,220,6
2017-01-17,191,3
2017-01-18,200,9
2017-01-19,225,8
2017-01-20,236,7
2017-01-23,251,3
2017-01-24,245,5
2017-01-25,233,8
2017-01-26,241,6
2017-01-27,216,3
2017-01-30,156,12
2017-01-31,139,10
2017-02-01,172,11
2017-02-02,175,14
2017-02-03,156,15
2017-02-06,152,13
2017-02-07,174,18
2017-02-08,183,21
2017-02-09,176,20
2017-02-10,170,16
2017-02-13,164,21
2017-02-14,129,19
2017-02-15,120,22
2017-02-16,136,19
2017-02-17,150,14
2017-02-20,133,23
2017-02-21,125,21
2017-02-22,107,26
2017-02-23,90,27
2017-02-24,96,22
2017-02-27,63,28
2017-02-28,69,24
2017-03-01,102,27
2017-03-02,127,28
2017-03-03,118,26
2017-03-06,99,33
2017-03-07,88,33
2017-03-08,107,31
2017-03-09,80,34
2017-03-10,74,32
2017-03-13,58,36
2017-03-14,61,43
2017-03-15,62,37
2017-03-16,60,37
2017-03-17,62,37
2017-03-20,82,37
2017-03-21,95,37
2017-03-22,105,42
2017-03-24,99,36
2017-03-27,77,38
2017-03-28,82,38
2017-03-29,79,40
2017-03-30,61,51
2017-03-31,78,40
2017-04-03,76,44
2017-04-04,67,43
2017-04-05,58,54
2017-04-06,43,54
2017-04-07,55,54
2017-04-10,49,56
2017-04-11,78,57
2017-04-12,80,59
2017-04-13,66,61
2017-04-14,55,65
2017-04-17,37,66
2017-04-18,37,69
2017-04-19,40,71
2017-04-20,72,57
2017-04-21,77,34
2017-04-24,94,40
2017-04-25,101,36
2017-04-26,103,45
2017-04-27,102,49
2017-04-28,100,53
2017-05-02,88,67
2017-05-03,85,72
2017-05-04,99,66
2017-05-05,101,67
2017-05-08,106,60
2017-05-09,109,64
2017-05-10,109,58
2017-05-11,115,57
2017-05-12,131,52
2017-05-15,133,56
2017-05-16,136,65
2017-05-17,127,60
2017-05-18,133,56
2017-05-19,138,46
2017-05-22,148,42
2017-05-23,167,38
2017-05-24,162,41
2017-05-25,159,45
2017-05-26,162,46
2017-05-29,137,60
2017-05-30,114,61
2017-05-31,99,70
2017-06-01,59,79
2017-06-02,60,69
2017-06-05,102,72
2017-06-06,95,69
2017-06-07,109,67
2017-06-08,101,72
2017-06-09,77,70
2017-06-12,38,86
2017-06-13,38,88
2017-06-14,33,86
2017-06-15,35,87
2017-06-16,35,85
2017-06-19,32,83
2017-06-20,25,104
2017-06-21,28,110
2017-06-22,36,112
2017-06-29,28,96
2017-06-30,35,91
2017-07-03,16,118
2017-07-04,25,121
2017-07-05,24,109
2017-07-06,18,120
2017-07-07,16,114
2017-07-10,28,108
2017-07-11,13,136
2017-07-12,20,131
2017-07-13,21,127
2017-07-14,18,122
2017-07-17,16,129
2017-07-18,28,118
2017-07-19,24,117
2017-07-20,20,130
2017-07-21,25,128
2017-07-24,23,105
2017-07-25,35,74
2017-07-26,35,92
2017-07-27,42,97
2017-07-28,42,83
2017-07-31,50,66
2017-08-01,47,56
2017-08-02,60,37
2017-08-03,68,28
2017-08-04,76,33
2017-08-07,71,52
2017-08-08,58,87
2017-08-09,67,74
2017-08-10,57,90
2017-08-11,57,91
2017-08-15,39,139
2017-08-16,42,131
2017-08-17,23,145
2017-08-18,33,142
2017-08-21,20,159
2017-08-22,15,154
2017-08-23,20,159
2017-08-24,19,156
2017-08-25,21,154
2017-08-28,19,169
2017-08-29,15,168
2017-08-30,19,167
2017-08-31,14,153
2017-09-05,23,157
2017-09-06,20,178
2017-09-07,17,182
2017-09-08,25,167
2017-09-11,17,171
2017-09-12,14,171
2017-09-13,19,157
2017-09-14,23,142
2017-09-15,28,148
2017-09-18,20,140
2017-09-19,24,123
2017-09-20,25,115
2017-09-21,24,151
2017-09-22,21,136
2017-09-25,23,146
2017-09-26,22,145
2017-09-27,19,160
2017-09-28,19,151
2017-09-29,26,121
2017-10-02,25,149
2017-10-03,21,185
2017-10-04,17,201
2017-10-05,15,199
2017-10-06,20,170
2017-10-09,24,175
2017-10-10,18,195
2017-10-11,14,183
2017-10-12,14,218
2017-10-13,10,215
2017-10-16,15,210
2017-10-17,15,204
2017-10-18,11,205
2017-10-19,14,185
2017-10-20,14,168
2017-10-23,17,184
2017-10-24,13,189
2017-10-25,15,177
2017-10-26,13,183
2017-10-27,14,180
2017-10-30,12,217
2017-10-31,15,218
2017-11-01,12,220
2017-11-02,15,219
2017-11-03,18,201
2017-11-06,14,201
2017-11-07,15,205
2017-11-08,15,211
2017-11-09,15,194
2017-11-10,14,174
2017-11-13,19,170
2017-11-14,22,179
2017-11-15,18,191
2017-11-16,14,184
2017-11-17,16,177
2017-11-20,12,193
2017-11-21,17,180
2017-11-22,20,189
2017-11-23,16,190
2017-11-24,17,182
2017-11-27,21,187
2017-11-28,12,213
2017-11-29,12,188
2017-11-30,14,188
2017-12-04,16,174
2017-12-05,19,160
2017-12-06,19,153
2017-12-07,13,218
2017-12-08,16,203
2017-12-11,14,242
2017-12-12,13,241
2017-12-13,16,215
2017-12-14,13,225
2017-12-15,14,214
2017-12-18,11,222
2017-12-19,8,238
2017-12-20,9,229
2017-12-21,7,241
2017-12-22,10,208
2017-12-26,8,167
2017-12-27,13,156
2017-12-28,18,148
2017-12-29,23,139
2018-01-01,16,117
2018-01-02,20,120
2018-01-03,20,124
2018-01-04,20,105
2018-01-05,22,83
2018-01-08,25,70
2018-01-09,22,60
2018-01-10,27,53
2018-01-11,19,51
2018-01-12,23,92
2018-01-15,18,101
2018-01-16,24,88
2018-01-17,29,85
2018-01-18,34,78
2018-01-19,35,68
2018-01-22,38,51
2018-01-23,36,39
2018-01-24,34,40
2018-01-25,34,35
2018-01-26,31,35
2018-01-29,36,53
2018-01-30,29,57
2018-01-31,40,66
2018-02-01,43,61
2018-02-02,50,56
2018-02-06,47,60
2018-02-07,54,69
2018-02-08,40,64
2018-02-09,51,67
2018-02-12,48,62
2018-02-13,42,71
2018-02-14,36,72
2018-02-15,33,93
2018-02-16,44,95
2018-02-19,45,86
2018-02-20,42,97
2018-02-21,40,90
2018-02-22,47,100
2018-02-23,41,102
2018-02-26,40,103
2018-02-27,45,114
2018-02-28,49,127
2018-03-01,52,109
2018-03-02,52,112
2018-03-05,49,97
2018-03-06,55,112
2018-03-07,49,115
2018-03-08,49,110
2018-03-09,39,127
2018-03-12,45,127
2018-03-13,56,122
2018-03-14,48,105
2018-03-15,49,103
2018-03-16,49,103
2018-03-19,49,92
2018-03-20,61,86
2018-03-21,64,88
2018-03-22,54,89
2018-03-26,58,69
2018-03-27,59,91
2018-03-28,58,81
2018-03-29,64,76
2018-03-30,59,85
2018-04-02,68,80
2018-04-03,67,79
2018-04-04,72,76
2018-04-05,73,69
2018-04-06,71,70
2018-04-09,74,60
2018-04-10,73,48
2018-04-11,74,51
2018-04-12,76,53
2018-04-13,74,47
2018-04-16,67,61
2018-04-17,77,58
2018-04-18,73,74
2018-04-19,61,80
2018-04-20,64,76
2018-04-23,67,77
2018-04-24,77,84
2018-04-25,73,89
2018-04-26,73,94
2018-04-27,75,75
2018-04-30,70,83
2018-05-02,57,94
2018-05-03,48,108
2018-05-04,52,101
2018-05-07,47,116
2018-05-08,43,120
2018-05-09,38,130
2018-05-10,37,125
2018-05-11,39,130
2018-05-14,28,150
2018-05-15,29,151
2018-05-16,29,153
2018-05-17,25,149
2018-05-18,21,142
2018-05-21,19,156
2018-05-22,38,158
2018-05-23,39,156
2018-05-24,37,159
2018-05-25,33,146
2018-05-28,38,159
2018-05-29,42,155
2018-05-30,40,144
2018-05-31,41,127
2018-06-01,43,110
2018-06-04,51,118
2018-06-05,57,111
2018-06-06,53,109
2018-06-07,51,125
2018-06-11,50,131
2018-06-12,30,151
2018-06-13,39,141
2018-06-14,41,130
2018-06-19,47,131
2018-06-20,37,159
2018-06-21,29,176
2018-06-22,24,175
2018-06-25,13,184
2018-06-26,22,181
2018-06-27,35,186
2018-06-28,39,167
2018-06-29,36,153
2018-07-02,36,166
2018-07-03,29,153
2018-07-04,23,192
2018-07-05,23,182
2018-07-06,22,164
2018-07-09,15,197
2018-07-10,17,199
2018-07-11,23,194
2018-07-12,25,184
2018-07-13,34,172
2018-07-16,27,185
2018-07-17,34,164
2018-07-18,39,144
2018-07-19,40,95
2018-07-20,33,114
2018-07-23,26,138
2018-07-24,45,87
2018-07-26,39,72
2018-07-27,50,53
2018-07-30,49,53
2018-07-31,42,62
2018-08-01,44,67
2018-08-02,40,73
2018-08-03,48,65
2018-08-06,46,61
2018-08-07,41,71
2018-08-08,45,65
2018-08-09,52,71
2018-08-10,48,68
2018-08-13,52,74
2018-08-15,50,76
2018-08-16,40,108
2018-08-17,47,84
2018-08-20,50,73
2018-08-24,43,73
2018-08-27,51,77
2018-08-28,49,96
2018-08-29,51,109
2018-08-30,41,110
2018-08-31,45,113
2018-09-03,31,118
2018-09-04,37,122
2018-09-05,32,126
2018-09-06,26,134
2018-09-07,23,146
2018-09-10,19,144
2018-09-11,29,149
2018-09-12,26,151
2018-09-13,30,161
2018-09-14,30,154
2018-09-17,24,154
2018-09-18,34,154
2018-09-19,32,137
2018-09-24,31,166
2018-09-25,27,174
2018-09-26,30,173
2018-09-27,29,185
2018-09-28,32,172
2018-10-01,28,189
2018-10-02,31,177
2018-10-03,26,189
2018-10-04,15,201
2018-10-05,17,207
2018-10-08,20,234
2018-10-09,19,229
2018-10-10,20,229
2018-10-11,17,223
2018-10-12,15,218
2018-10-15,14,230
2018-10-16,14,231
2018-10-17,17,226
2018-10-18,17,207
2018-10-19,20,183
2018-10-22,20,161
2018-10-23,13,188
2018-10-24,22,136
2018-10-25,22,129
2018-10-26,26,100
2018-10-29,22,98
2018-10-30,23,102
2018-10-31,26,103
2018-11-01,23,98
2018-11-02,26,79
2018-11-05,23,104
2018-11-06,21,118
2018-11-07,28,89
2018-11-08,27,97
2018-11-09,33,100
2018-11-12,31,116
2018-11-13,31,131
2018-11-14,32,117
2018-11-15,33,105
2018-11-16,32,92
2018-11-19,25,100
2018-11-20,28,101
2018-11-22,22,111
2018-11-23,24,112
2018-11-26,22,133
2018-11-27,24,147
2018-11-28,18,152
2018-11-29,18,129
2018-11-30,16,173
2018-12-03,11,208
2018-12-04,15,187
2018-12-05,13,204
2018-12-06,11,200
2018-12-07,14,186
2018-12-10,14,179
2018-12-11,11,186
2018-12-12,10,203
2018-12-13,14,196
2018-12-14,12,197
2018-12-17,7,172
2018-12-18,9,197
2018-12-19,11,193
2018-12-20,11,189
2018-12-21,13,179
2018-12-24,12,174
2018-12-26,16,178
2018-12-27,16,192
2018-12-28,13,184
2018-12-31,17,175
2019-01-01,13,162
2019-01-02,12,182
2019-01-03,9,181
2019-01-04,9,178
2019-01-07,10,163
2019-01-08,14,141
2019-01-09,13,144
2019-01-10,14,152
2019-01-11,11,146
2019-01-14,15,115
2019-01-15,12,132
2019-01-16,12,143
2019-01-17,14,150
2019-01-18,14,130
2019-01-21,14,131
2019-01-22,13,125
2019-01-23,18,115
2019-01-24,17,104
2019-01-25,15,93
2019-01-28,16,96
2019-01-29,18,102
2019-01-30,16,108
2019-01-31,18,85
2019-02-01,18,59
2019-02-04,18,59
2019-02-06,20,61
2019-02-07,20,74
2019-02-08,19,84
2019-02-11,15,106
2019-02-12,17,107
2019-02-13,20,116
2019-02-14,17,125
2019-02-15,18,107
2019-02-18,20,109
2019-02-19,15,121
2019-02-20,21,138
2019-02-21,22,132
2019-02-22,17,127
2019-02-25,18,146
2019-02-26,12,181
2019-02-27,10,204
2019-02-28,13,191
2019-03-01,14,173
2019-03-04,17,161
2019-03-05,19,162
2019-03-06,19,168
2019-03-07,14,180
2019-03-08,11,179
2019-03-11,16,181
2019-03-12,10,181
2019-03-13,15,177
2019-03-14,14,179
2019-03-15,14,209
2019-03-18,12,190
2019-03-19,13,198
2019-03-20,12,199
2019-03-21,12,208
2019-03-22,10,204
2019-03-25,12,199
2019-03-26,14,211
2019-03-27,16,186
2019-03-28,12,195
2019-03-29,13,177
2019-04-01,11,182
2019-04-02,11,202
2019-04-03,15,204
2019-04-04,8,223
2019-04-05,9,206
2019-04-08,9,230
2019-04-09,9,233
2019-04-10,9,237
2019-04-11,7,227
2019-04-12,11,211
2019-04-15,10,188
2019-04-16,8,188
2019-04-17,6,227
2019-04-18,6,205
2019-04-19,9,193
2019-04-22,6,195
2019-04-23,5,216
2019-04-24,6,224
2019-04-25,12,215
2019-04-26,13,190
2019-04-29,14,194
2019-04-30,13,182
2019-05-02,10,190
2019-05-03,9,194
2019-05-06,7,220
2019-05-07,7,192
2019-05-08,5,231
2019-05-09,6,209
2019-05-10,7,198
2019-05-13,6,254
2019-05-14,3,238
2019-05-15,3,242
2019-05-16,2,226
2019-05-17,5,244
2019-05-20,4,253
2019-05-21,4,232
2019-05-22,5,204
2019-05-23,7,164
2019-05-24,3,141
2019-05-27,7,156
2019-05-28,4,191
2019-05-29,7,140
2019-05-30,9,154
2019-06-03,6,143
2019-06-10,5,181
2019-06-11,7,173
2019-06-12,6,150
2019-06-13,7,132
2019-06-14,5,128
2019-06-17,3,175
2019-06-18,5,182
2019-06-19,4,184
2019-06-20,4,176
2019-06-21,7,155
2019-06-24,5,211
2019-06-25,3,210
2019-06-26,4,216
2019-06-27,3,202
2019-06-28,7,184
2019-07-01,4,183
2019-07-02,6,156
2019-07-03,5,129
2019-07-04,6,173
2019-07-05,6,179
2019-07-08,8,193
2019-07-09,6,197
2019-07-10,4,183
2019-07-11,6,185
2019-07-12,5,192
2019-07-15,5,215
2019-07-16,4,213
2019-07-17,7,207
2019-07-18,7,239
2019-07-19,8,216
2019-07-22,7,216
2019-07-23,5,220
2019-07-24,5,204
2019-07-25,7,222
2019-07-26,5,216
2019-07-29,4,217
2019-07-30,4,208
2019-07-31,6,214
2019-08-01,8,216
2019-08-02,7,193
2019-08-05,3,211
2019-08-06,4,224
2019-08-07,6,225
2019-08-08,5,240
2019-08-09,5,208
2019-08-16,5,203
2019-08-19,7,217
2019-08-20,10,203
2019-08-21,7,154
2019-08-22,9,95
2019-08-23,9,95
2019-08-26,7,156
2019-08-27,6,137
2019-08-28,6,152
2019-08-29,8,170
2019-08-30,6,183
2019-09-02,5,172
2019-09-03,4,195
2019-09-04,6,166
2019-09-05,3,177
2019-09-06,5,133
2019-09-11,6,162
2019-09-12,6,135
2019-09-13,5,129
2019-09-16,6,127
2019-09-17,11,141
2019-09-18,4,156
2019-09-19,5,115
2019-09-20,6,123
2019-09-23,4,145
2019-09-24,4,136
2019-09-25,5,153
2019-09-26,5,153
2019-09-27,4,113
2019-09-30,7,123
2019-10-01,5,101
2019-10-02,6,90
2019-10-03,7,65
2019-10-04,6,59
2019-10-07,10,51
2019-10-08,10,47
2019-10-09,7,37
2019-10-10,10,48
2019-10-11,12,46
2019-10-14,11,40
2019-10-15,8,51
2019-10-16,11,47
2019-10-17,9,58
2019-10-18,5,64
2019-10-21,9,84
2019-10-22,9,88
2019-10-23,9,83
2019-10-24,11,77
2019-10-25,12,84
2019-10-28,16,85
2019-10-29,17,79
2019-10-30,17,80
2019-10-31,15,74
2019-11-01,17,66
2019-11-04,19,61
2019-11-05,21,57
2019-11-06,21,54
2019-11-07,18,55
2019-11-08,25,43
2019-11-11,27,34
2019-11-12,31,39
2019-11-13,33,46
2019-11-14,33,34
2019-11-15,38,26
2019-11-18,41,28
2019-11-19,35,27
2019-11-20,44,29
2019-11-21,38,44
2019-11-22,41,30
2019-11-25,43,35
2019-11-26,37,33
2019-11-27,40,27
2019-11-28,51,22
2019-11-29,67,21
2019-12-02,70,22
2019-12-03,70,17
2019-12-04,78,17
2019-12-05,82,15
2019-12-06,85,12
2019-12-09,90,10
2019-12-10,98,11
2019-12-11,92,19
2019-12-12,90,20
2019-12-13,100,19
2019-12-16,111,16
2019-12-17,108,17
2019-12-18,97,22
2019-12-19,66,20
2019-12-20,75,19
2019-12-23,42,22
2019-12-24,59,32
2019-12-26,91,30
2019-12-27,76,26
2019-12-30,79,28
2019-12-31,72,23
2020-01-01,90,14
2020-01-02,109,11
2020-01-03,93,13
2020-01-06,46,20
2020-01-07,57,17
2020-01-08,42,28
2020-01-09,85,22
2020-01-10,100,15
2020-01-13,104,12
2020-01-14,109,15
2020-01-15,95,19
2020-01-16,92,19
2020-01-17,107,22
2020-01-20,77,24
2020-01-21,70,25
2020-01-22,76,23
2020-01-23,74,27
2020-01-24,78,27
2020-01-27,80,27
2020-01-28,79,33
2020-01-29,64,31
2020-01-30,71,33
2020-01-31,64,26
2020-02-03,28,40
2020-02-04,38,37
2020-02-06,38,41
2020-02-07,25,45
2020-02-10,19,53
2020-02-11,24,62
2020-02-12,40,62
2020-02-13,41,65
2020-02-14,41,66
2020-02-17,26,69
2020-02-18,30,77
2020-02-19,37,71
2020-02-20,37,70
2020-02-21,35,74
2020-02-24,15,81
2020-02-25,21,81
2020-02-26,14,90
2020-02-27,16,94
2020-02-28,18,92
2020-03-02,31,75
2020-03-03,29,70
2020-03-04,25,80
2020-03-05,40,76
2020-03-06,33,83
2020-03-09,31,92
2020-03-10,32,85
2020-03-11,36,83
2020-03-12,25,93
2020-03-13,20,96
2020-03-16,8,113
2020-03-17,9,126
2020-03-18,0,133
2020-03-19,3,144
2020-03-20,5,147
2020-03-24,3,134
2020-03-25,2,154
2020-03-26,4,163
2020-03-27,4,153
2020-03-30,4,171
2020-03-31,5,176
2020-04-01,3,165
2020-04-02,5,127
2020-04-03,7,88
2020-04-06,8,140
2020-04-07,5,125
2020-04-08,9,123
2020-04-09,6,100
2020-04-10,7,84
2020-04-13,8,142
2020-04-14,8,119
2020-04-15,11,120
2020-04-16,12,117
2020-04-17,12,36
2020-04-20,16,48
2020-04-21,18,78
2020-04-22,22,75
2020-04-23,22,66
2020-04-24,24,82
2020-04-27,22,93
2020-04-28,26,84
2020-04-29,30,72
2020-04-30,28,63
2020-05-04,29,56
2020-05-05,30,55
2020-05-06,31,58
2020-05-07,26,63
2020-05-08,25,58
2020-05-11,26,65
2020-05-12,33,61
2020-05-13,36,64
2020-05-14,37,61
2020-05-15,39,47
2020-05-18,36,55
2020-05-19,41,49
2020-05-20,34,57
2020-05-21,34,67
2020-05-28,41,57
2020-05-29,42,54
2020-06-01,38,54
2020-06-02,41,58
2020-06-03,29,56
2020-06-04,27,62
2020-06-05,36,48
2020-06-08,50,52
2020-06-09,46,45
2020-06-10,49,38
2020-06-11,52,37
2020-06-12,46,51
2020-06-15,38,66
2020-06-16,48,60
2020-06-17,48,69
2020-06-18,43,71
2020-06-19,33,73
2020-06-22,39,74
2020-06-23,36,75
2020-06-24,40,69
2020-06-25,34,81
2020-06-26,41,67
2020-06-29,52,62
2020-06-30,49,54
2020-07-01,53,49
2020-07-02,56,49
2020-07-03,64,43
2020-07-06,70,36
2020-07-07,70,26
2020-07-08,74,19
2020-07-09,78,14
2020-07-10,75,19
2020-07-13,77,20
2020-07-14,81,16
2020-07-15,81,14
2020-07-16,83,14
2020-07-17,87,16
2020-07-20,93,15
2020-07-21,91,20
2020-07-22,97,18
2020-07-23,94,17
2020-07-24,93,11
2020-07-27,103,14
2020-07-28,102,14
2020-07-29,111,15
2020-07-30,111,8
2020-08-03,114,9
2020-08-04,106,11
2020-08-05,104,9
2020-08-06,106,8
2020-08-07,116,9
2020-08-10,110,13
2020-08-11,119,14
2020-08-12,115,13
2020-08-13,106,12
2020-08-17,110,10
2020-08-18,120,14
2020-08-19,113,11
2020-08-20,107,12
2020-08-21,99,13
2020-08-24,117,10
2020-08-25,134,10
2020-08-26,132,13
2020-08-27,142,10
2020-08-28,134,7
2020-08-31,135,10
2020-09-01,146,8
2020-09-02,156,6
2020-09-03,161,7
2020-09-04,161,4
2020-09-07,172,4
2020-09-08,161,6
2020-09-09,159,7
2020-09-10,176,7
2020-09-11,168,7
2020-09-14,164,5
2020-09-15,154,11
2020-09-16,143,9
2020-09-17,149,6
2020-09-18,142,5
2020-09-21,130,6
2020-09-22,109,11
2020-09-23,110,13
2020-09-24,100,15
2020-09-25,100,20
2020-09-28,45,18
2020-09-29,61,18
2020-09-30,47,21
2020-10-01,41,22
2020-10-02,24,20
2020-10-05,17,28
2020-10-06,22,27
2020-10-07,55,29
2020-10-08,56,24
2020-10-09,74,25
2020-10-12,37,26
2020-10-13,45,35
2020-10-14,56,34
2020-10-15,60,34
2020-10-16,60,30
2020-10-19,63,23
2020-10-20,91,29
2020-10-21,110,21
2020-10-22,102,28
2020-10-23,104,31
2020-10-26,126,21
2020-10-27,106,25
2020-10-28,97,31
2020-10-29,56,39
2020-11-02,45,40
2020-11-03,78,35
2020-11-04,72,37
2020-11-05,93,30
2020-11-06,85,29
2020-11-09,87,27
2020-11-10,88,25
2020-11-11,76,26
2020-11-12,55,39
2020-11-13,56,32
2020-11-16,54,32
2020-11-17,57,35
2020-11-18,50,33
2020-11-19,47,30
2020-11-20,41,36
2020-11-23,32,40
2020-11-24,36,45
2020-11-25,39,42
2020-11-26,69,37
2020-11-27,68,39
2020-11-30,66,34
2020-12-01,85,25
2020-12-02,95,29
2020-12-03,94,19
2020-12-04,98,21
2020-12-07,97,27
2020-12-08,103,27
2020-12-09,112,30
2020-12-10,114,34
2020-12-11,121,25
2020-12-14,131,12
2020-12-15,130,12
2020-12-16,124,15
2020-12-17,132,12
2020-12-18,134,13
2020-12-21,130,19
2020-12-22,116,26
2020-12-23,122,17
2020-12-24,133,17
2020-12-28,135,18
2020-12-29,126,27
2020-12-30,141,20
2020-12-31,154,19
2021-01-01,152,14
2021-01-04,136,13
2021-01-05,146,10
2021-01-06,151,10
2021-01-07,142,11
2021-01-08,153,13
2021-01-11,144,14
2021-01-12,160,9
2021-01-13,171,14
2021-01-14,165,14
2021-01-15,155,13
2021-01-18,143,11
2021-01-19,146,10
2021-01-20,136,11
2021-01-21,144,11
2021-01-22,120,14
2021-01-25,142,14
2021-01-26,146,12
2021-01-27,143,17
2021-01-28,134,17
2021-01-29,141,21
2021-02-01,141,15
2021-02-02,145,14
2021-02-03,151,15
2021-02-04,146,16
2021-02-08,129,15
2021-02-09,115,15
2021-02-10,115,15
2021-02-11,102,18
2021-02-12,90,20
2021-02-15,97,20
2021-02-16,102,22
2021-02-17,106,24
2021-02-18,99,25
2021-02-19,108,21
2021-02-22,110,25
2021-02-23,95,27
2021-02-24,71,31
2021-02-25,85,28
2021-02-26,77,34
2021-03-01,62,37
2021-03-02,84,34
2021-03-03,84,33
2021-03-04,50,32
2021-03-05,68,35
2021-03-08,40,37
2021-03-09,31,43
2021-03-10,20,42
2021-03-11,15,50
2021-03-12,16,50
2021-03-15,52,49
2021-03-16,52,54
2021-03-17,63,48
2021-03-18,41,46
2021-03-19,54,41
2021-03-22,51,38
2021-03-24,50,43
2021-03-25,51,44
2021-03-26,44,42
2021-03-29,27,58
2021-03-30,30,52
2021-03-31,33,53
2021-04-01,32,59
2021-04-02,27,58
2021-04-05,15,69
2021-04-06,29,71
2021-04-07,30,76
2021-04-08,44,67
2021-04-09,47,62
2021-04-12,43,60
2021-04-13,45,60
2021-04-14,49,55
2021-04-15,45,55
2021-04-16,47,58
2021-04-19,38,64
2021-04-20,47,55
2021-04-21,47,57
2021-04-22,31,67
2021-04-23,29,60
2021-04-26,42,58
2021-04-27,45,64
2021-04-28,46,74
2021-04-29,35,66
2021-04-30,29,69
2021-05-03,28,73
2021-05-04,32,68
2021-05-05,36,72
2021-05-06,39,69
2021-05-17,62,54
2021-05-18,56,51
2021-05-19,50,49
2021-05-20,52,43
2021-05-21,68,34
2021-05-24,73,29
2021-05-25,70,30
2021-05-26,82,26
2021-05-27,82,24
2021-05-28,91,23
2021-05-31,112,20
2021-06-01,122,13
2021-06-02,124,16
2021-06-03,130,18
2021-06-04,143,9
2021-06-07,148,13
2021-06-08,146,13
2021-06-09,136,15
2021-06-10,143,14
2021-06-11,146,14
2021-06-14,149,13
2021-06-15,141,15
2021-06-16,142,15
2021-06-17,124,20
2021-06-18,139,14
2021-06-21,125,16
2021-06-22,122,16
2021-06-23,113,17
2021-06-24,128,16
2021-06-25,109,15
2021-06-28,82,21
2021-06-29,87,19
2021-06-30,106,20
2021-07-01,134,15
2021-07-02,129,15
2021-07-05,104,18
2021-07-06,84,19
2021-07-07,81,22
2021-07-08,120,15
2021-07-09,98,20
2021-07-12,89,20
2021-07-13,92,22
2021-07-14,90,25
2021-07-15,95,16
2021-07-16,95,21
2021-07-19,98,20
2021-07-23,88,26
2021-07-26,99,24
2021-07-27,92,27
2021-07-28,70,29
2021-07-29,69,29
2021-07-30,61,28
2021-08-02,83,27
2021-08-03,102,27
2021-08-04,115,27
2021-08-05,108,27
2021-08-06,90,27
2021-08-09,68,27
2021-08-10,74,34
2021-08-11,81,32
2021-08-12,71,36
2021-08-13,62,35
2021-08-16,62,45
2021-08-17,75,37
2021-08-20,85,35
2021-08-23,102,23
2021-08-24,94,33
2021-08-25,84,36
2021-08-26,70,36
2021-08-27,57,42
2021-08-30,62,39
2021-08-31,73,41
2021-09-01,77,44
2021-09-02,63,49
2021-09-03,72,56
2021-09-06,70,48
2021-09-07,55,49
2021-09-08,56,57
2021-09-09,59,54
2021-09-10,65,49
2021-09-13,55,51
2021-09-14,48,55
2021-09-15,41,59
2021-09-16,46,59
2021-09-17,42,64
2021-09-20,39,67
2021-09-21,26,74
2021-09-22,23,75
2021-09-23,26,79
2021-09-24,24,87
2021-09-27,23,86
2021-09-28,27,91
2021-09-29,10,101
2021-09-30,21,93
2021-10-01,33,95
2021-10-04,29,90
2021-10-05,30,96
2021-10-06,27,93
2021-10-07,32,99
2021-10-08,28,103
2021-10-11,20,122
2021-10-12,21,120
2021-10-13,19,123
2021-10-14,23,120
2021-10-15,24,103
2021-10-18,20,105
2021-10-20,24,105
2021-10-21,26,105
2021-10-22,28,103
2021-10-25,45,152
2021-10-26,47,157
2021-10-27,52,142
2021-10-28,54,147
2021-10-29,50,146
2021-11-01,33,69
2021-11-02,36,63
2021-11-03,31,60
2021-11-04,32,38
2021-11-05,31,50
2021-11-08,33,58
2021-11-09,28,98
2021-11-10,28,90
2021-11-11,24,103
2021-11-12,25,113
2021-11-15,28,115
2021-11-16,28,92
2021-11-17,26,110
2021-11-18,26,114
2021-11-19,39,100
2021-11-22,30,120
2021-11-23,22,132
2021-11-24,20,135
2021-11-25,15,140
2021-11-26,19,143
2021-11-29,25,128
2021-11-30,25,125
2021-12-01,21,110
2021-12-02,11,154
2021-12-03,14,155
2021-12-06,9,149
2021-12-07,16,150
2021-12-08,15,146
2021-12-09,15,152
2021-12-10,11,150
2021-12-13,8,164
2021-12-14,11,154
2021-12-15,15,123
2021-12-16,14,139
2021-12-17,19,111
2021-12-20,19,96
2021-12-21,16,92
2021-12-22,20,103
2021-12-23,20,83
2021-12-24,25,101
2021-12-27,31,111
2021-12-28,23,114
2021-12-29,21,94
2021-12-30,22,82
2021-12-31,26,70
2022-01-03,25,64
2022-01-04,31,36
2022-01-05,28,35
2022-01-06,22,65
2022-01-07,29,55
2022-01-10,36,48
2022-01-11,38,47
2022-01-12,36,48
2022-01-13,35,50
2022-01-14,37,70
2022-01-17,38,88
2022-01-18,35,99
2022-01-19,29,131
2022-01-20,33,126
2022-01-21,34,117
2022-01-24,33,118
2022-01-25,29,115
2022-01-26,34,122
2022-01-27,34,117
2022-01-28,36,113
2022-01-31,40,86
2022-02-01,41,77
2022-02-02,43,52
2022-02-03,41,57
2022-02-04,46,55
2022-02-07,43,89
2022-02-08,46,89
2022-02-09,47,80
2022-02-10,41,93
2022-02-11,45,95
2022-02-14,35,115
2022-02-15,41,102
2022-02-16,43,113
2022-02-17,32,122
2022-02-18,35,118
2022-02-21,27,122
2022-02-22,22,130
2022-02-23,26,134
2022-02-24,24,155
2022-02-25,27,159
2022-02-28,26,145
2022-03-01,28,143
2022-03-02,29,154
2022-03-03,30,149
2022-03-04,25,142
2022-03-07,20,170
2022-03-08,17,166
2022-03-09,19,170
2022-03-10,21,165
2022-03-11,21,160
2022-03-14,19,165
2022-03-15,19,166
2022-03-16,23,161
2022-03-17,20,149
2022-03-18,19,163
2022-03-21,17,151
2022-03-22,20,153
2022-03-24,23,152
2022-03-25,23,142
2022-03-28,20,123
2022-03-29,25,87
2022-03-30,28,91
2022-03-31,27,60
2022-04-01,32,56
2022-04-04,21,128
2022-04-05,25,119
2022-04-06,31,116
2022-04-07,20,113
2022-04-08,24,90
2022-04-11,33,32
2022-04-12,32,34
2022-04-13,30,42
2022-04-14,34,36
2022-04-15,31,36
2022-04-18,36,48
2022-04-19,34,77
2022-04-20,29,88
2022-04-21,26,97
2022-04-22,27,96
2022-04-25,27,99
2022-04-26,23,113
2022-04-27,23,117
2022-04-28,22,130
2022-05-06,15,130
2022-05-09,11,157
2022-05-10,9,162
2022-05-11,7,173
2022-05-12,6,170
2022-05-13,7,171
2022-05-16,10,173
2022-05-17,10,169
2022-05-18,10,172
2022-05-19,13,164
2022-05-20,12,150
2022-05-23,12,158
2022-05-24,5,161
2022-05-25,7,164
2022-05-26,9,136
2022-05-27,15,137
2022-05-30,10,117
2022-05-31,11,127
2022-06-01,11,133
2022-06-02,11,157
2022-06-03,9,166
2022-06-06,5,168
2022-06-07,8,170
2022-06-08,8,169
2022-06-09,10,151
2022-06-10,5,130
2022-06-13,9,167
2022-06-14,9,149
2022-06-15,9,157
2022-06-16,6,147
2022-06-17,15,121
2022-06-20,13,138
2022-06-21,12,77
2022-06-22,15,92
2022-06-23,13,68
2022-06-24,6,153
2022-06-27,7,114
2022-06-28,9,129
2022-06-29,10,126
2022-06-30,9,131
2022-07-01,8,118
2022-07-04,13,133
2022-07-05,14,134
2022-07-06,13,122
2022-07-07,13,117
2022-07-13,18,99
2022-07-14,18,64
2022-07-15,17,88
2022-07-18,17,137
2022-07-19,10,168
2022-07-20,10,159
2022-07-21,5,173
2022-07-22,9,157
2022-07-25,10,154
2022-07-26,12,158
2022-07-27,11,157
2022-07-28,12,148
2022-07-29,15,143
2022-08-01,16,140
2022-08-02,16,129
2022-08-03,17,88
2022-08-04,16,70
2022-08-05,20,40
2022-08-10,23,28
2022-08-11,21,40
2022-08-12,26,34
2022-08-15,30,21
2022-08-16,27,23
2022-08-17,24,29
2022-08-18,22,29
2022-08-19,23,31
2022-08-22,21,46
2022-08-23,20,40
2022-08-24,19,53
2022-08-25,19,56
2022-08-26,19,62
2022-08-29,16,68
2022-08-30,12,72
2022-08-31,16,64
2022-09-01,19,66
2022-09-02,18,80
2022-09-05,18,88
2022-09-06,19,89
2022-09-07,18,89
2022-09-08,14,96
2022-09-09,19,96
2022-09-12,18,98
2022-09-13,20,99
2022-09-14,14,102
2022-09-15,16,117
2022-09-16,16,117
2022-09-19,13,127
2022-09-20,13,134
2022-09-21,14,132
2022-09-22,13,136
2022-09-23,12,144
2022-09-26,14,136
2022-09-27,16,124
2022-09-28,16,122
2022-09-29,13,134
2022-09-30,10,128
2022-10-03,13,140
2022-10-04,15,143
2022-10-05,12,124
2022-10-06,15,107
2022-10-07,15,113
2022-10-10,17,109
2022-10-11,16,103
2022-10-12,17,123
2022-10-13,14,108
2022-10-14,16,113
2022-10-17,16,108
2022-10-18,12,117
2022-10-19,14,111
2022-10-20,18,121
2022-10-21,19,122
2022-10-24,19,119
2022-10-25,17,134
2022-10-26,9,146
2022-10-27,12,152
2022-10-28,11,152
2022-10-31,11,158
2022-11-01,17,151
2022-11-02,21,150
2022-11-03,22,133
2022-11-04,17,136
2022-11-07,20,136
2022-11-08,20,138
2022-11-10,26,109
2022-11-11,26,101
2022-11-14,23,120
2022-11-15,25,101
2022-11-16,26,110
2022-11-17,25,117
2022-11-18,29,119
2022-11-21,29,117
2022-11-22,31,115
2022-11-23,34,117
2022-11-24,33,112
2022-11-25,32,110
2022-11-28,22,144
2022-11-29,22,132
2022-11-30,23,130
2022-12-01,21,127
2022-12-02,17,122
2022-12-05,15,148
2022-12-06,18,155
2022-12-07,18,146
2022-12-08,14,140
2022-12-09,13,137
2022-12-12,12,144
2022-12-13,18,141
2022-12-14,15,145
2022-12-15,14,151
2022-12-16,17,160
2022-12-19,18,161
2022-12-20,9,182
2022-12-21,10,180
2022-12-22,12,175
2022-12-23,12,184
2022-12-26,14,172
2022-12-27,14,167
2022-12-28,9,175
2022-12-29,14,160
2022-12-30,14,142
2023-01-02,14,129
2023-01-03,16,140
2023-01-04,16,145
2023-01-05,19,130
2023-01-06,20,133
2023-01-09,16,156
2023-01-10,21,142
2023-01-11,20,147
2023-01-12,19,142
2023-01-13,20,150
2023-01-16,12,158
2023-01-17,10,175
2023-01-18,10,173
2023-01-19,20,175
2023-01-20,12,167
2023-01-23,9,166
2023-01-24,13,163
2023-01-25,20,144
2023-01-26,30,106
2023-01-27,24,131
2023-01-30,20,143
2023-01-31,23,122
2023-02-01,25,122
2023-02-02,22,120
2023-02-03,18,119
2023-02-06,22,112
2023-02-07,25,93
2023-02-08,25,74
2023-02-09,28,46
2023-02-10,24,82
2023-02-13,22,77
2023-02-14,20,89
2023-02-15,27,97
2023-02-16,22,114
2023-02-17,21,110
2023-02-20,16,125
2023-02-21,19,110
2023-02-22,21,114
2023-02-23,19,121
2023-02-24,21,136
2023-02-27,21,132
2023-02-28,17,136
2023-03-01,18,138
2023-03-02,17,142
2023-03-03,21,127
2023-03-06,17,121
2023-03-07,15,114
2023-03-08,17,116
2023-03-09,17,90
2023-03-10,19,73
2023-03-13,18,84
2023-03-14,20,81
2023-03-15,20,78
2023-03-16,23,65
2023-03-17,18,68
2023-03-20,13,66
2023-03-21,13,70
2023-03-22,12,106
2023-03-24,10,110
2023-03-27,10,108
2023-03-28,12,124
2023-03-29,13,126
2023-03-30,15,114
2023-03-31,17,109
2023-04-03,13,126
2023-04-04,14,132
2023-04-05,16,136
2023-04-06,19,99
2023-04-07,10,114
2023-04-10,14,122
2023-04-11,9,129
2023-04-12,18,128
2023-04-13,13,117
2023-04-17,17,120
2023-04-18,18,105
2023-04-19,17,95
2023-04-20,17,82
2023-04-26,21,84
2023-04-27,21,85
2023-04-28,24,80
2023-05-02,21,73
2023-05-03,22,84
2023-05-04,24,95
2023-05-05,27,91
2023-05-08,27,109
2023-05-09,19,117
2023-05-10,15,119
2023-05-11,18,108
2023-05-12,20,106
2023-05-15,23,105
2023-05-16,25,102
2023-05-17,17,109
2023-05-18,15,113
2023-05-19,21,116
2023-05-22,15,123
2023-05-23,19,109
2023-05-24,18,105
2023-05-25,22,114
2023-05-26,24,119
2023-05-29,26,123
2023-05-30,26,109
2023-05-31,22,117
2023-06-01,20,121
2023-06-02,23,113
2023-06-05,24,94
2023-06-06,30,83
2023-06-07,33,63
2023-06-08,27,82
2023-06-09,35,75
2023-06-12,30,78
2023-06-13,27,92
2023-06-14,31,97
2023-06-15,22,106
2023-06-16,24,110
2023-06-19,19,123
2023-06-20,19,123
2023-06-21,10,134
2023-06-22,15,143
2023-06-23,16,143
2023-06-26,23,110
2023-06-27,23,98
2023-07-03,37,27
2023-07-04,36,38
2023-07-05,33,48
2023-07-06,35,35
2023-07-07,28,34
2023-07-10,35,27
2023-07-11,44,19
2023-07-12,44,22
2023-07-13,39,33
2023-07-14,38,24
2023-07-17,42,27
2023-07-18,39,30
2023-07-19,37,32
2023-07-20,47,31
2023-07-21,48,23
2023-07-24,47,29
2023-07-25,53,25
2023-07-26,50,21
2023-07-27,47,20
2023-07-31,58,28
2023-08-01,60,17
2023-08-02,67,14
2023-08-03,66,21
2023-08-04,67,20
2023-08-07,64,19
2023-08-08,41,27
2023-08-09,54,26
2023-08-10,51,34
2023-08-11,59,29
2023-08-15,59,29
2023-08-16,54,31
2023-08-17,55,42
2023-08-18,49,40
2023-08-21,34,50
2023-08-22,41,54
2023-08-23,37,64
2023-08-24,46,64
2023-08-25,43,69
2023-08-28,33,73
2023-08-29,21,85
2023-08-30,20,88
2023-08-31,10,104
2023-09-01,12,100
2023-09-04,14,107
2023-09-05,14,105
2023-09-06,24,108
2023-09-07,20,114
2023-09-08,22,112
2023-09-11,24,113
2023-09-12,18,115
2023-09-13,18,117
2023-09-14,21,116
2023-09-15,23,114
2023-09-18,22,112
2023-09-19,29,110
2023-09-20,29,112
2023-09-21,34,98
2023-09-22,34,89
2023-09-25,35,86
2023-09-26,36,80
2023-09-27,36,81
2023-09-28,31,88
2023-10-02,37,84
2023-10-03,34,87
2023-10-04,41,73
2023-10-05,48,48
2023-10-06,47,45
2023-10-09,48,43
2023-10-10,52,29
2023-10-11,57,35
2023-10-12,56,37
2023-10-13,61,32
2023-10-16,57,34
2023-10-17,56,28
2023-10-18,52,30
2023-10-19,62,26
2023-10-20,66,25
2023-10-23,67,33
2023-10-24,68,30
2023-10-25,69,32
2023-10-26,69,36
2023-10-27,67,47
2023-10-30,71,45
2023-10-31,71,45
2023-11-01,83,45
2023-11-02,90,37
2023-11-03,94,30
2023-11-06,98,24
2023-11-07,96,29
2023-11-08,103,30
2023-11-10,120,23
2023-11-13,127,21
2023-11-14,132,17
2023-11-15,133,15
2023-11-16,142,21
2023-11-17,140,19
2023-11-20,142,14
2023-11-21,143,15
2023-11-22,143,9
2023-11-23,146,10
2023-11-24,149,9
2023-11-27,159,9
2023-11-28,157,10
2023-11-29,146,11
2023-11-30,153,13
2023-12-01,166,11
2023-12-04,177,9
2023-12-05,170,10
2023-12-06,186,4
2023-12-07,188,10
2023-12-08,199,9
2023-12-11,201,4
2023-12-12,203,8
2023-12-13,183,11
2023-12-14,177,6
2023-12-15,185,4
2023-12-18,163,7
2023-12-19,79,9
2023-12-20,58,11
2023-12-21,88,11
2023-12-22,71,8
2023-12-26,22,14
2023-12-27,50,12
2023-12-28,96,14
2023-12-29,103,12
2024-01-01,190,22
2024-01-02,186,103
2024-01-03,194,91
2024-01-04,197,95
2024-01-05,196,103
2024-01-08,168,114
2024-01-09,165,112
2024-01-10,154,121
2024-01-11,187,102
2024-01-12,163,120
2024-01-15,140,122
2024-01-16,122,133
2024-01-17,111,131
2024-01-18,98,144
2024-01-19,105,148
2024-01-22,122,146
2024-01-23,162,152
2024-01-24,175,152
2024-01-25,154,167
2024-01-26,139,185
2024-01-29,102,122
2024-01-30,77,137
2024-01-31,83,137
2024-02-01,88,139
2024-02-02,103,135
2024-02-06,122,113
2024-02-07,128,110
2024-02-09,80,133
2024-02-12,41,161
2024-02-13,56,163
2024-02-14,82,154
2024-02-15,70,160
2024-02-16,50,177
2024-02-19,69,183
2024-02-20,100,179
2024-02-21,123,166
2024-02-22,133,157
2024-02-23,145,144
2024-02-26,149,80
2024-02-27,139,95
2024-02-28,145,86
2024-02-29,157,99
2024-03-01,161,83
2024-03-04,156,86
2024-03-05,153,89
2024-03-06,162,86
2024-03-07,155,84
2024-03-08,156,88
2024-03-11,170,78
2024-03-12,124,92
2024-03-13,87,103
2024-03-14,132,89
2024-03-15,124,90
2024-03-18,120,82
2024-03-19,130,89
2024-03-20,144,92
2024-03-21,128,116
2024-03-22,121,115
2024-03-25,131,124
2024-03-26,151,129
2024-03-27,162,127
2024-03-28,187,116
2024-03-29,173,130
2024-04-01,136,103
2024-04-02,129,107
2024-04-03,149,98
2024-04-04,162,82
2024-04-08,177,72
2024-04-09,176,79
2024-04-15,183,71
2024-04-16,192,77
2024-04-17,177,71
2024-04-18,184,83
2024-04-19,188,91
2024-04-22,227,97
2024-04-23,226,101
2024-04-24,254,89
2024-04-25,237,86
2024-04-26,237,98
2024-04-29,169,98
2024-04-30,140,123
2024-05-02,121,129
2024-05-03,152,121
2024-05-06,177,113
2024-05-07,178,111
2024-05-08,163,106
2024-05-09,179,96
2024-05-10,187,81
2024-05-13,213,72
2024-05-14,226,65
2024-05-15,221,76
2024-05-16,208,82
2024-05-17,222,80
2024-05-20,217,86
2024-05-21,224,96
2024-05-22,209,110
2024-05-23,210,88
2024-05-24,237,92
2024-05-27,203,114
2024-05-29,173,151
2024-05-30,192,160
2024-05-31,229,150
2024-06-03,187,99
2024-06-04,169,117
2024-06-05,151,127
2024-06-06,126,125
2024-06-07,129,126
2024-06-10,119,131
2024-06-11,105,144
2024-06-12,127,147
2024-06-13,183,112
2024-06-14,187,125
2024-06-20,213,112
2024-06-21,214,115
2024-06-24,185,153
2024-06-25,192,175
2024-06-26,182,190
2024-06-27,185,182
2024-06-28,194,173
2024-07-01,160,130
2024-07-02,180,113
2024-07-03,209,87
2024-07-04,208,81
2024-07-05,208,103
2024-07-08,205,89
2024-07-09,224,96
2024-07-10,204,103
2024-07-11,203,115
2024-07-12,186,121
2024-07-15,222,112
2024-07-18,232,106
2024-07-19,183,139
2024-07-22,130,167
2024-07-23,161,176
2024-07-24,190,164
2024-07-25,168,190
2024-07-26,150,201
2024-07-29,161,145
2024-07-30,146,140
2024-07-31,126,153
2024-08-01,128,149
2024-08-02,139,143
2024-08-05,116,144
2024-08-06,136,139
2024-08-07,151,143
2024-08-08,156,138
2024-08-09,169,127
2024-08-12,139,151
2024-08-13,143,152
2024-08-15,151,139
2024-08-16,132,136
2024-08-19,128,156
2024-08-20,128,159
2024-08-21,155,139
2024-08-22,193,103
2024-08-23,197,104
2024-08-26,192,134
2024-08-27,196,146
2024-08-28,201,172
2024-08-29,207,157
2024-08-30,209,152
2024-09-02,147,109
2024-09-03,160,126
2024-09-04,180,96
2024-09-05,167,98
2024-09-06,169,97
2024-09-09,164,92
2024-09-10,173,98
2024-09-11,171,114
2024-09-12,190,100
2024-09-13,179,99
2024-09-16,159,100
2024-09-18,161,105
2024-09-19,159,118
2024-09-20,150,123
2024-09-23,136,147
2024-09-24,148,173
2024-09-25,181,168
2024-09-26,167,179
2024-09-27,148,195
2024-09-30,118,146
2024-10-01,127,131
2024-10-02,122,159
2024-10-03,119,147
2024-10-04,129,141
2024-10-07,138,129
2024-10-08,145,133
2024-10-09,152,118
2024-10-10,154,126
2024-10-11,146,139
2024-10-14,160,129
2024-10-15,158,132
2024-10-16,165,114
2024-10-17,148,114
2024-10-18,144,122
2024-10-21,175,118
2024-10-22,208,103
2024-10-23,220,104
2024-10-24,245,95
2024-10-25,245,114
2024-10-28,187,113
2024-10-29,189,110
2024-10-30,174,114
2024-10-31,157,112
2024-11-01,163,117
2024-11-04,187,103
2024-11-05,200,97
2024-11-06,203,88
2024-11-07,211,86
2024-11-08,220,61
2024-11-11,240,56
2024-11-12,245,64
2024-11-13,244,73
2024-11-14,265,56
2024-11-15,261,62
2024-11-18,251,56
2024-11-19,272,58
2024-11-20,255,51
2024-11-21,274,57
2024-11-22,247,72
2024-11-25,270,80
2024-11-26,167,122
2024-11-27,265,93
2024-11-28,332,80
2024-11-29,344,70
2024-12-02,314,37
2024-12-03,327,20
2024-12-04,339,21
2024-12-05,354,16
2024-12-06,360,17
2024-12-09,364,14
2024-12-10,372,18
2024-12-11,374,17
2024-12-12,397,12
2024-12-13,371,17
2024-12-16,379,19
2024-12-17,373,19
2024-12-18,309,28
2024-12-19,200,42
2024-12-20,239,37
2024-12-23,367,44
2024-12-24,341,48
2024-12-26,298,48
2024-12-27,320,55
2024-12-30,347,35
2024-12-31,348,31
2025-01-01,358,29
2025-01-02,345,33
2025-01-03,326,33
2025-01-06,281,37
2025-01-07,242,42
2025-01-08,219,50
2025-01-09,174,57
2025-01-10,181,59
2025-01-13,215,58
2025-01-14,251,55
2025-01-15,250,54
2025-01-16,214,56
2025-01-17,265,56
2025-01-20,285,53
2025-01-21,260,59
2025-01-22,218,64
2025-01-23,225,66
2025-01-24,265,65
2025-01-27,227,70
2025-01-28,182,77
2025-01-29,191,77
2025-01-30,230,76
2025-01-31,244,78
2025-02-03,197,56
2025-02-04,179,61
2025-02-06,150,67
2025-02-07,154,73
2025-02-10,177,78
2025-02-11,211,73
2025-02-12,209,70
2025-02-13,210,73
2025-02-14,188,73
2025-02-17,180,69
2025-02-18,201,65
2025-02-19,227,64
2025-02-20,241,65
2025-02-21,233,64
2025-02-24,276,76
2025-02-25,279,84
2025-02-26,261,86
2025-02-27,259,102
2025-02-28,240,104
2025-03-03,154,80
2025-03-04,171,90
2025-03-05,174,91
2025-03-06,178,90
2025-03-07,189,87
2025-03-10,193,88
2025-03-11,183,85
2025-03-12,184,90
2025-03-13,201,94
2025-03-14,192,90
2025-03-17,200,95
2025-03-18,189,93
2025-03-19,222,81
2025-03-20,233,80
2025-03-21,247,81
2025-03-24,249,94
2025-03-25,236,100
2025-03-26,263,92
2025-03-27,246,108
2025-04-03,197,83
2025-04-04,199,87
2025-04-07,128,122
2025-04-08,147,126
2025-04-09,134,129
2025-04-10,174,115
2025-04-11,153,117
2025-04-14,178,112
2025-04-15,185,107
2025-04-16,181,112
2025-04-17,193,113
2025-04-18,194,111
2025-04-21,237,108
2025-04-22,243,100
2025-04-23,237,122
2025-04-24,188,143
2025-04-25,196,151
2025-04-28,132,128
2025-04-29,134,139
2025-04-30,110,169
2025-05-02,138,157
2025-05-05,149,147
2025-05-06,141,143
2025-05-07,92,172
2025-05-08,61,199
2025-05-09,76,206
2025-05-12,143,129
2025-05-13,168,120
2025-05-14,167,105
2025-05-15,175,83
2025-05-16,182,92
2025-05-19,191,86
2025-05-20,192,88
2025-05-21,208,64
2025-05-22,219,70
2025-05-23,221,73
2025-05-26,234,90
2025-05-27,251,83
2025-05-29,272,84
2025-05-30,284,84
2025-06-02,238,66
2025-06-03,249,60
2025-06-04,262,52
2025-06-05,265,56
2025-06-10,274,57
2025-06-11,292,45
2025-06-12,287,59
2025-06-13,247,80
2025-06-16,274,69
2025-06-17,281,78
2025-06-18,247,81
2025-06-19,222,83
2025-06-20,227,94
2025-06-23,166,123
2025-06-24,320,94
2025-06-25,348,87
2025-06-26,339,86
2025-06-27,368,71
2025-06-30,325,42
2025-07-01,325,38
2025-07-02,349,27
2025-07-03,353,35
2025-07-04,361,34
2025-07-07,382,25
2025-07-08,383,23
2025-07-09,394,21
2025-07-10,381,20
2025-07-11,400,23
2025-07-14,407,22
2025-07-15,387,30
2025-07-16,399,31
2025-07-17,425,27
2025-07-18,399,33
2025-07-21,406,47
2025-07-22,418,50
2025-07-23,422,48
2025-07-24,415,50
2025-07-25,408,55
2025-07-28,359,41
2025-07-29,317,49
2025-07-30,295,49
2025-07-31,294,53
2025-08-01,279,44
2025-08-04,295,45
2025-08-05,315,46
2025-08-06,327,44
2025-08-07,333,44
2025-08-08,315,45
2025-08-11,322,46
2025-08-12,315,42
2025-08-13,319,42
2025-08-15,326,38
2025-08-18,343,29
2025-08-19,363,29
2025-08-20,363,26
2025-08-21,346,33
2025-08-22,354,37
2025-08-25,378,49
2025-08-26,385,53
2025-08-27,352,57
2025-08-28,348,56
2025-08-29,371,55
2025-09-01,341,41
2025-09-02,353,37
2025-09-03,358,35
2025-09-04,350,38
2025-09-05,362,36
2025-09-08,350,39
2025-09-09,323,39
2025-09-10,325,33
2025-09-11,345,31
2025-09-12,330,30
2025-09-15,335,29
2025-09-16,348,29
2025-09-17,367,25
2025-09-18,408,25
2025-09-19,412,31
2025-09-22,436,36
2025-09-23,423,39
2025-09-24,420,46
2025-09-25,426,47
2025-09-26,419,46
2025-09-29,342,36
2025-09-30,326,43
2025-10-01,316,40
2025-10-02,327,42
2025-10-03,326,41
2025-10-06,272,48
2025-10-07,282,48
2025-10-08,259,51
2025-10-09,257,55
2025-10-10,238,61
2025-10-13,179,62
2025-10-14,247,56
2025-10-15,260,58
2025-10-16,248,67
2025-10-17,242,61
2025-10-20,273,58
2025-10-21,275,60
2025-10-22,281,56
2025-10-23,247,64
2025-10-24,228,72
2025-10-27,226,77
2025-10-28,213,90
2025-10-29,194,98
2025-10-30,174,99
2025-10-31,246,99
2025-11-03,203,70
2025-11-04,184,78
2025-11-05,171,78
2025-11-06,170,86
2025-11-07,187,85
2025-11-10,195,76
2025-11-11,152,91
2025-11-12,158,92
2025-11-13,175,88
2025-11-14,201,82
2025-11-17,210,75
2025-11-18,206,75
2025-11-19,203,81
2025-11-20,221,79
2025-11-21,225,87
2025-11-24,226,97
2025-11-25,226,104
2025-11-26,200,116
2025-11-27,225,100
2025-11-28,238,99
2025-12-01,214,63
2025-12-02,210,69
2025-12-03,201,81
2025-12-04,212,82
2025-12-05,206,79
2025-12-08,228,68
2025-12-09,238,62
2025-12-10,246,54
2025-12-11,242,50
2025-12-12,248,46
2025-12-15,274,51
2025-12-16,262,55
2025-12-17,266,68
2025-12-18,264,60
2025-12-19,266,62
2025-12-22,286,78
2025-12-23,269,89
2025-12-24,265,96
2025-12-26,274,98
2025-12-29,218,85
2025-12-30,245,82
2025-12-31,250,77
2026-01-01,278,61
2026-01-02,289,63
2026-01-05,303,58
2026-01-06,307,64
2026-01-07,329,55
2026-01-08,328,50
2026-01-09,310,48
2026-01-12,287,51
2026-01-13,287,67
2026-01-14,258,75
2026-01-15,235,83
2026-01-16,260,72
2026-01-19,281,74
2026-01-20,314,73
2026-01-21,304,75
2026-01-22,312,73
2026-01-23,308,78
2026-01-26,308,87
2026-01-27,280,90
2026-01-28,282,92
2026-01-29,217,105
2026-01-30,226,105
2026-02-02,210,89
2026-02-03,240,88
2026-02-04,246,77
2026-02-06,193,85
2026-02-09,193,87
2026-02-10,176,94
2026-02-11,191,97
2026-02-12,160,105
2026-02-13,147,109
2026-02-16,106,123
2026-02-17,88,129
2026-02-18,137,129
2026-02-19,88,142
2026-02-20,96,144
2026-02-23,94,154
2026-02-24,98,161
2026-02-25,88,169
2026-02-26,125,181
2026-02-27,116,184
2026-03-02,73,184
2026-03-03,72,193
2026-03-04,64,207
2026-03-05,79,202
2026-03-06,72,206
2026-03-09,48,216
2026-03-10,70,219
2026-03-11,71,230
2026-03-12,74,219
2026-03-13,73,229
2026-03-16,59,256
2026-03-17,58,258
2026-03-18,81,245
2026-03-19,75,238
2026-03-24,98,257
2026-03-25,134,221
2026-03-26,106,260
2026-03-27,97,272
2026-03-30,59,275
2026-03-31,71,269
2026-04-01,83,228
2026-04-02,76,266
2026-04-03,77,276
2026-04-06,80,266
2026-04-07,82,263
2026-04-08,116,83
2026-04-09,123,89
2026-04-10,122,57
2026-04-13,112,146
2026-04-14,118,76
2026-04-15,133,56
2026-04-16,144,46
2026-04-17,167,35
2026-04-20,193,64
2026-04-21,209,61
2026-04-22,216,71
2026-04-23,206,96
2026-04-24,224,94
2026-04-27,172,76
2026-04-28,166,113
2026-04-29,146,169
2026-04-30,122,205
2026-05-05,130,192
2026-05-06,146,194
2026-05-07,199,105
2026-05-08,184,87
2026-05-11,197,89
2026-05-12,179,121
2026-05-13,175,125
2026-05-14,162,145
2026-05-15,169,157
2026-05-18,145,204
2026-05-19,164,205
2026-05-20,181,191
2026-05-21,211,164
2026-05-22,204,183
2026-05-25,239,137
2026-06-01,236,121
2026-06-02,180,120
2026-06-03,176,123
2026-06-04,202,101
2026-06-05,195,91
2026-06-08,174,125
2026-06-09,202,91
2026-06-10,205,81
2026-06-11,206,86
2026-06-12,219,66
