symbol,start,end,outcome,breakout_idx,close_at_breakout,ema_at_breakout,price_above_ema,ema_rising,ema_slope_pct,raw_pct_move,sma_at_breakout,passes_sma,passes_ema
ABL,1000,1080,down,1091,62.15,59.30041011247026,True,True,1.9118721912984356,4.5374094931617055,56.8649,False,False
ABOT,3840,3920,down,3928,755.01,735.9127897014226,True,True,1.037201499173799,-0.654295969589814,750.7741000000001,False,False
ACPL,600,680,down,695,56.7137,59.18463559023745,False,True,0.0930049061808964,-11.33394576619052,61.28459,True,True
ACPL,2440,2520,down,2521,137.1967,143.8993447155195,False,True,0.3884214747560157,4.832259084948825,147.263865,True,True
ACPL,3720,3800,up,3801,145.63,136.3368517126556,True,True,1.2989016833567906,25.24891849206895,134.48680000000002,True,True
ACPL,3880,3960,down,3961,168.26,164.11886792637395,True,True,1.7067819993924611,16.010935457030786,164.0503,False,False
ADMM,160,240,down,241,216.0,240.49090132171443,False,False,-0.1555366588703091,-27.384259259259245,229.5075,True,True
ADMM,520,600,down,601,61.95,75.35512190640189,False,False,-2.506788344912027,7.3446327683615875,66.433,True,True
ADMM,1960,2040,up,2041,88.05,81.36968001409316,True,True,1.00475144258292,28.847245883021017,86.98445,True,True
ADMM,2520,2600,down,2613,78.0,78.51273784058459,False,True,0.8720627234013703,6.730769230769231,77.14395,False,True
AGIC,1280,1360,up,1361,6.5442,7.15093776568737,False,False,-3.0427078839643245,7.342379511628621,7.171151,False,False
AGIC,1960,2040,up,2046,24.2548,21.732265894559383,True,True,2.084451187463341,6.918218249583591,21.992458000000003,True,True
AGIC,2520,2600,up,2601,28.27,27.212068815905926,True,False,-0.0490062297771855,-4.492394764768305,28.523400000000002,False,True
AGIL,1240,1320,up,1324,69.91,66.91680347864603,True,True,0.228544030877234,-1.3016735803175463,68.43645000000001,True,True
AGIL,1400,1480,down,1481,67.49,70.50188292920309,False,False,-0.3253123329778676,10.697881167580372,71.38575,True,True
AGIL,1520,1600,up,1602,65.0,64.30898608212385,True,False,-0.8359386915638731,31.23076923076923,65.81275,False,True
AGIL,1920,2000,down,2001,70.5,78.61710520700687,False,False,-0.9666870837109928,-22.000000000000007,79.579,True,True
AGL,640,720,down,733,11.36,12.41394368907399,False,False,-1.0856338913140124,-1.232394366197188,12.020150000000001,True,True
AGP,1840,1920,up,1932,200.24,185.63318028270237,True,True,0.6855649286234589,-10.132840591290462,192.80384999999998,True,True
AGTL,1640,1720,up,1737,152.0453,139.65930092966414,True,True,1.2373726294166938,0.3475280064559738,135.9523055,True,True
AHCL,3240,3320,down,3323,32.05,35.438219515792696,False,False,-0.5827495332074227,10.015600624024954,34.96,True,True
AICL,3800,3880,up,3881,44.02,38.76837731248364,True,True,1.48909652526058,-5.883689232167204,37.458800000000004,True,True
AICL,3920,4000,down,4009,39.65,40.357906285729264,False,True,0.0741219465306102,5.195460277427479,40.67295,True,True
AIRLINK,160,240,down,241,35.18,48.69200075526782,False,False,-5.034028181624889,21.688459351904488,48.2932,True,True
AKBL,1800,1880,up,1884,16.51,14.194426794098549,True,True,2.104488633752143,9.751665657177464,13.93845,True,True
ALAC,2720,2800,down,2801,5.0,5.532388692153837,False,False,-1.1762380060093565,4.000000000000004,5.35585,True,True
ALTN,2400,2480,up,2481,4.8335,5.460100096086753,False,False,-3.505613367547457,1.1234095376021611,5.683452999999999,False,False
ALTN,2520,2600,down,2601,4.5212,4.987057155883067,False,False,-1.372779425802965,18.377864283818457,4.7800015,True,True
ALTN,2600,2680,up,2681,4.5538,4.392270398702657,True,False,-2.078479985203522,18.65255391101937,4.446003999999999,True,True
ANL,2360,2440,down,2441,5.22,5.9406596093145225,False,False,-0.8155076596694476,21.264367816091944,5.73725,True,True
ANL,3600,3680,down,3681,12.15,11.923529944602214,True,True,1.441553690672873,17.36625514403293,10.83645,False,False
APL,1400,1480,up,1483,166.0422,154.5153374293008,True,True,1.5674538797365185,-4.993369155552022,150.9478195,True,True
APL,1560,1640,up,1644,189.8517,170.97355396933025,True,True,1.6374888640005376,4.580206550691942,170.102523,True,True
APL,3160,3240,down,3241,327.2201,348.5155637477328,False,False,-0.0040990797139328,2.189199257625066,342.9659535,True,True
APL,3880,3960,up,3961,257.2351,249.6402386080685,True,False,-0.15728546394673,-2.0266285588553044,254.031898,True,True
APL,4120,4200,up,4216,236.0668,235.93204245557905,True,False,-0.588033711712358,21.241106330919884,235.2685885,True,True
APL,4640,4720,up,4722,412.9,372.7412630941613,True,True,1.4677676802592778,1.7679825623637715,372.41540000000003,True,True
ARPL,4720,4800,up,4801,450.95,420.04425758027935,True,True,1.693406660371578,-2.488080718483196,423.12559999999996,True,True
ARUJ,640,720,up,721,22.59,12.13835197378351,True,True,7.171188946506149,-18.54803010181497,11.2771,True,True
ASL,1320,1400,down,1401,18.24,19.787126239396724,False,False,-0.1708665039143333,12.00657894736841,19.52845,True,True
ASL,2400,2480,down,2481,10.2,13.169991442013984,False,False,-3.666658721316797,23.03921568627451,12.7355,True,True
ASLPS,360,440,up,448,5.7582,5.182312927690746,True,False,-0.4206200737601254,-6.316209926713219,5.193765,True,True
ATBA,2600,2680,up,2681,656.9995,576.3708405083528,True,True,2.458172596601763,9.785639106270253,534.4702575,True,True
ATIL,1320,1400,up,1413,10.46,9.664433502154866,True,True,1.0140818523263495,20.234225621414897,9.584662,True,True
ATIL,2480,2560,up,2570,41.9482,42.42677433326772,False,False,-0.7969960826218518,25.54507702356716,43.502615500000005,False,False
ATRL,2640,2720,up,2721,224.51,205.5528362573101,True,True,0.1092095544494718,16.939111843570455,211.0657,True,True
AVN,560,640,up,643,17.9872,18.32741842103606,False,False,-1.2276447693035657,7.164539227895384,18.920832,False,False
AVN,1920,2000,down,2001,88.06,101.12899369530204,False,False,-0.2411134060812742,18.08993867817398,106.08709999999999,True,True
BAFL,1840,1920,down,1924,8.4127,8.219738974200528,True,True,1.3024053878937008,7.361489177077503,8.618545000000001,True,False
BAFL,3040,3120,down,3139,20.4176,20.47058321443977,False,True,0.3972382899650807,-21.43542825797352,20.879399499999998,True,True
BAFL,4520,4600,up,4608,21.0833,18.395006115147822,True,True,2.470263150971914,23.598772488177847,17.4790995,True,True
BAHL,4120,4200,down,4208,68.79,71.38680053219976,False,True,1.2143381167602272,12.778020061055395,71.04729999999999,True,True
BCL,760,840,down,845,45.07,46.35928557239478,False,True,1.1604594891886797,33.96938096294653,46.3571,True,True
BCL,3400,3480,up,3481,143.76,97.52605722048978,True,True,0.1760557614737538,-36.79048414023372,108.83475,True,True
BECO,400,480,up,496,20.24,18.773113687457755,True,False,-1.0585711423704454,-28.80434782608695,20.3129,False,True
BERG,2280,2360,down,2362,98.86,100.66595231196688,False,True,0.8024931510122697,8.931822779688446,104.7429,True,True
BERG,2840,2920,down,2934,149.72,171.3677172622988,False,False,-2.1777038322374533,5.223083088431735,175.07535,True,True
BHAT,1160,1240,up,1250,899.09,886.1225446852936,True,False,-1.846029139249788,5.652381852762231,906.4994,False,True
BHAT,1240,1320,down,1321,899.54,911.4246847563152,False,True,0.5298848649801592,-3.094915178869204,885.0971000000001,False,True
BIPL,3920,4000,up,4001,13.53,11.666108947317491,True,False,-0.1623260730880456,-3.9172209903917175,11.7722,True,True
BOK,440,520,down,530,13.6,15.103884494622202,False,False,-1.3877907985621014,4.411764705882351,15.13725,True,True
BOK,3680,3760,down,3773,15.0,15.331478614186151,False,True,0.0630878578769795,7.466666666666661,15.53235,True,True
BPL,720,800,down,802,31.5,38.82280705175401,False,False,-3.578836561793082,23.809523809523807,37.45915,True,True
BWHL,1400,1480,up,1492,48.9582,42.19193816491664,True,True,2.066668021176986,15.222577627445457,41.6595835,True,True
BWHL,1880,1960,down,1961,84.0812,92.9947719453382,False,False,-1.4489505597062544,28.572736830587576,98.807053,True,True
CENI,3480,3560,up,3595,26.49,22.920092703258504,True,True,1.8335429013782667,40.43035107587771,22.23505,True,True
CEPB,840,920,down,921,13.79,29.54162540455529,False,False,-10.360991315144211,5.656272661348799,32.27845,True,True
CHBL,360,440,up,441,10.85,12.001402753499628,False,False,-2.9378259694716595,15.668202764976968,11.8565,False,False
CHCC,2280,2360,up,2361,58.85,51.6297428818883,True,True,1.6381095864717112,34.34154630416313,52.9795985,True,True
CLOV,1480,1560,up,1561,91.0,81.53828242597015,True,True,0.1603800621987548,122.9120879120879,80.25065,True,True
CPPL,3160,3240,up,3246,168.95,169.99018972875294,False,False,-0.5698433886765703,-16.040248594258657,162.42770000000002,True,False
CPPL,4480,4560,down,4561,124.0,115.45607439716264,True,True,1.425066193704701,12.096774193548388,112.7905,False,False
CRTM,3560,3640,up,3641,18.68,19.774954867215463,False,False,-2.244264474087952,-13.383297644539615,19.4409,False,False
CSAP,4920,5000,up,5011,106.0,104.6516813240208,True,False,-0.3223793217919871,-8.500000000000005,109.6084,False,True
CYAN,640,720,up,721,10.1499,16.240144636684825,False,False,-8.253684678858829,78.11998147765003,14.410637999999999,False,False
CYAN,4120,4200,up,4201,24.01,24.730929698607813,False,False,-0.960069747848196,49.937526030820486,25.96855,False,False
DAAG,840,920,up,923,18.9,18.774654363154696,True,False,-1.0133836012846311,-18.095238095238088,19.032899999999998,False,True
DAAG,2240,2320,down,2322,94.01,101.88191989070528,False,True,0.046125551212138,6.105733432613561,102.40455,True,True
DCL,680,760,up,768,15.6,14.66504742194418,True,True,0.2834110379162503,-12.179487179487182,14.748,True,True
DCL,1560,1640,down,1641,1.3,1.608899086103684,False,False,-2.997291802019391,-60.76923076923075,1.59115,True,True
DCL,2520,2600,down,2605,14.79,12.14215525534988,True,True,6.674731772609174,16.970926301555103,10.8475,False,False
DCL,4760,4840,up,4854,9.24,7.870396042236654,True,True,2.1709042496545385,-2.813852813852812,8.0802,True,True
DCR,1240,1320,down,1331,10.51,11.098928980290845,False,False,-0.5613849301467347,1.90294957183634,11.20605,True,True
DFML,3840,3920,down,3930,6.82,6.727058315286264,True,True,1.1049501223894318,26.24633431085044,6.1787,False,False
DFML,3880,3960,down,3961,5.85,6.682840297605244,False,False,-0.7754254424201773,-36.75213675213677,6.56635,True,True
DGKC,680,760,up,764,95.0,97.95248742148355,False,False,-1.184566482167656,-2.3263157894736777,102.40525,False,False
DGKC,1480,1560,down,1573,21.86,24.935915036880917,False,False,-1.6701788168832377,4.025617566331194,25.886100000000003,True,True
DGKC,2920,3000,down,3015,227.28,218.36045330073847,True,True,2.169137602902145,31.590989088349176,215.25605,False,False
DNCC,240,320,down,324,0.1817,0.1816325756584907,True,True,1.9228164627612945,-51.67859108420474,0.17329650000000002,False,False
DOL,680,760,down,761,4.61,6.118449356170794,False,False,-4.680927219806811,9.76138828633406,6.6019000000000005,True,True
DOL,3560,3640,down,3646,24.55,24.14317662725154,True,True,1.7023338240052002,10.590631364562125,24.21475,False,False
DSL,4000,4080,up,4091,6.12,5.60649329519782,True,True,0.6746950669546089,11.27450980392156,5.61205,True,True
DSL,4360,4440,down,4441,5.92,7.928719279862213,False,False,-2.2387291004369843,4.3918918918918886,8.4586,True,True
DYNO,880,960,down,992,9.61,11.398845046313491,False,False,-1.6890069478092395,5.202913631633716,11.720350000000002,True,True
ECOP,280,360,down,376,24.715,29.788331426586296,False,False,-2.984940671187786,7.546024681367585,29.846750999999998,True,True
ECOP,1040,1120,down,1121,4.88,6.342414278440277,False,False,-3.0722467515945087,14.959016393442614,5.7315499999999995,True,True
EFERT,520,600,down,601,66.58,76.16811140205279,False,False,-2.046135341008707,4.6860919194953405,79.40845,True,True
EFERT,1320,1400,up,1401,69.02,69.02940315056708,False,False,-0.5493819502229768,7.896261953057089,69.99255,False,False
EFUG,1680,1760,up,1763,45.6791,39.12612500155033,True,True,3.0761508988493302,11.323121515091149,37.6745235,True,True
EFUG,1800,1880,up,1881,49.5439,45.98154026623309,True,True,2.1571503500252245,12.6802694176276,47.41595099999999,True,True
EFUL,120,200,up,201,125.4125,116.71075734433556,True,,,16.731506030100682,116.596661,True,True
ENGRO,1280,1360,up,1381,137.5634,137.98116734153766,False,False,-0.5226262082084537,16.47742059297749,142.847498,False,False
ENGRO,1320,1400,up,1405,141.0312,137.64973003240536,True,False,-0.172847496544714,18.74826279575016,141.619955,False,True
ENGRO,1880,1960,up,1961,99.16,97.3001910092217,True,False,-0.8843378565001472,41.23638563937073,98.94595,True,True
ENGRO,4200,4280,down,4284,253.68,274.24046789687986,False,False,-1.171785122152145,8.155944497004098,273.10630000000003,True,True
EPCLPS,280,360,up,364,12.0,12.052510203279924,False,False,-0.1221990115437472,-8.166666666666671,12.01505,False,False
EPQL,960,1040,up,1053,16.8362,17.78670063824557,False,False,-1.69690093355514,-17.579976479253045,18.1371805,False,False
EPQL,2040,2120,down,2123,17.4892,17.802603473014607,False,True,0.3520745625283885,3.3815154495345707,18.130467,True,True
EXIDE,4120,4200,up,4221,857.18,785.3187823203298,True,True,1.52259940958427,-21.571898551062784,822.4252,True,True
EXIDE,4160,4240,down,4242,832.81,801.0789096361538,True,True,1.924540947495771,24.28885339993516,820.8583500000001,False,False
FABL,600,680,down,681,73.0,71.01124272600808,True,True,1.1139392123822174,11.917808219178086,69.77074999999999,False,False
FASM,120,200,down,201,34.3,64.83557571223487,False,,,8.921282798833815,64.7696,True,True
FASM,360,440,up,441,47.99,43.81476717957203,True,True,1.364234336134937,46.48885184413418,38.8899,True,True
FATIMA,1240,1320,up,1323,40.68,35.97917149756641,True,True,1.970390395037584,12.733529990167158,35.5782,True,True
FATIMA,2080,2160,down,2161,34.43,33.70014861890624,True,True,1.0868230490172346,5.605576532094103,32.9131,False,False
FCCL,2520,2600,up,2612,36.72,32.18938929400548,True,True,1.8963147022620688,3.022875816993462,32.843,True,True
FCCL,5080,5160,down,5167,56.16,51.51964086132876,True,True,2.8226842321943457,13.746438746438749,51.9429,False,False
FCEPL,720,800,up,808,99.36,103.40469018452414,False,False,-1.34603471903292,35.78904991948469,104.7358,False,False
FCEPL,1000,1080,down,1093,139.44,146.22709743531328,False,True,0.2780715971606349,-8.534136546184744,149.97435,True,True
FCEPL,2920,3000,up,3004,59.23,63.41200458821601,False,False,-2.259400028418874,38.22387303731219,62.30045,False,False
FECTC,3520,3600,up,3606,35.35,30.08885221414245,True,True,3.313622193588838,-12.729844413012728,28.167199999999998,True,True
FECTC,4240,4320,down,4323,30.0,32.536974504895,False,True,0.1874940810771791,-6.666666666666667,32.785,True,True
FFC,360,440,up,445,59.1387,61.94962264487791,False,False,-1.070199378152,-5.29399530256837,62.6048285,False,False
FFC,400,480,down,481,57.0515,60.87109753216289,False,False,-0.9623033581930072,4.399007913902343,60.851040499999996,True,True
FFC,2760,2840,down,2843,110.07,115.75349447659126,False,False,-0.714868091051104,4.669755610066309,113.00139999999999,True,True
FFC,3520,3600,up,3603,95.68,95.70277019550602,False,False,-0.7370656344413238,6.051421404682265,97.94834999999999,False,False
FFC,4880,4960,down,4961,374.09,301.8650349704551,True,True,6.989283555342926,-4.89721724718652,281.5443,False,False
FLYNG,160,240,down,241,11.8,14.143915617932524,False,False,-2.861215209661025,53.38983050847458,14.20025,True,True
FLYNG,1320,1400,down,1401,3.41,3.406264851077273,True,True,1.6823211359837875,-29.61876832844574,3.51315,True,False
FLYNG,3680,3760,down,3761,6.66,8.47741595293201,False,False,-3.1809350272047627,12.462462462462463,7.97645,True,True
FML,1720,1800,down,1807,62.03,70.56294797129236,False,False,-1.56484765698508,-20.82863130743189,67.1829,True,True
GATM,1000,1080,up,1081,22.43,22.442803209363145,False,False,-1.2836748617624592,7.846633972358455,22.092,True,False
GFIL,1720,1800,down,1813,3.46,4.493944660730174,False,False,-0.1342539246945752,65.3179190751445,4.09105,True,True
GFIL,2840,2920,down,2923,8.38,9.495519317206012,False,True,0.2048001313555427,-18.257756563245813,10.267000000000001,True,True
GGGL,1880,1960,down,1961,6.3,8.337238293161526,False,False,-4.481748410395843,-1.587301587301596,8.40255,True,True
GGL,1760,1840,down,1841,30.75,29.615142697372285,True,True,2.458178545848088,26.17886178861789,28.0946,False,False
GHGL,1360,1440,down,1442,52.64,53.58687959639319,False,False,-0.0334760789122973,26.00683890577507,52.35245,False,True
GHGL,3200,3280,down,3292,44.99,54.26053837521977,False,False,-2.3631113021242807,12.26939319848856,54.4724,True,True
GHGL,3880,3960,down,3991,41.26,45.41857830695968,False,False,-0.994982812070026,1.9146873485215683,45.81399999999999,True,True
GHNI,920,1000,down,1001,7.9702,6.365189697366642,True,True,9.57379048634399,30.646658804045074,5.43517,False,False
GHNI,1360,1440,up,1447,3.3355,3.4314685148534667,False,False,-1.7948573577347429,16.28841253185429,3.2366975,True,False
GHNI,4040,4120,down,4121,85.99,112.28236845722456,False,False,-4.563597344423797,-19.176648447493907,115.86995,True,True
GLAXO,1480,1560,down,1567,70.5,77.12613910798053,False,False,-0.845703416311482,2.7234042553191515,76.5039,True,True
GLAXO,2440,2520,up,2521,200.2,195.9826316388968,True,False,-0.0665550744734464,9.675324675324678,206.3914,False,True
GLAXO,2560,2640,down,2641,219.4,211.5740339238742,True,True,1.4939358206948317,0.70191431175934,206.56990000000002,False,False
GLAXO,3400,3480,down,3481,116.51,142.47425582617592,False,False,-1.967181819929242,21.46596858638744,139.11685,True,True
GLPL,720,800,down,807,43.5769,51.91749312638667,False,False,-2.549755957760604,2.541254655562937,44.932275499999996,True,True
GTYR,4640,4720,down,4721,37.28,38.63392963233181,False,True,0.6998747916546075,-28.782188841201705,38.9174,True,True
GVGL,720,800,down,801,15.75,18.692401638652942,False,False,-0.726420692181732,-15.4920634920635,18.68225,True,True
GWLC,960,1040,up,1052,12.4716,12.172251808047973,True,False,-0.5217945110886052,-18.70810481413772,12.443822,True,True
GWLC,2720,2800,down,2814,56.8,55.53506471685124,True,True,1.3677543123118114,36.26760563380281,56.73285,False,False
HBL,2040,2120,up,2123,176.22,192.21107738847968,False,False,-2.062881565024908,23.69197593916695,199.8309,False,False
HINO,1840,1920,up,1935,682.2704,543.0443615215924,True,True,4.147534833801712,-9.146578834432802,536.3347075,True,True
HINOON,680,760,down,762,79.25,78.54019638490493,True,True,2.306904102025812,25.236593059936908,79.89524999999999,True,False
HMB,880,960,up,966,28.07,38.38482700465276,False,False,-6.648859521259723,-4.168151050944075,37.49595,False,False
HMB,1080,1160,down,1175,30.94,31.538965130001845,False,True,0.8948309644283838,36.48998060762768,29.1123,False,True
HMB,4200,4280,up,4292,35.48,38.41813852959893,False,False,-1.9211957308946053,-5.524239007891753,39.82805,False,False
HMB,4960,5040,up,5045,114.36,106.88287435228932,True,True,0.9870092724283712,-8.359566281916758,106.50945,True,True
HTL,1560,1640,down,1642,37.46,43.05362477459838,False,False,-1.926423344332558,33.66257341163908,41.731300000000005,True,True
HUBC,1320,1400,up,1401,36.37,33.498607512979454,True,True,0.4976905412289769,4.17926862799011,33.98205,True,True
HUMNL,360,440,down,441,30.9277,28.788523860032747,True,True,2.809575358513853,36.50804941848246,28.69809,False,False
HUMNL,3640,3720,down,3725,6.57,6.928326060888283,False,False,-0.3357961875398915,8.37138508371386,6.8827,True,True
IBLHL,360,440,up,441,9.4,8.717955833334386,True,True,0.1298457302697388,21.27659574468085,8.0867,True,True
IBLHL,3320,3400,down,3426,32.9,40.14257608697782,False,False,-3.4123527275954664,-9.78723404255319,39.6594,True,True
IBLHL,3920,4000,down,4002,60.12,50.46039839760861,True,True,5.094145319392827,-15.868263473053892,48.194799999999994,False,False
IGIL,2120,2200,down,2203,47.09,48.56926588315848,False,True,1.6192838670937322,10.978976428116376,48.19205,True,True
ILP,800,880,down,881,60.01,65.77498677210087,False,False,-1.633683465537476,17.76370604899183,67.8409,True,True
INDU,3000,3080,down,3084,1699.2,1711.164896451064,False,True,0.3696913168976401,-3.5193032015065886,1761.971,True,True
INDU,3360,3440,down,3441,1200.31,1333.6004888716488,False,False,-1.0082108298075314,9.570027742833092,1311.3099499999998,True,True
ISIL,1680,1760,down,1761,1776.71,1649.478832731953,True,True,2.2725328656970625,-16.422488757309843,1714.1981,False,False
ITTEFAQ,120,200,down,201,19.91,23.47392642013812,False,,,33.90256152687092,23.4496,True,True
JGICL,400,480,up,481,140.0579,57.25713571352967,True,True,7.468490676238848,-15.378140040654612,55.3534665,True,True
JGICL,1120,1200,up,1201,37.1271,35.76102024798789,True,False,-0.5423585738315343,20.83060621486732,35.168124,True,True
JLICL,1560,1640,up,1641,82.5,64.38560833437818,True,True,3.3544022825688558,6.666666666666667,63.9466,True,True
JLICL,2160,2240,down,2241,496.33,454.1271493816536,True,True,2.223921690784704,-4.366046783390087,463.20464999999996,False,False
JLICL,4200,4280,up,4281,226.18,173.2311082724337,True,True,6.013469236928716,-23.954372623574148,168.0841,True,True
JSBL,1200,1280,up,1281,5.51,4.374922829150364,True,True,4.937923337406664,-3.2667876588021727,3.92165,True,True
JSBL,3360,3440,down,3448,5.25,5.766308155043679,False,False,-0.985607545632762,4.761904761904762,6.0025,True,True
JVDC,1120,1200,up,1201,30.3,35.28581664182957,False,False,-4.268054063250501,-8.25082508250825,33.675,False,False
JVDC,1960,2040,up,2041,38.5,35.997153671625135,True,True,0.0953711827771957,-22.07792207792208,36.8773,True,True
KAPCO,1680,1760,up,1762,45.45,42.80621627426994,True,True,0.4750343034058157,2.39823982398239,42.6391,True,True
KAPCO,4200,4280,up,4282,27.7,29.988286201200754,False,False,-1.9986330457073,-3.068592057761725,29.61625,False,False
KOHC,4240,4320,down,4327,155.77,158.5775070811482,False,True,0.5209677276053515,18.98953585414393,153.84415,False,True
KOHC,4840,4920,down,4922,373.07,351.8302552801822,True,True,2.1584646894052857,-13.482724421690303,351.8535,False,False
KOHE,2440,2520,up,2540,32.6888,32.41399637710475,True,False,-0.2147525844059379,2.444568170137793,32.3428435,True,True
KOHP,3560,3640,down,3649,3.72,4.219382182082017,False,False,-1.3796388984723045,0.5376344086021511,4.127,True,True
KOIL,3960,4040,up,4041,5.1,5.263459292530976,False,False,-1.285159747020292,16.66666666666668,5.171,False,False
LOADS,1120,1200,down,1201,19.56,19.00448113251005,True,True,2.5321295079451427,30.57259713701432,18.2498,False,False
LOADS,2200,2280,down,2288,17.86,16.91401353901059,True,True,2.0362565141403866,28.21948488241881,16.561500000000002,False,False
LOTCHEM,1000,1080,up,1084,3.03,3.0915245776157803,False,False,-1.491457414413562,118.81188118811885,2.7426,True,False
LOTCHEM,1720,1800,down,1801,7.4,9.5901741317601,False,False,-3.6547540656411095,4.054054054054063,9.6662,True,True
LOTCHEM,4400,4480,up,4484,25.91,25.33225690241009,True,False,-0.5419852422050755,7.448861443458123,27.351550000000003,False,True
LPGL,1640,1720,down,1731,106.25,116.24230337122114,False,False,-0.9563343619035442,6.842352941176467,113.54895,True,True
LPL,120,200,down,207,9.1895,9.950056887518834,False,,,4.681429892812459,9.9180035,True,True
LPL,400,480,down,488,16.057,15.904360162813449,True,True,2.010412626418677,0.6782088808619197,16.6479835,True,False
LPL,720,800,up,821,11.9987,12.12830876222672,False,False,-1.2042467953201048,-2.203572053639146,11.738897999999999,True,False
LUCK,2040,2120,up,2121,239.98,202.55622785225168,True,True,3.7397705358217466,30.95257938161513,196.75995,True,True
MACFL,560,640,down,641,5.729,6.259721051192197,False,True,0.3270244251151683,-5.037528364461507,5.913697,True,True
MACFL,3800,3880,up,3881,16.99,18.216693955262244,False,False,-2.6149397093784,-7.651559741024126,18.78565,False,False
MACTER,1000,1080,down,1086,381.43,339.9607285272874,True,True,4.614252260055403,10.79621424638859,333.44464999999997,False,False
MCB,1280,1360,up,1379,200.01,199.1699901211348,True,False,-0.8826738233456061,22.313884305784708,204.1459,False,True
MCB,1800,1880,up,1882,187.99,177.95948531311876,True,True,0.7392951503100893,9.144103409755838,175.8553,True,True
MCB,2120,2200,down,2201,277.66,267.9450788759706,True,True,1.416232884052166,-2.1573147014333904,274.0675,False,False
MCB,3080,3160,up,3162,210.14,211.04456695612413,False,False,-1.1386738015292597,6.83829827733892,213.03334999999998,False,False
MCB,4120,4200,down,4201,148.81,160.49123659028402,False,False,-0.3072356010445988,11.854042067065397,158.649,True,True
MEBL,1000,1080,up,1082,11.58,16.172248665230775,False,False,-6.409029949892286,44.30051813471504,15.78325,False,False
MEBL,2080,2160,down,2169,38.57,35.41037691109878,True,True,2.2044777927097226,-1.9185895773917605,34.3479,False,False
MEBL,2280,2360,up,2361,53.05,40.92090777583126,True,True,3.442173656530155,-3.901979264844487,40.56175,True,True
MEBL,4800,4880,up,4893,243.26,228.4345787695194,True,True,1.111332073421366,26.646386582257666,236.697,True,True
MERIT,720,800,down,801,17.35,22.646673415190268,False,False,-3.737782517423632,-4.553314121037459,20.08265,True,True
MERIT,1400,1480,down,1493,17.71,19.37892605123605,False,False,-0.8468483164185449,5.1948051948052045,19.88715,True,True
MERIT,4240,4320,down,4344,12.87,12.42334295858893,True,True,1.487699910004893,37.14063714063714,12.287349999999998,False,False
MERIT,4280,4360,down,4361,12.36,12.464389179830842,False,True,0.4812487636921085,12.621359223300962,12.4793,True,True
MFFL,2040,2120,down,2121,261.0,295.2773206752245,False,False,-1.544050521426423,-23.754789272030653,301.15635,True,True
MFL,520,600,up,601,21.42,21.96824363787416,False,False,-1.5133662820102989,0.42016806722689,22.4393,False,False
MFL,1240,1320,up,1321,30.05,30.702331567956197,False,False,-1.3793462990963667,-0.232945091514144,32.18785,False,False
MLCF,1360,1440,down,1441,2.75,3.2941320255564577,False,False,-2.901900565879165,14.181818181818189,3.3416,True,True
MLCF,2560,2640,down,2643,69.04,65.44481254843924,True,True,2.3071222731407883,-12.514484356894554,67.43995,False,False
MLCF,4080,4160,down,4168,32.51,38.20341772536031,False,False,-1.8972348137409891,-18.240541371885573,40.418800000000005,True,True
MSOT,960,1040,up,1041,28.35,26.04818908711513,True,False,-0.2923505165126546,415.6966490299824,27.16555,True,True
MTL,200,280,up,283,65.7186,52.8360748704229,True,True,4.168646112472647,1.993803885049283,51.9812565,True,True
MTL,1560,1640,up,1643,140.8413,155.91044696622384,False,False,-3.3151360692355816,23.615303181666192,168.54337800000002,False,False
MTL,4160,4240,down,4243,304.0909,323.5924163060894,False,False,-0.7248097941231809,2.64131547507669,320.072135,True,True
MUREB,2800,2880,up,2882,820.0,771.3747559556264,True,True,0.5580923327318267,-4.7560975609756095,771.8530999999999,True,True
MUREB,3120,3200,up,3208,589.99,624.8886352924756,False,False,-1.8633964918356496,-6.811979864065503,625.87055,False,False
MWMP,760,840,up,841,0.07,0.0404868083584962,True,True,12.78472226095275,99.57142857142854,0.0382925,True,True
NATF,680,760,down,762,32.01,38.3666850600892,False,False,-2.9324658544109377,6.739144017494532,32.607917,True,True
NATF,1120,1200,up,1213,32.2841,31.713846630633554,True,True,0.0744350816030816,56.249670890624174,32.328604999999996,False,True
NATF,3440,3520,down,3521,162.28,217.32600798725971,False,False,-2.395726598134664,6.205324131131373,216.82905,True,True
NBP,1320,1400,up,1401,39.3505,38.1717399784756,True,True,0.0447967614814816,13.91392739609408,38.9848945,True,True
NBP,1760,1840,down,1842,33.9481,35.45627485880847,False,False,-0.4218443316961502,-7.650501795387668,34.9142275,True,True
NBP,4840,4920,up,4921,64.69,55.200785983984986,True,True,3.067643666310031,26.51105271293864,54.328,True,True
NCL,360,440,down,444,46.9,60.75544558349142,False,False,-3.9240207796098754,15.565031982942426,61.376999999999995,True,True
NCL,2640,2720,up,2740,34.47,36.346930218851526,False,False,-1.7328465322690938,5.07687844502466,36.557249999999996,False,False
NCL,3360,3440,down,3476,50.79,53.06052230102853,False,False,-0.6398845564559822,27.26914746997441,52.68715,True,True
NESTLE,2720,2800,up,2828,6290.0,5773.299525277721,True,True,0.3651275452913384,-6.200317965023848,5721.186,True,True
NETSOL,1200,1280,up,1281,25.39,22.44278239422428,True,False,-2.0322053862604066,-10.31902323749508,23.21695,True,True
NICL,2480,2560,up,2561,22.92,21.997294967506,True,False,-0.4408616439886657,23.734729493891784,23.335700000000003,False,True
NICL,2560,2640,down,2643,25.69,24.88010625228369,True,True,2.145488453004392,-1.1288439081354578,23.730500000000003,False,False
NML,3400,3480,down,3481,122.55,139.64402141458763,False,False,-1.2812284043141853,25.467156262749896,138.22035,True,True
OBOY,440,520,down,527,5.94,7.603050697074678,False,False,-3.7911218323403695,-3.0303030303030254,7.408099999999999,True,True
OGDC,360,440,up,441,135.85,132.3003891614044,True,False,-0.4938791202779264,-13.47073978652926,137.8145,False,True
OGDC,480,560,up,562,124.55,125.30329728631648,False,False,-1.0286785802700098,-2.970694500200725,127.325,False,False
OGDC,520,600,down,607,120.5,123.93884044294354,False,False,-0.3006723170515584,4.979253112033195,124.18549999999999,True,True
OGDC,2400,2480,down,2482,197.74,229.4147951300375,False,False,-2.0703387904014066,4.298573884899363,236.07905,True,True
OGDC,3760,3840,down,3841,108.86,116.27630782855424,False,False,-0.3631151224744605,8.047032886275955,117.51799999999999,True,True
PABC,480,560,up,561,54.13,46.93854578826658,True,True,1.7162426483254878,33.49344171439128,46.108000000000004,True,True
PACE,2240,2320,up,2333,7.17,6.500325696711131,True,True,0.5312225404989896,69.4560669456067,6.68735,True,True
PAEL,1000,1080,down,1085,13.4691,18.951867092675712,False,False,-4.785418259164104,15.04926090087682,16.587155,True,True
PAEL,2160,2240,up,2243,22.1,17.143769433606256,True,True,3.905026472282305,19.45701357466062,17.4555545,True,True
PAEL,2680,2760,up,2761,65.59,64.46007071602686,True,False,-0.8788623880294203,13.17273974691264,70.1451,False,True
PAEL,4640,4720,up,4728,23.92,18.548108793754185,True,True,4.972811359439211,8.31939799331103,16.88015,True,True
PAEL,4760,4840,up,4859,26.23,23.536651568238117,True,True,1.575486061692051,56.23332062523826,24.364050000000002,True,True
PAEL,4800,4880,up,4881,32.38,24.30074071096153,True,True,3.0749159870219667,28.968499073502148,24.920949999999998,True,True
PAEL,4960,5040,up,5044,42.49,38.65092874572297,True,True,1.630414311026276,12.82654742292303,39.0612,True,True
PAKD,600,680,down,700,111.0,110.95629749918554,True,True,0.80657013370497,41.44144144144144,113.54,True,False
PAKD,2960,3040,down,3041,69.99,79.82632035879449,False,False,-0.5402939017151908,17.78825546506643,83.2872,True,True
PAKOXY,2080,2160,up,2163,117.9081,122.2429844283776,False,False,-1.275128069145382,28.166512733221875,125.53340399999999,False,False
PAKOXY,3000,3080,down,3090,163.3546,176.44423419070674,False,False,-0.489598526073808,0.8780285342439131,179.954179,True,True
PAKOXY,3800,3880,up,3887,156.05,153.45562516145907,True,False,-0.4958267292894401,-12.495994873438,154.5111,True,True
PAKOXY,4400,4480,up,4481,86.01,87.19951701282189,False,False,-1.838283754785534,55.27264271596326,86.71549999999999,False,False
PAKRI,2280,2360,up,2364,26.47,27.016885481231316,False,False,-1.0082141584979418,25.87835285228561,28.662,False,False
PAKRI,3680,3760,up,3762,24.99,25.7268992710935,False,False,-1.1834197802063062,4.441776710684286,26.872249999999998,False,False
PIBTL,1640,1720,down,1725,12.64,11.69389464970141,True,True,2.4775526681111675,20.72784810126583,11.103299999999999,False,False
PICT,2600,2680,up,2681,368.2,311.9173249338623,True,True,2.501175287648796,47.74307441607822,301.6934,True,True
PICT,4680,4760,up,4771,44.07,42.80141499746118,True,False,-0.4702045705334732,-40.02722940776039,42.10735,True,True
PICT,4720,4800,down,4801,39.05,42.4360593676077,False,False,-0.733935064808696,-9.193341869398216,41.6361,True,True
PIL,1040,1120,up,1132,3.0552,2.6231786793913376,True,True,1.4728410792887103,-34.07305577376276,2.9413850000000004,True,True
PIL,3080,3160,up,3170,0.7248,0.8297494778532462,False,False,-3.7970503559271167,-4.249448123620316,0.8360080000000001,False,False
PIOC,2560,2640,up,2641,87.64,84.30860274265703,True,True,1.4798913451471472,11.558649018712911,85.73305,True,True
PIOC,3880,3960,up,3965,135.35,107.58216658007244,True,True,4.013095842994065,-10.284447728112292,108.8626,True,True
PIOC,4480,4560,up,4561,99.57,81.36023319003989,True,True,3.67418435335067,15.416290047202985,76.4684,True,True
PKGI,640,720,up,733,1.1105,1.1220682127595956,False,False,-1.8036070497944288,0.5763169743358812,1.119905,False,False
PKGP,1440,1520,up,1521,14.6209,14.214655004681577,True,False,-1.1379329688221151,-7.481071616658344,14.469611,True,True
PKGP,1960,2040,up,2041,11.1323,9.07685132097036,True,True,1.5316853954753402,-12.73231946677686,8.9595975,True,True
PKGP,2960,3040,up,3051,51.63,40.94971048219725,True,True,4.74165712872494,71.3926012008522,39.8609205,True,True
PKGS,1320,1400,up,1401,132.55,120.01901999167028,True,True,0.6515653669933915,-10.85628064881178,117.73110000000001,True,True
PKGS,3480,3560,up,3570,306.76,317.26717028955125,False,False,-1.747525107753527,26.61037944973269,309.9659,False,False
PKGS,4040,4120,down,4130,472.19,494.3359455527037,False,False,-0.463435394753471,20.983078845380035,500.12980000000005,True,True
PNSC,4640,4720,up,4746,225.7073,181.759097359126,True,True,2.9070902894391515,96.39595174812688,191.37017550000002,True,True
POL,360,440,up,446,354.6,337.92120253269303,True,False,-0.2422747133904103,-3.172588832487309,361.69807849999995,False,True
POL,1720,1800,up,1809,375.35,361.76066021853126,True,True,0.0342512933591653,19.63767150659384,365.17015,True,True
POWER,4560,4640,up,4659,5.52,5.102349854042586,True,True,0.8887183061637827,0.724637681159421,4.85455,True,True
POWER,4920,5000,up,5001,15.65,11.96796972623239,True,True,6.011508369362874,15.07987220447285,11.689649999999999,True,True
PPL,520,600,down,613,262.45,252.2470575929268,True,True,1.1034193517855684,-1.5622023242522474,250.37825,False,False
PPL,2760,2840,down,2856,156.48,150.69562290279825,True,True,1.4216267971318486,-23.51099182004092,141.91514999999998,False,False
PPL,3000,3080,up,3087,178.83,166.908998304717,True,True,0.4384421966392801,9.858524856008495,170.5481,True,True
PPP,320,400,down,411,25.2687,33.379485899679054,False,False,-4.383820954122505,4.424446053813606,38.525713,True,True
PPVC,960,1040,up,1042,1.3813,1.0927951726571743,True,True,6.928546763837816,11.206834141750528,1.00109,True,True
PRL,1680,1760,down,1765,46.9895,51.3342781384728,False,False,-1.2077017779453207,-3.793826280339221,49.707860000000004,True,True
PRL,2480,2560,down,2561,35.8182,72.52327828946515,False,False,-8.915441682043928,-8.498193655739264,84.319845,True,True
PRL,2640,2720,up,2721,37.0482,41.30397087022466,False,False,-3.808852919036466,-3.719209030398248,35.561705,True,False
PRL,2760,2840,down,2849,31.5287,36.59717666265408,False,False,-1.268605432618193,-11.530764034038828,33.863048,True,True
PRL,2840,2920,down,2921,33.6696,35.329399952710595,False,False,-0.4639125030435592,-56.1384750635588,34.567463000000004,True,True
PRL,3920,4000,down,4005,25.02,22.938618489324288,True,True,3.0045406447452803,32.33413269384492,23.03315,False,False
PRL,4120,4200,up,4204,14.09,15.820959537492804,False,False,-4.988969844593402,25.975869410929736,16.6999,False,False
PSEL,920,1000,up,1002,551.25,386.8180939595565,True,True,7.938127783292851,72.33560090702947,368.35245000000003,True,True
PSO,1160,1240,down,1265,303.54,295.7567387199192,True,True,1.4200189381609734,5.432562429992755,298.305,False,False
PSO,1200,1280,down,1281,255.0,294.4544621101212,False,False,-0.2229213910864838,0.2156862745098083,302.30165,True,True
PSO,1480,1560,down,1561,268.06,279.4116796602792,False,False,-0.4408763643151739,2.394986197120053,280.70689999999996,True,True
PSO,1600,1680,up,1685,237.62,251.73640599571303,False,False,-1.646827852434183,4.582947563336413,254.9003,False,False
QUET,1280,1360,up,1361,18.66,9.684913511486329,True,True,4.013070405171089,-11.575562700964632,9.5526,True,True
QUICE,3400,3480,down,3483,3.21,3.542293747320141,False,False,-0.4862094581670304,1.2461059190031163,3.2268,True,True
QUICE,3640,3720,down,3746,4.58,4.567172786532859,True,True,1.2551774729623009,-16.59388646288209,4.7596,True,False
QUICE,4760,4840,up,4843,8.43,7.080373572586459,True,True,2.8505413546598786,20.04744958481613,7.044099999999999,True,True
REDCO,2040,2120,down,2129,3.05,3.52697183197778,False,False,-1.6896221524324997,30.49180327868852,3.4145,True,True
RMPL,1800,1880,up,1881,9950.0,8915.719055240448,True,True,2.236867518541957,-4.522613065326634,8675.4771,True,True
RMPL,2400,2480,down,2485,8800.0,8630.54718958811,True,True,0.9032547052618272,-7.611704545454545,8254.2848,False,False
SAZEW,2000,2080,up,2085,24.4019,22.2402873335361,True,True,1.4092189772072152,7.349427708498101,22.7999845,True,True
SBL,2880,2960,up,2975,8.16,7.024978209842175,True,False,-0.7511670574187972,4.534313725490186,7.122000000000001,True,True
SCL,1280,1360,down,1361,229.7138,240.1650054154776,False,True,1.5023482563861557,-1.00668745195108,226.6131635,False,True
SEARL,1040,1120,down,1122,23.4085,25.95705249198217,False,False,-2.045821770329859,-10.098895700279815,25.698386999999997,True,True
SEARL,1280,1360,up,1361,28.1809,26.699774422538617,True,True,0.8471970316653843,-0.6937322796646049,26.5165815,True,True
SEARL,1560,1640,up,1651,20.4135,22.2219757582496,False,False,-2.125380677290856,8.359174075979142,22.659636999999996,False,False
SEARL,4160,4240,down,4248,83.5,116.78354144402384,False,False,-2.7883356101712526,34.0,114.52765,True,True
SEL,880,960,up,970,19.76,21.9285067161036,False,False,-2.298219924047067,10.829959514170024,21.015349999999998,False,False
SEPL,320,400,up,401,58.17,57.42786597427156,True,False,-1.7988142932234874,29.292934502320776,58.0216525,True,True
SEPL,3760,3840,up,3871,117.38,120.30849481841582,False,False,-1.4946338050739936,-9.92502981768614,118.5758,False,False
SEPL,4200,4280,down,4282,135.16,126.04618293796264,True,True,2.60316424781482,-1.501923646049128,123.242,False,False
SHEL,480,560,up,561,213.8553,223.50141422750207,False,False,-1.2430652186586826,21.82742256095593,225.313672,False,False
SHEL,960,1040,up,1042,171.2073,182.52825858163965,False,False,-1.8024932527058404,13.156857213448252,183.870258,False,False
SHEL,3360,3440,down,3441,191.7087,220.3327924994215,False,False,-1.0664434537395329,16.481672454093115,217.2515075,True,True
SHEZ,600,680,down,681,118.86,140.05370970965558,False,False,-0.8457705214529161,7.3952549217566945,134.17285,True,True
SHEZ,3040,3120,up,3121,175.74,114.6229605201082,True,True,3.187643457398675,34.86969386593832,106.71615,True,True
SHFA,720,800,down,803,19.25,21.45345811381094,False,False,-0.5724296744008696,6.493506493506493,21.94255,True,True
SHFA,1120,1200,up,1208,32.9,29.20826342320736,True,True,1.052709975085965,6.352583586626151,30.082449999999998,True,True
SHNI,1080,1160,down,1165,6.0005,8.213334523860192,False,False,-3.019016974247137,11.154070494125486,7.8079235,True,True
SILK,1320,1400,up,1417,2.1274,2.399521520349855,False,False,-3.069543278375946,-22.38413086396541,2.2697845,False,False
SITC,520,600,up,627,330.65,267.737012253395,True,True,4.5165826367835535,-23.33282927566913,260.96375,True,True
SITC,800,880,up,881,178.99,182.5516210654405,False,False,-1.702670286648344,0.7989273143750926,176.98255,True,False
SMCPL,120,200,up,201,7.0,8.025434671171507,False,,,-27.142857142857142,7.9952,False,False
SMCPL,1160,1240,down,1241,9.8,9.82035545990631,False,True,0.7335755466887736,-37.3469387755102,9.5165,False,True
SMCPL,2640,2720,up,2737,13.5,13.007153194700903,True,False,-0.2336025549194744,100.66666666666666,13.39525,True,True
SMCPL,3080,3160,up,3161,46.34,32.70641539815674,True,True,6.1377999279762925,-13.681484678463535,29.6125,True,True
SNBL,1920,2000,up,2001,5.3814,5.128183565358669,True,False,-1.189290104296642,12.675140298063702,5.366158,True,True
SNBL,4280,4360,down,4361,6.7381,7.173952085611182,False,False,-0.8006789568207675,-1.687419302177167,7.255438000000001,True,True
SNGP,560,640,down,642,66.25,75.05489014901585,False,False,-1.082891123195051,1.962264150943392,73.75475,True,True
SPEL,680,760,down,769,26.0184,30.99621656924305,False,False,-1.847707695647484,13.448559480982684,32.077285499999995,True,True
SPWL,920,1000,down,1023,13.9048,15.035927582139315,False,False,-1.0957050958664034,16.140469478165805,15.0324625,True,True
SSGC,520,600,up,618,28.6,26.96819848994911,True,False,-0.3918533146625677,-4.370629370629371,26.5735,True,True
SSGC,920,1000,down,1011,13.5,18.363816265013572,False,False,-5.209395152607665,0.0,19.7322,True,True
SSGC,2080,2160,up,2163,25.29,22.8405888188942,True,True,1.6716105406730752,20.16607354685648,21.804250000000003,True,True
SSGC,3000,3080,down,3088,34.86,38.86987187520471,False,False,-0.8168210282464944,9.523809523809526,39.48955,True,True
SSGC,3840,3920,down,3922,13.96,15.407084889997984,False,False,-0.9642472761080876,8.954154727793695,14.918849999999999,True,True
SSGC,4760,4840,up,4841,16.68,9.98856942993451,True,True,2.288386034961565,118.2254196642686,10.19805,True,True
SSGC,5080,5160,down,5161,32.59,36.596911153512,False,False,-1.607629430170641,18.840135010739505,39.05855,True,True
STCL,3480,3560,down,3566,14.36,17.589838437302916,False,False,-3.158093936572469,30.36211699164345,17.62885,True,True
STCL,3640,3720,up,3722,8.79,11.101132775613069,False,False,-4.878997064908758,12.627986348122883,11.0932,False,False
STPL,120,200,down,202,22.3392,34.630373037444336,False,,,12.758738003151414,34.566402,True,True
SYS,120,200,down,201,31.7097,30.12184163670454,True,,,10.803949580096948,30.1564615,False,False
SYS,2280,2360,up,2384,416.97,418.6441737122563,False,False,-0.3744901697038192,41.52576923999328,413.74379999999996,True,False
TELE,360,440,down,444,10.85,13.29567543741003,False,False,-2.9167925368363044,14.285714285714276,14.694749999999999,True,True
TGL,3360,3440,up,3443,90.12,83.27906187563657,True,True,0.1703432385248377,17.6653351087439,79.48095,True,True
THALL,2400,2480,up,2484,295.05,270.2160125808851,True,True,1.149698153232992,-11.540416878495174,282.8155,True,True
THCCL,880,960,up,964,26.5,23.293616891957186,True,True,1.759563292454841,-3.7735849056603774,22.85615,True,True
THCCL,960,1040,up,1041,30.4,24.36425229763582,True,True,1.8471446133870952,-9.144736842105257,24.906149999999997,True,True
TPLP,400,480,down,481,7.15,7.745631588537479,False,False,-1.1337530348214038,30.20979020979021,7.5962,True,True
TREET,3720,3800,up,3801,17.2,18.451364806243244,False,False,-1.816485798822504,16.569767441860474,17.128899999999998,True,False
TRG,960,1040,down,1041,1.54,3.5900001668995176,False,False,-10.942575787495006,-16.883116883116884,3.16175,True,True
TRG,2320,2400,up,2408,12.33,11.773068846389323,True,False,-1.1496611537875032,15.166261151662605,12.904649999999998,False,True
TRG,3400,3480,down,3487,22.12,27.274042835621803,False,False,-3.0976187478076795,24.54792043399638,27.16725,True,True
TSPL,3400,3480,down,3489,2.91,3.261763363176488,False,True,0.5475125053280566,8.934707903780076,2.8238499999999997,False,True
UBL,1600,1680,up,1684,40.7806,35.242846856895504,True,True,2.564325988660818,-8.070994541522202,33.414949,True,True
UBL,2000,2080,down,2088,66.5825,61.9074104971912,True,True,1.7572360243212035,-30.192768370067206,63.013306,False,False
UBL,3360,3440,down,3441,66.123,73.62912373176836,False,False,-1.4368703766920543,-11.587042330202795,71.47701699999999,True,True
UBL,4520,4600,up,4601,102.7232,83.52904639267166,True,True,2.921728084357757,25.132491978443028,83.14356550000001,True,True
UNIC,2520,2600,up,2601,8.99,9.043993013055132,False,False,-1.5647763648155122,-2.6696329254727496,8.791599999999999,True,False
UNIC,3120,3200,down,3201,7.36,8.012423657990585,False,True,1.8161240824121463,-7.336956521739131,7.97965,True,True
UPFL,400,480,up,490,1776.23,1500.8462736777194,True,True,3.2176596664298165,55.52602984973792,1452.2120000000002,True,True
WAHN,1080,1160,down,1172,34.76,39.77394895158677,False,False,-2.038924657398355,-2.1288837744534006,39.41635,True,True
WAVES,920,1000,up,1002,19.88,23.707137958251696,False,False,-4.379286594946261,-0.6539235412474799,23.61245,False,False
WAVES,3840,3920,up,3925,7.57,7.631690239035317,False,False,-1.6183019723299046,-6.737120211360642,7.154400000000001,True,False
WTL,2440,2520,up,2527,1.57,1.6351856262922106,False,False,-0.8574499700016592,8.280254777070056,1.7281,False,False
ZIL,2360,2440,down,2441,106.14,111.43781010660088,False,False,-0.1744309442171362,16.10137554173733,115.1116,True,True
