symbol,start,end,leg_index,entry_bar,entry_price,lfd_level,r_lfd_denom,exit_bar,exit_type,realized_R
ABL,1000,1080,0,1091,62.15,64.39,2.240000000000002,1181,horizon,4.638392857142853
ABOT,2520,2600,0,2604,620.0,641.5,21.5,2619,lfd,-1.0
ACPL,600,680,0,695,56.7137,60.5249,3.8111999999999995,729,lfd,-1.0
ACPL,600,680,1,775,56.3155,59.1597,2.8442000000000007,865,horizon,12.264081288235706
ACPL,2440,2520,0,2521,137.1967,144.5117,7.314999999999998,2611,horizon,1.5468352699931633
ACPL,3720,3800,0,3801,145.63,142.1,3.530000000000001,3891,horizon,6.991501416430594
ACPL,3880,3960,0,3961,168.26,172.74,4.480000000000018,3977,lfd,-1.0
ACPL,3880,3960,1,3978,162.79,174.25,11.460000000000008,4068,horizon,2.325479930191971
ADMM,160,240,0,241,216.0,217.0,1.0,248,lfd,-1.0
ADMM,160,240,1,249,210.0,220.0,10.0,263,lfd,-1.0
ADMM,160,240,2,264,230.0,225.0,-5.0,268,lfd,-1.0
ADMM,160,240,3,269,218.9,225.75,6.849999999999994,279,lfd,-1.0
ADMM,520,600,0,601,61.95,63.9,1.9499999999999957,627,lfd,-1.0
ADMM,520,600,1,628,63.4,64.0,0.6000000000000014,630,lfd,-1.0
ADMM,520,600,2,631,62.7,65.0,2.299999999999997,721,horizon,8.934782608695665
ADMM,1960,2040,0,2041,88.05,83.5,4.549999999999997,2131,horizon,0.4285714285714295
ADMM,2520,2600,0,2613,78.0,83.5,5.5,2621,lfd,-1.0
ADMM,2520,2600,1,2622,76.0,84.49,8.489999999999995,2712,horizon,0.11778563015312139
AGIL,1240,1320,0,1324,69.91,68.0,1.9099999999999966,1378,lfd,-1.0
AGIL,1240,1320,1,1379,67.83,67.0,0.8299999999999983,1382,lfd,-1.0
AGIL,1240,1320,2,1383,69.07,66.45,2.6199999999999903,1473,horizon,-0.3129770992366398
AGIL,1400,1480,0,1481,67.49,70.03,2.5400000000000063,1506,lfd,-1.0
AGIL,1400,1480,1,1510,66.46,67.5,1.0400000000000063,1600,horizon,4.29807692307689
AGIL,1520,1600,0,1602,65.0,61.3,3.700000000000003,1692,horizon,10.578378378378371
AGP,1840,1920,0,1932,200.24,194.0,6.240000000000009,1976,lfd,-1.0
AGP,1840,1920,1,1978,197.78,185.5,12.280000000000001,1980,lfd,-1.0
AGP,1840,1920,2,1983,203.89,187.9,15.98999999999998,1985,lfd,-1.0
AGP,1840,1920,3,1987,192.08,185.0,7.0800000000000125,1991,lfd,-1.0
AGTL,4480,4560,0,4575,335.67,342.85,7.180000000000007,4581,lfd,-1.0
AGTL,4480,4560,1,4583,332.93,343.0,10.069999999999993,4586,lfd,-1.0
AHCL,3240,3320,0,3323,32.05,34.7,2.6500000000000057,3413,horizon,0.7735849056603746
AICL,1800,1880,0,1881,68.88,65.51,3.3699999999999903,1909,lfd,-1.0
AICL,1800,1880,1,1923,66.72,64.05,2.6700000000000017,2013,horizon,7.614232209737822
AKBL,1800,1880,0,1884,16.51,15.51,1.0000000000000018,1974,horizon,3.0199999999999942
ALTN,2400,2480,0,2481,4.8335,4.6326,0.20089999999999986,2492,lfd,-1.0
ALTN,2400,2480,1,2493,5.1593,4.6163,0.5430000000000001,2497,lfd,-1.0
ALTN,2400,2480,2,2498,5.0236,4.6027,0.4209000000000005,2508,lfd,-1.0
ALTN,2400,2480,3,2509,4.4398,4.3719,0.06789999999999985,2599,horizon,5.357879234167911
ALTN,2520,2600,0,2601,4.5212,5.0507,0.5294999999999996,2691,horizon,0.051369216241738576
ALTN,2600,2680,0,2681,4.5538,4.209,0.3448000000000002,2771,horizon,14.079756380510432
ANL,2360,2440,0,2441,5.22,5.58,0.3600000000000003,2515,lfd,-1.0
ANL,2360,2440,1,2516,6.01,5.58,-0.4299999999999997,2517,lfd,-1.0
ANL,2360,2440,2,2518,5.59,6.2,0.6100000000000003,2521,lfd,-1.0
ANL,2360,2440,3,2522,6.14,6.48,0.34000000000000075,2530,lfd,-1.0
ANL,3600,3680,0,3681,12.15,12.7,0.5499999999999989,3745,lfd,-1.0
APL,1400,1480,0,1483,166.0422,164.4244,1.6178000000000168,1509,lfd,-1.0
APL,1400,1480,1,1510,164.8421,163.5365,1.3055999999999983,1531,lfd,-1.0
APL,1400,1480,2,1532,160.2394,160.5031,-0.26370000000000005,1533,lfd,-1.0
APL,1400,1480,3,1534,160.1997,159.9316,0.268100000000004,1535,lfd,-1.0
APL,1560,1640,0,1644,189.8517,183.319,6.5327000000000055,1734,horizon,1.1514075344038464
APL,4120,4200,0,4216,236.0668,230.2376,5.829200000000014,4306,horizon,7.847251766966289
ARUJ,640,720,0,721,22.59,18.9,3.6900000000000013,743,lfd,-1.0
ARUJ,640,720,1,744,17.79,18.75,-0.9600000000000009,745,lfd,-1.0
ARUJ,640,720,2,746,16.9,16.8,0.09999999999999787,749,lfd,-1.0
ARUJ,640,720,3,750,17.54,16.5,1.0399999999999991,758,lfd,-1.0
ASL,1320,1400,0,1401,18.24,19.0,0.7600000000000016,1491,horizon,6.499999999999984
ASLPS,360,440,0,448,5.7582,5.051,0.7072000000000003,483,lfd,-1.0
ASLPS,360,440,1,484,5.4686,4.8692,0.5994000000000002,492,lfd,-1.0
ASLPS,360,440,2,499,5.5831,4.9163,0.6668000000000003,522,lfd,-1.0
ASLPS,360,440,3,535,5.9265,5.2531,0.6734,540,lfd,-1.0
ATBA,4040,4120,0,4121,170.19,168.0,2.1899999999999977,4123,lfd,-1.0
ATBA,4040,4120,1,4124,167.53,161.0,6.530000000000001,4127,lfd,-1.0
ATBA,4040,4120,2,4129,167.2,158.0,9.199999999999989,4219,horizon,6.784782608695663
ATRL,1440,1520,0,1530,131.8,124.42,7.38000000000001,1547,lfd,-1.0
ATRL,1440,1520,1,1568,132.04,124.75,7.289999999999992,1575,lfd,-1.0
ATRL,5000,5080,0,5081,704.88,679.0,25.879999999999995,5088,lfd,-1.0
ATRL,5000,5080,1,5089,700.98,674.1,26.879999999999995,5093,lfd,-1.0
ATRL,5000,5080,2,5108,709.85,646.0,63.85000000000002,5120,lfd,-1.0
ATRL,5000,5080,3,5143,692.56,655.0,37.559999999999945,5187,lfd,-1.0
AVN,560,640,0,643,17.9872,17.0358,0.9514000000000031,669,lfd,-1.0
AVN,560,640,1,672,17.5778,16.4937,1.0840999999999994,762,horizon,12.913292131722175
AVN,1920,2000,0,2001,88.06,95.0,6.939999999999998,2024,lfd,-1.0
AVN,1920,2000,1,2025,103.98,96.88,-7.1000000000000085,2026,lfd,-1.0
AVN,1920,2000,2,2027,108.65,110.1,1.4499999999999886,2117,horizon,19.97931034482774
BAHL,4120,4200,0,4208,68.79,76.39,7.599999999999994,4298,horizon,1.5065789473684226
BCL,760,840,0,845,45.07,47.14,2.0700000000000003,935,horizon,7.4685990338164245
BERG,2280,2360,0,2362,98.86,111.3,12.439999999999998,2452,horizon,0.5498392282958203
BHAT,1160,1240,0,1250,899.09,799.99,99.10000000000002,1333,lfd,-1.0
BHAT,1160,1240,1,1334,847.52,799.99,47.52999999999997,1411,lfd,-1.0
BHAT,1160,1240,2,1412,895.0,792.0,103.0,1414,lfd,-1.0
BHAT,1160,1240,3,1415,765.0,726.06,38.940000000000055,1469,horizon,1.9689265536723126
BHAT,1240,1320,0,1321,899.54,927.7,28.160000000000082,1348,lfd,-1.0
BHAT,1240,1320,1,1349,868.74,934.8,66.05999999999995,1358,lfd,-1.0
BHAT,1240,1320,2,1359,858.23,935.0,76.76999999999998,1362,lfd,-1.0
BHAT,1240,1320,3,1363,856.52,973.0,116.48000000000002,1381,lfd,-1.0
BOK,440,520,0,530,13.6,14.0,0.40000000000000036,552,lfd,-1.0
BOK,440,520,1,553,13.25,14.4,1.1500000000000004,576,lfd,-1.0
BOK,440,520,2,578,13.4,14.1,0.6999999999999993,609,lfd,-1.0
BOK,440,520,3,615,13.53,13.66,0.13000000000000078,616,lfd,-1.0
BPL,720,800,0,802,31.5,32.92,1.4200000000000017,892,horizon,6.239436619718302
BWHL,1400,1480,0,1492,48.9582,45.9466,3.0116000000000014,1582,horizon,5.317339620135476
CENI,3480,3560,0,3595,26.49,25.0,1.4899999999999984,3685,horizon,7.7449664429530305
CHBL,360,440,0,441,10.85,9.9,0.9499999999999993,531,horizon,0.6842105263157904
CHCC,1560,1640,0,1642,5.3047,5.6385,0.3337999999999992,1660,lfd,-1.0
CHCC,2280,2360,0,2361,58.85,58.04,0.8100000000000023,2376,lfd,-1.0
CHCC,2280,2360,1,2377,60.21,58.0,2.210000000000001,2467,horizon,9.203619909502256
CLOV,1480,1560,0,1561,91.0,84.45,6.549999999999997,1651,horizon,4.995419847328246
CPPL,3160,3240,0,3246,168.95,160.1,8.849999999999994,3291,lfd,-1.0
CPPL,4480,4560,0,4561,124.0,126.9,2.9000000000000057,4651,horizon,7.468965517241363
CRTM,2240,2320,0,2326,27.5,28.49,0.9899999999999984,2339,lfd,-1.0
CRTM,2240,2320,1,2340,27.09,28.5,1.4100000000000001,2345,lfd,-1.0
CRTM,3560,3640,0,3641,18.68,18.0,0.6799999999999997,3649,lfd,-1.0
CRTM,3560,3640,1,3650,17.98,18.0,-0.019999999999999574,3652,lfd,-1.0
CRTM,3560,3640,2,3653,17.95,17.7,0.25,3654,lfd,-1.0
CRTM,3560,3640,3,3655,17.97,17.65,0.3200000000000003,3657,lfd,-1.0
CSAP,4920,5000,0,5011,106.0,103.8,2.200000000000003,5024,lfd,-1.0
CSAP,4920,5000,1,5025,104.93,103.3,1.6300000000000097,5027,lfd,-1.0
CSAP,4920,5000,2,5028,102.04,102.55,-0.5099999999999909,5029,lfd,-1.0
CSAP,4920,5000,3,5030,100.84,99.5,1.3400000000000034,5031,lfd,-1.0
CYAN,640,720,0,721,10.1499,10.133,0.01690000000000147,811,horizon,405.3372781064736
CYAN,4120,4200,0,4201,24.01,23.75,0.26000000000000156,4206,lfd,-1.0
CYAN,4120,4200,1,4207,24.1,23.63,0.4700000000000024,4297,horizon,14.893617021276519
DAAG,840,920,0,923,18.9,17.8,1.0999999999999979,929,lfd,-1.0
DAAG,840,920,1,934,18.51,17.51,1.0,938,lfd,-1.0
DAAG,840,920,2,940,18.65,17.26,1.389999999999997,945,lfd,-1.0
DAAG,840,920,3,946,17.8,17.02,0.7800000000000011,950,lfd,-1.0
DCL,2520,2600,0,2605,14.79,15.39,0.6000000000000014,2695,horizon,4.416666666666654
DGKC,680,760,0,764,95.0,91.9,3.0999999999999943,824,lfd,-1.0
DGKC,680,760,1,825,95.5,91.01,4.489999999999995,830,lfd,-1.0
DGKC,680,760,2,831,89.3,89.75,-0.45000000000000284,832,lfd,-1.0
DGKC,680,760,3,833,84.5,86.56,-2.0600000000000023,834,lfd,-1.0
DGKC,1480,1560,0,1573,21.86,22.97,1.1099999999999994,1617,lfd,-1.0
DGKC,1480,1560,1,1619,22.56,23.65,1.0899999999999999,1692,lfd,-1.0
DGKC,1480,1560,2,1693,23.43,23.85,0.4200000000000017,1694,lfd,-1.0
DGKC,2920,3000,0,3015,227.28,242.0,14.719999999999999,3105,horizon,5.752717391304349
DOL,3560,3640,0,3646,24.55,26.0,1.4499999999999993,3731,lfd,-1.0
DOL,3560,3640,1,3732,25.71,26.39,0.6799999999999997,3750,lfd,-1.0
DOL,3560,3640,2,3751,25.49,26.74,1.25,3752,lfd,-1.0
DOL,3560,3640,3,3753,24.83,26.74,1.9100000000000001,3843,horizon,2.0628272251308886
DSL,3080,3160,0,3172,4.42,4.7,0.28000000000000025,3186,lfd,-1.0
DSL,3080,3160,1,3203,4.61,5.07,0.45999999999999996,3223,lfd,-1.0
DSL,3080,3160,2,3235,5.08,5.4,0.3200000000000003,3236,lfd,-1.0
DSL,3080,3160,3,3239,5.04,5.35,0.3099999999999996,3252,lfd,-1.0
DSL,4000,4080,0,4091,6.12,5.55,0.5700000000000003,4181,horizon,1.5087719298245612
DSL,4360,4440,0,4441,5.92,6.25,0.33000000000000007,4471,lfd,-1.0
DSL,4360,4440,1,4472,6.55,6.85,0.2999999999999998,4474,lfd,-1.0
DSL,4360,4440,2,4475,6.82,7.4,0.5800000000000001,4525,horizon,2.9310344827586206
ECOP,4920,5000,0,5004,51.34,48.3,3.0400000000000063,5026,horizon,-0.08552631578947519
EFERT,520,600,0,601,66.58,68.25,1.6700000000000017,619,lfd,-1.0
EFERT,520,600,1,622,67.93,69.75,1.8199999999999932,637,lfd,-1.0
EFERT,520,600,2,639,68.74,69.8,1.0600000000000023,729,horizon,0.4245283018867808
EFUG,1680,1760,0,1763,45.6791,43.8775,1.8016000000000005,1853,horizon,0.4483792184724689
ENGRO,80,160,0,161,93.7758,88.8765,4.899300000000011,251,horizon,6.9140693568468805
ENGRO,1280,1360,0,1381,137.5634,133.6592,3.904200000000003,1471,horizon,4.3116899748988216
ENGRO,1320,1400,0,1405,141.0312,137.3337,3.6975000000000193,1495,horizon,4.399513184584149
ENGRO,1840,1920,0,1930,88.74,92.5,3.760000000000005,1945,lfd,-1.0
ENGRO,1840,1920,1,1946,90.38,92.74,2.3599999999999994,1948,lfd,-1.0
ENGRO,1880,1960,0,1961,99.16,93.55,5.609999999999999,2051,horizon,3.9946524064171123
EPQL,960,1040,0,1053,16.8362,16.3721,0.46410000000000196,1061,lfd,-1.0
EPQL,960,1040,1,1062,16.3834,16.1853,0.19810000000000016,1072,lfd,-1.0
EPQL,960,1040,2,1079,15.8458,15.1666,0.6791999999999998,1094,lfd,-1.0
EPQL,960,1040,3,1110,14.7649,14.3744,0.3905000000000012,1112,lfd,-1.0
EXIDE,4160,4240,0,4242,832.81,900.0,67.19000000000005,4332,horizon,3.040184551272508
FASM,120,200,0,201,34.3,36.1,1.8000000000000043,291,horizon,0.8611111111111075
FASM,360,440,0,441,47.99,47.35,0.6400000000000006,531,horizon,57.82812499999994
FATIMA,1240,1320,0,1323,40.68,39.25,1.4299999999999997,1413,horizon,3.965034965034967
FCEPL,720,800,0,808,99.36,98.1,1.2600000000000051,898,horizon,14.626984126984073
FCEPL,2920,3000,0,3004,59.23,55.1,4.1299999999999955,3094,horizon,2.937046004842619
FCEPL,3280,3360,0,3384,89.79,84.05,5.740000000000009,3395,lfd,-1.0
FCEPL,3280,3360,1,3398,86.8,74.0,12.799999999999997,3488,horizon,0.37499999999999983
FECTC,3520,3600,0,3606,35.35,34.55,0.8000000000000043,3616,lfd,-1.0
FECTC,3520,3600,1,3619,35.2,33.81,1.3900000000000006,3642,lfd,-1.0
FECTC,3520,3600,2,3666,30.85,30.0,0.8500000000000014,3667,lfd,-1.0
FECTC,3520,3600,3,3668,30.65,30.0,0.6499999999999986,3673,lfd,-1.0
FECTC,4240,4320,0,4323,30.0,33.3,3.299999999999997,4345,lfd,-1.0
FECTC,4240,4320,1,4387,30.31,33.45,3.140000000000004,4393,lfd,-1.0
FFC,400,480,0,481,57.0515,58.0206,0.9691000000000045,514,lfd,-1.0
FFC,400,480,1,518,58.12,58.6418,0.521800000000006,523,lfd,-1.0
FFC,400,480,2,524,56.9024,58.6418,1.7394000000000034,576,lfd,-1.0
FFC,400,480,3,577,58.0206,58.94,0.919399999999996,580,lfd,-1.0
FFC,3520,3600,0,3603,95.68,93.4,2.280000000000001,3693,horizon,4.311403508771927
FLYNG,160,240,0,241,11.8,12.15,0.34999999999999964,331,horizon,20.571428571428594
FLYNG,1320,1400,0,1401,3.41,3.72,0.31000000000000005,1422,lfd,-1.0
FLYNG,1320,1400,1,1427,3.5,3.75,0.25,1429,lfd,-1.0
FLYNG,1320,1400,2,1430,3.49,3.75,0.2599999999999998,1456,lfd,-1.0
FLYNG,1320,1400,3,1526,3.74,3.97,0.22999999999999998,1532,lfd,-1.0
FLYNG,3680,3760,0,3761,6.66,6.85,0.1899999999999995,3851,horizon,4.4210526315789584
GATM,1000,1080,0,1081,22.43,21.4,1.0300000000000011,1111,lfd,-1.0
GATM,1000,1080,1,1112,22.06,21.35,0.7099999999999973,1186,lfd,-1.0
GATM,1000,1080,2,1188,21.92,21.15,0.7700000000000031,1189,lfd,-1.0
GATM,1000,1080,3,1193,22.57,21.5,1.0700000000000003,1283,horizon,26.644859813084103
GFIL,1720,1800,0,1813,3.46,4.2,0.7400000000000002,1846,lfd,-1.0
GFIL,1720,1800,1,1848,3.55,4.55,1.0,1938,horizon,-0.3500000000000001
GHGL,40,120,0,128,67.05,73.0,5.950000000000003,184,lfd,-1.0
GHGL,3200,3280,0,3292,44.99,48.05,3.059999999999995,3382,horizon,1.3790849673202632
GHGL,3880,3960,0,3991,41.26,43.0,1.740000000000002,4017,lfd,-1.0
GHGL,3880,3960,1,4019,42.58,43.7,1.1200000000000045,4021,lfd,-1.0
GHGL,3880,3960,2,4028,43.0,43.5,0.5,4029,lfd,-1.0
GHGL,3880,3960,3,4030,43.01,44.0,0.990000000000002,4120,horizon,3.1313131313131266
GHNI,920,1000,0,1001,7.9702,8.9671,0.9969000000000001,1091,horizon,2.587621627043836
GHNI,1360,1440,0,1447,3.3355,3.0756,0.2599,1537,horizon,5.344363216621776
GHNI,4040,4120,0,4121,85.99,88.0,2.010000000000005,4149,lfd,-1.0
GLAXO,1480,1560,0,1567,70.5,73.9,3.4000000000000057,1616,lfd,-1.0
GLAXO,1480,1560,1,1617,70.26,74.0,3.739999999999995,1707,horizon,0.3529411764705907
GLAXO,3400,3480,0,3481,116.51,118.99,2.4799999999999898,3571,horizon,7.431451612903259
GVGL,720,800,0,801,15.75,16.0,0.25,804,lfd,-1.0
GVGL,720,800,1,805,15.75,16.55,0.8000000000000007,807,lfd,-1.0
GVGL,720,800,2,808,15.38,16.75,1.3699999999999992,830,lfd,-1.0
GVGL,720,800,3,831,17.0,16.99,-0.010000000000001563,832,lfd,-1.0
GWLC,2720,2800,0,2814,56.8,58.49,1.6900000000000048,2904,horizon,16.337278106508826
HBL,2040,2120,0,2123,176.22,173.0,3.219999999999999,2154,lfd,-1.0
HBL,2040,2120,1,2155,174.16,170.01,4.150000000000006,2245,horizon,11.29879518072288
HBL,3800,3880,0,3885,70.51,72.2,1.6899999999999977,3898,lfd,-1.0
HINO,1840,1920,0,1935,682.2704,637.6039,44.66650000000004,1952,lfd,-1.0
HINO,1840,1920,1,1955,663.7381,637.6039,26.134200000000078,1971,lfd,-1.0
HINO,1840,1920,2,1996,643.6786,612.9489,30.72969999999998,2086,horizon,1.6939996160066662
HMB,1080,1160,0,1175,30.94,33.19,2.2499999999999964,1265,horizon,3.9244444444444513
HMB,4960,5040,0,5045,114.36,111.01,3.3499999999999943,5086,lfd,-1.0
HMB,4960,5040,1,5087,113.69,110.48,3.2099999999999937,5091,lfd,-1.0
HMB,4960,5040,2,5092,114.49,103.0,11.489999999999995,5173,horizon,0.13577023498694543
HTL,1560,1640,0,1642,37.46,39.14,1.6799999999999997,1732,horizon,8.589285714285715
HUBC,1320,1400,0,1401,36.37,35.65,0.7199999999999989,1491,horizon,1.9722222222222276
HUMNL,3640,3720,0,3725,6.57,7.22,0.6499999999999995,3815,horizon,1.246153846153848
IBLHL,3920,4000,0,4002,60.12,63.74,3.6200000000000045,4042,lfd,-1.0
IBLHL,3920,4000,1,4050,57.87,68.8,10.93,4061,lfd,-1.0
IBLHL,3920,4000,2,4074,63.31,64.87,1.5600000000000023,4075,lfd,-1.0
IBLHL,3920,4000,3,4077,63.83,67.25,3.4200000000000017,4078,lfd,-1.0
IGIL,2120,2200,0,2203,47.09,50.9,3.809999999999995,2293,horizon,2.664041994750661
ILP,800,880,0,881,60.01,62.0,1.990000000000002,971,horizon,5.3618090452261224
ISL,3320,3400,0,3405,77.45,82.25,4.799999999999997,3434,lfd,-1.0
ITTEFAQ,120,200,0,201,19.91,21.01,1.1000000000000014,291,horizon,4.6363636363636305
JGICL,1120,1200,0,1201,37.1271,35.603,1.5240999999999971,1291,horizon,3.7322354176235213
JLICL,4280,4360,0,4361,178.3,167.35,10.950000000000017,4382,horizon,-0.02648401826484201
JSBL,3240,3320,0,3321,7.15,6.75,0.40000000000000036,3333,lfd,-1.0
JSBL,3240,3320,1,3334,6.8,6.7,0.09999999999999964,3337,lfd,-1.0
JSBL,3240,3320,2,3338,6.69,6.6,0.09000000000000075,3339,lfd,-1.0
JSBL,3240,3320,3,3340,6.71,6.6,0.11000000000000032,3342,lfd,-1.0
JVDC,1120,1200,0,1201,30.3,28.75,1.5500000000000007,1249,lfd,-1.0
JVDC,1120,1200,1,1250,27.68,28.42,-0.740000000000002,1251,lfd,-1.0
JVDC,1120,1200,2,1252,27.65,27.8,-0.15000000000000213,1253,lfd,-1.0
JVDC,1120,1200,3,1254,27.24,27.8,-0.5600000000000023,1255,lfd,-1.0
KAPCO,2480,2560,0,2561,93.68,89.11,4.570000000000007,2597,lfd,-1.0
KAPCO,4200,4280,0,4282,27.7,26.89,0.8099999999999987,4338,lfd,-1.0
KAPCO,4200,4280,1,4339,26.58,26.5,0.0799999999999983,4340,lfd,-1.0
KAPCO,4200,4280,2,4341,26.11,25.95,0.16000000000000014,4431,lfd,-1.0
KAPCO,4200,4280,3,4432,25.48,25.48,0.0,4433,lfd,-1.0
KEL,3160,3240,0,3242,6.75,6.45,0.2999999999999998,3271,lfd,-1.0
KML,1280,1360,0,1373,17.6,16.1,1.5,1384,lfd,-1.0
KML,1280,1360,1,1385,16.5,16.05,0.4499999999999993,1386,lfd,-1.0
KML,1280,1360,2,1387,16.49,16.0,0.48999999999999844,1389,lfd,-1.0
KML,1280,1360,3,1390,16.48,15.94,0.5400000000000009,1393,lfd,-1.0
KOHC,2120,2200,0,2201,122.65,115.75,6.900000000000006,2272,lfd,-1.0
KOHC,2120,2200,1,2275,121.96,113.5,8.459999999999994,2282,lfd,-1.0
KOHC,2120,2200,2,2286,121.49,112.0,9.489999999999995,2376,horizon,7.177028451001058
KOHC,4840,4920,0,4922,373.07,389.0,15.930000000000007,4926,lfd,-1.0
KOHC,4840,4920,1,4928,368.06,397.0,28.939999999999998,4942,lfd,-1.0
KOHC,4840,4920,2,4943,378.09,403.0,24.910000000000025,4951,lfd,-1.0
KOHC,4840,4920,3,4952,381.89,419.0,37.110000000000014,4971,lfd,-1.0
KOHP,3560,3640,0,3649,3.72,4.14,0.4199999999999995,3688,lfd,-1.0
KOHP,3560,3640,1,3689,3.65,4.24,0.5900000000000003,3708,lfd,-1.0
KOHP,3560,3640,2,3709,3.7,4.5,0.7999999999999998,3725,lfd,-1.0
KOHP,3560,3640,3,3726,4.23,4.94,0.71,3816,horizon,0.5915492957746484
KOIL,3960,4040,0,4041,5.1,4.9,0.1999999999999993,4047,lfd,-1.0
KOIL,3960,4040,1,4048,4.91,4.86,0.04999999999999982,4049,lfd,-1.0
KOIL,3960,4040,2,4051,5.11,4.8,0.3100000000000005,4069,lfd,-1.0
KOIL,3960,4040,3,4070,5.3,4.65,0.6499999999999995,4160,horizon,2.8461538461538494
LOADS,2200,2280,0,2288,17.86,18.38,0.5199999999999996,2378,horizon,7.096153846153851
LOTCHEM,1000,1080,0,1084,3.03,2.91,0.11999999999999966,1174,horizon,34.7500000000001
LOTCHEM,1720,1800,0,1801,7.4,7.69,0.29000000000000004,1819,lfd,-1.0
LOTCHEM,1720,1800,1,1820,7.55,7.74,0.1900000000000004,1821,lfd,-1.0
LOTCHEM,1720,1800,2,1822,7.5,7.85,0.34999999999999964,1912,horizon,0.485714285714286
LPL,400,480,0,488,16.057,16.7463,0.6893000000000029,541,lfd,-1.0
LPL,400,480,1,542,16.596,16.7826,0.18659999999999854,543,lfd,-1.0
LPL,400,480,2,544,16.4301,16.8448,0.41469999999999985,634,horizon,8.66120086809742
LPL,720,800,0,821,11.9987,11.3093,0.6893999999999991,856,lfd,-1.0
LPL,720,800,1,878,11.5892,10.9051,0.6841000000000008,895,lfd,-1.0
LUCK,2040,2120,0,2121,239.98,237.5,2.4799999999999898,2211,horizon,39.48387096774209
MCB,1800,1880,0,1882,187.99,186.0,1.990000000000009,1891,lfd,-1.0
MCB,1800,1880,1,1894,187.31,183.21,4.099999999999994,1977,lfd,-1.0
MCB,1800,1880,2,1978,188.84,182.2,6.640000000000015,2068,horizon,14.16867469879515
MCB,3080,3160,0,3162,210.14,199.5,10.639999999999986,3252,horizon,-0.847744360902255
MCB,4120,4200,0,4201,148.81,154.0,5.189999999999998,4224,lfd,-1.0
MCB,4120,4200,1,4225,152.65,154.99,2.3400000000000034,4315,horizon,13.910256410256395
MEBL,1560,1640,0,1645,18.92,19.4,0.4799999999999969,1676,lfd,-1.0
MEBL,2080,2160,0,2169,38.57,39.0,0.4299999999999997,2180,lfd,-1.0
MEBL,2080,2160,1,2181,38.82,39.3,0.4799999999999969,2201,lfd,-1.0
MEBL,2080,2160,2,2202,37.98,40.0,2.020000000000003,2214,lfd,-1.0
MEBL,2080,2160,3,2215,39.5,40.0,0.5,2222,lfd,-1.0
MERIT,720,800,0,801,17.35,18.13,0.7799999999999976,853,lfd,-1.0
MERIT,720,800,1,855,17.8,17.95,0.14999999999999858,856,lfd,-1.0
MERIT,720,800,2,859,17.49,18.0,0.5100000000000016,860,lfd,-1.0
MERIT,720,800,3,863,17.26,19.0,1.7399999999999984,872,lfd,-1.0
MERIT,4240,4320,0,4344,12.87,13.18,0.3100000000000005,4434,horizon,11.741935483870945
MERIT,4280,4360,0,4361,12.36,13.15,0.7900000000000009,4451,horizon,2.8481012658227813
MLCF,1360,1440,0,1441,2.75,2.89,0.14000000000000012,1489,lfd,-1.0
MLCF,1360,1440,1,1490,2.4,2.89,0.4900000000000002,1538,lfd,-1.0
MLCF,1360,1440,2,1539,2.56,3.05,0.48999999999999977,1629,horizon,1.5918367346938784
MLCF,2560,2640,0,2643,69.04,70.94,1.8999999999999915,2653,lfd,-1.0
MLCF,2560,2640,1,2654,70.33,71.7,1.3700000000000045,2659,lfd,-1.0
MLCF,2560,2640,2,2660,71.02,72.9,1.8800000000000097,2665,lfd,-1.0
MSOT,960,1040,0,1041,28.35,27.0,1.3500000000000014,1131,horizon,76.7777777777777
MTL,200,280,0,283,65.7186,62.5698,3.1487999999999943,308,lfd,-1.0
MTL,200,280,1,309,62.9761,61.5743,1.4018000000000015,310,lfd,-1.0
MTL,200,280,2,311,61.9096,59.8273,2.0822999999999965,396,lfd,-1.0
MTL,200,280,3,397,60.9446,57.8974,3.0472000000000037,409,lfd,-1.0
MTL,1560,1640,0,1643,140.8413,129.3095,11.531799999999976,1733,horizon,2.9119911895801236
MTL,4160,4240,0,4243,304.0909,309.7447,5.653800000000047,4259,lfd,-1.0
MTL,4160,4240,1,4267,316.3632,320.3935,4.030300000000011,4357,horizon,36.15140312135563
MUREB,2600,2680,0,2681,1008.17,960.17,48.0,2684,lfd,-1.0
MUREB,2600,2680,1,2685,994.37,955.0,39.370000000000005,2689,lfd,-1.0
MUREB,2600,2680,2,2690,958.42,924.35,34.069999999999936,2691,lfd,-1.0
MUREB,2600,2680,3,2692,864.98,910.5,-45.51999999999998,2693,lfd,-1.0
MUREB,3120,3200,0,3208,589.99,555.0,34.99000000000001,3249,lfd,-1.0
MUREB,3120,3200,1,3250,569.9,550.65,19.25,3252,lfd,-1.0
MUREB,3120,3200,2,3270,563.5,549.99,13.509999999999991,3273,lfd,-1.0
MUREB,3120,3200,3,3279,564.05,540.0,24.049999999999955,3328,lfd,-1.0
MWMP,760,840,0,841,0.07,0.0653,0.00470000000000001,872,lfd,-1.0
MWMP,760,840,1,873,0.0692,0.0625,0.006699999999999998,875,lfd,-1.0
MWMP,760,840,2,876,0.0822,0.0536,0.028599999999999993,966,horizon,5.60839160839161
NATF,680,760,0,762,32.01,32.8819,0.8719000000000037,768,lfd,-1.0
NATF,680,760,1,769,32.3837,33.1211,0.7374000000000009,773,lfd,-1.0
NATF,680,760,2,774,32.5083,33.3801,0.8718000000000004,775,lfd,-1.0
NATF,680,760,3,778,31.6862,34.3267,2.640500000000003,868,horizon,3.33963264533232
NBP,1320,1400,0,1401,39.3505,37.8842,1.4662999999999968,1491,horizon,3.4741867285003147
NBP,4840,4920,0,4921,64.69,62.56,2.1299999999999955,5011,horizon,19.85446009389676
NCL,2640,2720,0,2740,34.47,33.15,1.3200000000000003,2793,lfd,-1.0
NCL,2640,2720,1,2794,33.64,33.0,0.6400000000000006,2884,horizon,32.42187499999997
NCL,3360,3440,0,3476,50.79,52.39,1.6000000000000014,3566,horizon,12.599999999999989
NESTLE,2720,2800,0,2828,6290.0,5850.0,440.0,2843,lfd,-1.0
NICL,2560,2640,0,2643,25.69,27.0,1.3099999999999987,2693,lfd,-1.0
NICL,2560,2640,1,2694,26.1,27.0,0.8999999999999986,2719,lfd,-1.0
NICL,2560,2640,2,2720,26.75,27.0,0.25,2721,lfd,-1.0
NICL,2560,2640,3,2722,26.25,27.2,0.9499999999999993,2725,lfd,-1.0
OGDC,2400,2480,0,2482,197.74,205.3,7.560000000000002,2572,horizon,5.370370370370372
PABC,480,560,0,561,54.13,53.03,1.1000000000000014,651,horizon,14.427272727272706
PACE,2240,2320,0,2333,7.17,6.5,0.6699999999999999,2423,horizon,6.985074626865672
PAEL,2160,2240,0,2243,22.1,20.0,2.1000000000000014,2333,horizon,3.347619047619044
PAEL,4800,4880,0,4881,32.38,30.5,1.8800000000000026,4971,horizon,7.563829787234032
PAEL,4960,5040,0,5044,42.49,40.8,1.6900000000000048,5134,horizon,7.781065088757374
PAKD,40,120,0,121,55.3,53.95,1.3499999999999943,134,lfd,-1.0
PAKD,40,120,1,135,55.25,52.75,2.5,139,lfd,-1.0
PAKD,40,120,2,141,53.6,51.05,2.5500000000000043,143,lfd,-1.0
PAKD,40,120,3,144,53.7,51.05,2.6500000000000057,234,horizon,12.226415094339593
PAKD,2960,3040,0,3041,69.99,74.75,4.760000000000005,3131,horizon,2.195378151260501
PAKOXY,2080,2160,0,2163,117.9081,112.3779,5.530200000000008,2253,horizon,6.0293841090738045
PAKOXY,3800,3880,0,3887,156.05,151.0,5.050000000000011,3936,lfd,-1.0
PAKOXY,4400,4480,0,4481,86.01,80.0,6.010000000000005,4571,horizon,11.279534109816963
PAKRI,2280,2360,0,2364,26.47,25.6,0.8699999999999974,2454,horizon,4.264367816091967
PAKRI,3680,3760,0,3762,24.99,24.15,0.8399999999999999,3797,lfd,-1.0
PAKRI,3680,3760,1,3798,24.9,24.0,0.8999999999999986,3816,lfd,-1.0
PAKRI,3680,3760,2,3817,25.99,24.0,1.9899999999999984,3907,horizon,-0.4020100502512552
PECO,0,80,0,82,80.4,76.65,3.75,172,horizon,7.093333333333332
PECO,1560,1640,0,1649,236.95,216.0,20.94999999999999,1673,lfd,-1.0
PECO,1560,1640,1,1674,234.53,211.7,22.830000000000013,1685,lfd,-1.0
PICT,4720,4800,0,4801,39.05,40.26,1.2100000000000009,4861,lfd,-1.0
PICT,4720,4800,1,4870,39.17,42.47,3.299999999999997,4900,lfd,-1.0
PKGI,1320,1400,0,1402,1.2685,1.4185,0.15000000000000013,1411,lfd,-1.0
PKGI,1320,1400,1,1424,1.2286,1.3562,0.12760000000000016,1430,lfd,-1.0
PKGI,1320,1400,2,1431,1.2605,1.3562,0.09570000000000012,1443,lfd,-1.0
PKGI,1320,1400,3,1444,1.2668,1.3562,0.08940000000000015,1463,lfd,-1.0
PKGP,1960,2040,0,2041,11.1323,10.5822,0.5501000000000005,2085,lfd,-1.0
PKGP,1960,2040,1,2086,10.5174,10.3556,0.1617999999999995,2089,lfd,-1.0
PKGP,1960,2040,2,2090,10.5951,10.2909,0.3041999999999998,2091,lfd,-1.0
PKGP,1960,2040,3,2092,10.3168,10.2003,0.11650000000000027,2093,lfd,-1.0
PKGS,3480,3560,0,3570,306.76,288.0,18.75999999999999,3660,horizon,0.24626865671641826
PNSC,4640,4720,0,4746,225.7073,206.5912,19.116100000000017,4836,horizon,10.853296435988502
POL,360,440,0,446,354.6,331.9,22.700000000000045,532,lfd,-1.0
POL,360,440,1,533,335.1,326.5,8.600000000000023,538,lfd,-1.0
POL,360,440,2,556,327.4,322.0,5.399999999999977,612,lfd,-1.0
POL,360,440,3,613,317.0,322.0,-5.0,614,lfd,-1.0
POL,1640,1720,0,1721,379.17,374.25,4.920000000000016,1730,lfd,-1.0
POL,1640,1720,1,1756,379.68,370.0,9.680000000000007,1777,lfd,-1.0
POL,1640,1720,2,1812,381.6,374.3,7.300000000000011,1902,horizon,5.617808219178072
POL,1720,1800,0,1809,375.35,368.99,6.360000000000014,1899,horizon,7.855345911949666
POL,2440,2520,0,2525,388.12,380.8,7.319999999999993,2552,lfd,-1.0
POWER,160,240,0,241,16.6368,17.4512,0.8143999999999991,254,lfd,-1.0
POWER,160,240,1,255,16.0551,17.5288,1.473700000000001,262,lfd,-1.0
POWER,160,240,2,283,17.9941,19.2739,1.2798000000000016,293,lfd,-1.0
POWER,160,240,3,297,18.2656,19.1963,0.9307000000000016,305,lfd,-1.0
POWER,4920,5000,0,5001,15.65,15.0,0.6500000000000004,5091,horizon,3.2769230769230764
PPP,320,400,0,411,25.2687,25.6516,0.38289999999999935,417,lfd,-1.0
PPP,320,400,1,418,25.4729,25.8813,0.4084000000000003,495,lfd,-1.0
PPP,320,400,2,496,25.8302,25.9476,0.11739999999999995,497,lfd,-1.0
PPP,320,400,3,498,26.5193,26.9992,0.4798999999999971,499,lfd,-1.0
PRL,1680,1760,0,1765,46.9895,47.9314,0.9418999999999969,1792,lfd,-1.0
PRL,1680,1760,1,1793,45.8684,47.9548,2.0863999999999976,1823,lfd,-1.0
PRL,1680,1760,2,1824,49.5273,49.7764,0.24910000000000565,1825,lfd,-1.0
PRL,1680,1760,3,1826,47.3476,50.2124,2.8648000000000025,1860,lfd,-1.0
PRL,3920,4000,0,4005,25.02,25.88,0.8599999999999994,4095,horizon,9.01162790697675
PRL,4120,4200,0,4204,14.09,12.31,1.7799999999999994,4294,horizon,2.7471910112359565
PSEL,920,1000,0,1002,551.25,525.0,26.25,1092,horizon,15.914285714285715
PSO,1160,1240,0,1265,303.54,316.75,13.20999999999998,1355,horizon,2.9288417865253638
PSO,1480,1560,0,1561,268.06,269.0,0.9399999999999977,1622,lfd,-1.0
PSO,1480,1560,1,1623,263.14,274.72,11.580000000000041,1713,horizon,0.12176165803108491
QUET,1280,1360,0,1361,18.66,16.16,2.5,1376,lfd,-1.0
QUET,1280,1360,1,1377,16.0,16.05,-0.05000000000000071,1381,lfd,-1.0
QUET,1280,1360,2,1382,15.61,15.2,0.41000000000000014,1383,lfd,-1.0
QUET,1280,1360,3,1384,14.44,14.44,0.0,1386,lfd,-1.0
QUICE,3400,3480,0,3483,3.21,3.48,0.27,3530,lfd,-1.0
QUICE,3400,3480,1,3532,3.3,3.5,0.20000000000000018,3546,lfd,-1.0
QUICE,3640,3720,0,3746,4.58,5.0,0.41999999999999993,3780,lfd,-1.0
QUICE,3640,3720,1,3782,4.74,5.15,0.41000000000000014,3793,lfd,-1.0
QUICE,3640,3720,2,3794,4.8,5.15,0.35000000000000053,3795,lfd,-1.0
QUICE,3640,3720,3,3796,4.81,5.15,0.34000000000000075,3798,lfd,-1.0
QUICE,4760,4840,0,4843,8.43,8.13,0.29999999999999893,4877,lfd,-1.0
QUICE,4760,4840,1,4879,8.78,8.13,0.6499999999999986,4969,horizon,28.01538461538468
SAZEW,2000,2080,0,2085,24.4019,23.2399,1.1620000000000026,2175,horizon,1.3699655765920786
SEARL,1040,1120,0,1122,23.4085,24.4394,1.030899999999999,1128,lfd,-1.0
SEARL,1040,1120,1,1131,23.5063,23.9951,0.48880000000000123,1132,lfd,-1.0
SEARL,1040,1120,2,1133,22.7464,24.2172,1.470799999999997,1151,lfd,-1.0
SEARL,1040,1120,3,1152,23.3241,24.5505,1.2263999999999982,1156,lfd,-1.0
SEARL,1560,1640,0,1651,20.4135,19.596,0.817499999999999,1741,horizon,4.381162079510711
SEARL,4160,4240,0,4248,83.5,104.3,20.799999999999997,4338,horizon,1.4177884615384617
SEPL,3760,3840,0,3871,117.38,112.6,4.780000000000001,3893,lfd,-1.0
SEPL,3760,3840,1,3895,114.98,112.0,2.980000000000004,3916,lfd,-1.0
SHEL,480,560,0,561,213.8553,208.9703,4.884999999999991,577,lfd,-1.0
SHEL,480,560,1,578,230.98,208.4275,22.55249999999998,649,lfd,-1.0
SHEL,480,560,2,650,214.3981,206.5278,7.870299999999986,651,lfd,-1.0
SHEL,480,560,3,652,204.6281,206.2564,-1.6283000000000243,653,lfd,-1.0
SHEL,3360,3440,0,3441,191.7087,202.0375,10.328800000000001,3531,horizon,6.525966230346215
SHEZ,3040,3120,0,3121,175.74,151.01,24.730000000000018,3132,lfd,-1.0
SHEZ,3040,3120,1,3133,163.08,150.0,13.080000000000013,3223,horizon,3.7308868501529004
SHEZ,3320,3400,0,3406,239.36,226.0,13.360000000000014,3426,horizon,-0.4184131736526944
SHFA,720,800,0,803,19.25,21.45,2.1999999999999993,893,horizon,1.5227272727272732
SHFA,1120,1200,0,1208,32.9,31.0,1.8999999999999986,1292,lfd,-1.0
SHFA,1120,1200,1,1307,30.86,29.7,1.1600000000000001,1308,lfd,-1.0
SHFA,1120,1200,2,1319,31.24,28.99,2.25,1320,lfd,-1.0
SHFA,1120,1200,3,1338,30.92,28.95,1.9700000000000024,1398,lfd,-1.0
SHFA,4280,4360,0,4361,550.02,542.0,8.019999999999982,4383,lfd,-1.0
SHFA,4280,4360,1,4384,540.09,530.0,10.090000000000032,4385,lfd,-1.0
SHFA,4280,4360,2,4386,530.17,516.16,14.009999999999991,4388,lfd,-1.0
SHFA,4280,4360,3,4389,523.32,505.0,18.32000000000005,4392,lfd,-1.0
SILK,1320,1400,0,1417,2.1274,1.9814,0.14600000000000013,1433,lfd,-1.0
SILK,1320,1400,1,1440,1.9507,1.8739,0.0768000000000002,1443,lfd,-1.0
SILK,1320,1400,2,1487,1.7741,1.6128,0.1613,1566,lfd,-1.0
SILK,1320,1400,3,1567,1.5974,1.4362,0.1612,1613,lfd,-1.0
SITC,520,600,0,627,330.65,305.0,25.649999999999977,648,lfd,-1.0
SMCPL,3080,3160,0,3161,46.34,44.2,2.1400000000000006,3169,lfd,-1.0
SMCPL,3080,3160,1,3170,51.77,42.8,8.970000000000006,3195,lfd,-1.0
SMCPL,3080,3160,2,3196,44.0,42.11,1.8900000000000006,3199,lfd,-1.0
SMCPL,3080,3160,3,3224,43.1,39.99,3.1099999999999994,3231,lfd,-1.0
SNBL,1920,2000,0,2001,5.3814,5.1237,0.2576999999999998,2091,horizon,4.11757857974389
SNGP,560,640,0,642,66.25,70.3,4.049999999999997,683,lfd,-1.0
SNGP,560,640,1,689,68.5,71.5,3.0,779,horizon,0.5
SPWL,920,1000,0,1023,13.9048,14.46,0.555200000000001,1113,horizon,5.969560518731976
SSGC,400,480,0,481,25.75,26.4,0.6499999999999986,503,lfd,-1.0
SSGC,400,480,1,520,26.1,27.0,0.8999999999999986,521,lfd,-1.0
SSGC,400,480,2,526,26.0,27.4,1.3999999999999986,560,lfd,-1.0
SSGC,400,480,3,581,25.9,27.05,1.1500000000000021,587,lfd,-1.0
SSGC,520,600,0,618,28.6,27.5,1.1000000000000014,639,lfd,-1.0
SSGC,520,600,1,645,29.4,27.05,2.349999999999998,658,lfd,-1.0
SSGC,520,600,2,665,28.35,27.3,1.0500000000000007,674,lfd,-1.0
SSGC,520,600,3,701,29.15,26.05,3.099999999999998,735,lfd,-1.0
SSGC,2080,2160,0,2163,25.29,24.0,1.2899999999999991,2253,horizon,6.418604651162796
SSGC,3000,3080,0,3088,34.86,36.85,1.990000000000002,3115,lfd,-1.0
SSGC,3000,3080,1,3116,35.28,37.01,1.7299999999999969,3167,lfd,-1.0
SSGC,3000,3080,2,3182,33.65,36.4,2.75,3194,lfd,-1.0
SSGC,3000,3080,3,3238,34.22,37.0,2.780000000000001,3246,lfd,-1.0
SSGC,4760,4840,0,4841,16.68,15.16,1.5199999999999996,4931,horizon,13.500000000000005
SSGC,5080,5160,0,5161,32.59,33.24,0.6499999999999986,5245,lfd,-1.0
SSGC,5080,5160,1,5246,32.04,33.4,1.3599999999999994,5259,horizon,2.669117647058824
STPL,120,200,0,202,22.3392,25.2664,2.927199999999999,292,horizon,1.1315933315113422
TELE,3200,3280,0,3283,1.91,2.0,0.09000000000000008,3310,lfd,-1.0
TELE,3200,3280,1,3347,1.78,2.0,0.21999999999999997,3369,lfd,-1.0
TELE,3200,3280,2,3370,1.84,2.03,0.18999999999999972,3460,horizon,1.5263157894736865
TGL,3360,3440,0,3443,90.12,84.25,5.8700000000000045,3455,lfd,-1.0
TGL,3360,3440,1,3456,85.4,82.51,2.8900000000000006,3523,lfd,-1.0
TGL,3360,3440,2,3524,83.73,82.25,1.480000000000004,3526,lfd,-1.0
TGL,3360,3440,3,3527,81.91,82.02,-0.10999999999999943,3528,lfd,-1.0
TGL,3560,3640,0,3658,91.09,102.69,11.599999999999994,3665,lfd,-1.0
TGL,3560,3640,1,3690,97.77,103.59,5.820000000000007,3698,lfd,-1.0
TREET,3720,3800,0,3801,17.2,16.2,1.0,3814,lfd,-1.0
TREET,3720,3800,1,3815,16.35,15.67,0.6800000000000015,3878,lfd,-1.0
TREET,3720,3800,2,3879,17.25,15.21,2.039999999999999,3960,lfd,-1.0
TREET,3720,3800,3,3961,16.02,15.01,1.0099999999999998,3985,lfd,-1.0
TRG,2320,2400,0,2408,12.33,11.36,0.9700000000000006,2498,horizon,6.463917525773193
TRG,3400,3480,0,3487,22.12,23.57,1.4499999999999993,3577,horizon,5.282758620689658
UBL,1600,1680,0,1684,40.7806,39.7068,1.0737999999999985,1713,lfd,-1.0
UBL,1600,1680,1,1716,41.4349,39.457,1.9778999999999982,1723,lfd,-1.0
UBL,1600,1680,2,1780,41.8644,39.3572,2.5072000000000045,1870,horizon,0.41636088066368526
UBL,2000,2080,0,2088,66.5825,67.9261,1.3436000000000092,2090,lfd,-1.0
UDPL,2880,2960,0,2964,117.84,115.64,2.200000000000003,2978,horizon,1.904545454545451
UNIC,2480,2560,0,2575,7.62,8.23,0.6100000000000003,2583,lfd,-1.0
UNIC,2480,2560,1,2668,8.65,9.0,0.34999999999999964,2758,horizon,2.7142857142857175
UNIC,2520,2600,0,2601,8.99,8.32,0.6699999999999999,2670,lfd,-1.0
UNIC,2520,2600,1,2675,7.44,7.0,0.4400000000000004,2678,lfd,-1.0
UNIC,2520,2600,2,2679,7.34,6.35,0.9900000000000002,2769,horizon,0.1818181818181815
UNIC,2680,2760,0,2772,8.44,7.46,0.9799999999999995,2791,lfd,-1.0
UNIC,2680,2760,1,2835,8.03,7.76,0.2699999999999996,2836,lfd,-1.0
UNIC,2680,2760,2,2837,8.1,7.75,0.34999999999999964,2844,lfd,-1.0
UNIC,2680,2760,3,2845,8.0,7.7,0.2999999999999998,2848,lfd,-1.0
UPFL,400,480,0,490,1776.23,1700.0,76.23000000000002,580,horizon,14.610651974288334
WAVES,920,1000,0,1002,19.88,18.9,0.9800000000000004,1017,lfd,-1.0
WAVES,920,1000,1,1018,18.0,18.54,-0.5399999999999991,1019,lfd,-1.0
WAVES,920,1000,2,1020,19.46,18.0,1.4600000000000009,1061,lfd,-1.0
WAVES,920,1000,3,1062,19.75,17.82,1.9299999999999997,1069,lfd,-1.0
ZIL,2360,2440,0,2441,106.14,108.0,1.8599999999999994,2447,lfd,-1.0
ZIL,2360,2440,1,2448,108.58,108.99,0.4099999999999966,2449,lfd,-1.0
ZIL,2360,2440,2,2450,105.0,110.0,5.0,2454,lfd,-1.0
ZIL,2360,2440,3,2455,104.67,110.0,5.329999999999998,2545,horizon,1.380863039399625
