sector,symbol,start,end,kind,outcome,direction,type_trigger,n_legs,n_reentries,cap_bound,chain_realized_R,original_realized_R_lfd,final_leg_exit_type
COMMERCIAL BANKS,ABL,1000,1080,ascending,down,down,1.0,1,0,False,4.638392857142853,4.638392857142853,horizon
PHARMACEUTICALS,ABOT,2520,2600,descending,sequential,down,3.0,1,0,False,-1.0,-1.0,lfd
CEMENT,ACPL,600,680,descending,down,down,3.0,2,1,False,11.264081288235706,-1.0,horizon
CEMENT,ACPL,2440,2520,ascending,down,down,1.0,1,0,False,1.5468352699931633,1.5468352699931631,horizon
CEMENT,ACPL,3720,3800,descending,up,up,1.0,1,0,False,6.991501416430594,6.991501416430594,horizon
CEMENT,ACPL,3880,3960,ascending,down,down,1.0,2,1,False,1.325479930191971,-1.0,horizon
TEXTILE COMPOSITE,ADMM,160,240,symmetrical,down,down,1.0,4,3,True,-4.0,-1.0,lfd
TEXTILE COMPOSITE,ADMM,520,600,descending,down,down,1.0,3,2,False,6.934782608695665,-1.0,horizon
TEXTILE COMPOSITE,ADMM,1960,2040,descending,up,up,1.0,1,0,False,0.4285714285714295,0.4285714285714295,horizon
TEXTILE COMPOSITE,ADMM,2520,2600,ascending,down,down,3.0,2,1,False,-0.8822143698468786,-1.0,horizon
AUTOMOBILE PARTS & ACCESSORIES,AGIL,1240,1320,descending,up,up,1.0,3,2,False,-2.31297709923664,-1.0,horizon
AUTOMOBILE PARTS & ACCESSORIES,AGIL,1400,1480,descending,down,down,3.0,2,1,False,3.2980769230768896,-0.1417322834645663,horizon
AUTOMOBILE PARTS & ACCESSORIES,AGIL,1520,1600,symmetrical,up,up,2.0,1,0,False,10.578378378378371,10.578378378378371,horizon
PHARMACEUTICALS,AGP,1840,1920,descending,up,up,1.0,4,3,True,-4.0,-1.0,lfd
AUTOMOBILE ASSEMBLER,AGTL,4480,4560,descending,sequential,down,3.0,2,1,False,-2.0,-1.0,lfd
FERTILIZER,AHCL,3240,3320,descending,down,down,2.0,1,0,False,0.7735849056603746,0.7735849056603746,horizon
INSURANCE,AICL,1800,1880,ascending,sequential,up,3.0,2,1,False,6.614232209737822,-1.0,horizon
COMMERCIAL BANKS,AKBL,1800,1880,ascending,up,up,3.0,1,0,False,3.0199999999999942,3.0199999999999942,horizon
POWER GENERATION & DISTRIBUTION,ALTN,2400,2480,descending,up,up,3.0,4,3,False,2.3578792341679113,-1.0,horizon
POWER GENERATION & DISTRIBUTION,ALTN,2520,2600,descending,down,down,1.0,1,0,False,0.051369216241738576,0.0513692162417385,horizon
POWER GENERATION & DISTRIBUTION,ALTN,2600,2680,symmetrical,up,up,1.0,1,0,False,14.079756380510432,14.079756380510432,horizon
TEXTILE COMPOSITE,ANL,2360,2440,symmetrical,down,down,1.0,4,3,True,-4.0,-1.0,lfd
TEXTILE COMPOSITE,ANL,3600,3680,symmetrical,down,down,2.0,1,0,False,-1.0,-1.0,lfd
OIL & GAS MARKETING COMPANIES,APL,1400,1480,symmetrical,up,up,2.0,4,3,True,-4.0,-1.0,lfd
OIL & GAS MARKETING COMPANIES,APL,1560,1640,ascending,up,up,1.0,1,0,False,1.1514075344038464,1.1514075344038464,horizon
OIL & GAS MARKETING COMPANIES,APL,4120,4200,symmetrical,up,up,2.0,1,0,False,7.847251766966289,7.847251766966289,horizon
TEXTILE COMPOSITE,ARUJ,640,720,symmetrical,up,up,1.0,4,3,True,-4.0,-1.0,lfd
ENGINEERING,ASL,1320,1400,descending,down,down,1.0,1,0,False,6.499999999999984,6.499999999999984,horizon
ENGINEERING,ASLPS,360,440,ascending,up,up,1.0,4,3,True,-4.0,-1.0,lfd
AUTOMOBILE PARTS & ACCESSORIES,ATBA,4040,4120,symmetrical,sequential,up,3.0,3,2,False,4.784782608695663,-1.0,horizon
REFINERY,ATRL,1440,1520,ascending,sequential,up,3.0,2,1,False,-2.0,-1.0,lfd
REFINERY,ATRL,5000,5080,ascending,sequential,up,3.0,4,3,True,-4.0,-1.0,lfd
TECHNOLOGY & COMMUNICATION,AVN,560,640,descending,up,up,3.0,2,1,False,11.913292131722175,-1.0,horizon
TECHNOLOGY & COMMUNICATION,AVN,1920,2000,ascending,down,down,1.0,3,2,False,17.97931034482774,-1.0,horizon
COMMERCIAL BANKS,BAHL,4120,4200,ascending,down,down,1.0,1,0,False,1.5065789473684226,1.5065789473684226,horizon
ENGINEERING,BCL,760,840,ascending,down,down,1.0,1,0,False,7.4685990338164245,7.468599033816424,horizon
CHEMICAL,BERG,2280,2360,symmetrical,down,down,3.0,1,0,False,0.5498392282958203,-0.2098070739549839,horizon
TEXTILE COMPOSITE,BHAT,1160,1240,descending,up,up,2.0,4,3,False,-1.0310734463276874,-1.0,horizon
TEXTILE COMPOSITE,BHAT,1240,1320,symmetrical,down,down,1.0,4,3,True,-4.0,-1.0,lfd
COMMERCIAL BANKS,BOK,440,520,descending,down,down,3.0,4,3,True,-4.0,-1.0,lfd
OIL & GAS MARKETING COMPANIES,BPL,720,800,descending,down,down,2.0,1,0,False,6.239436619718302,6.239436619718302,horizon
AUTOMOBILE PARTS & ACCESSORIES,BWHL,1400,1480,ascending,up,up,1.0,1,0,False,5.317339620135476,5.317339620135476,horizon
INSURANCE,CENI,3480,3560,symmetrical,up,up,3.0,1,0,False,7.7449664429530305,7.7449664429530305,horizon
TEXTILE COMPOSITE,CHBL,360,440,descending,up,up,1.0,1,0,False,0.6842105263157904,0.6842105263157904,horizon
CEMENT,CHCC,1560,1640,descending,sequential,down,3.0,1,0,False,-1.0,-1.0,lfd
CEMENT,CHCC,2280,2360,symmetrical,up,up,1.0,2,1,False,8.203619909502256,-1.0,horizon
FOOD & PERSONAL CARE PRODUCTS,CLOV,1480,1560,descending,up,up,1.0,1,0,False,4.995419847328246,4.995419847328246,horizon
PAPER & BOARD,CPPL,3160,3240,symmetrical,up,up,2.0,1,0,False,-1.0,-1.0,lfd
PAPER & BOARD,CPPL,4480,4560,ascending,down,down,2.0,1,0,False,7.468965517241363,7.468965517241363,horizon
TEXTILE COMPOSITE,CRTM,2240,2320,descending,sequential,down,3.0,2,1,False,-2.0,-1.0,lfd
TEXTILE COMPOSITE,CRTM,3560,3640,descending,up,up,1.0,4,3,True,-4.0,-1.0,lfd
ENGINEERING,CSAP,4920,5000,descending,up,up,1.0,4,3,True,-4.0,-1.0,lfd
INSURANCE,CYAN,640,720,descending,up,up,1.0,1,0,False,405.3372781064736,405.3372781064736,horizon
INSURANCE,CYAN,4120,4200,descending,up,up,1.0,2,1,False,13.893617021276519,-1.0,horizon
CHEMICAL,DAAG,840,920,symmetrical,up,up,2.0,4,3,True,-4.0,-0.1636363636363637,lfd
CEMENT,DCL,2520,2600,ascending,down,down,1.0,1,0,False,4.416666666666654,4.416666666666654,horizon
CEMENT,DGKC,680,760,descending,up,up,1.0,4,3,True,-4.0,-1.0,lfd
CEMENT,DGKC,1480,1560,symmetrical,down,down,1.0,3,2,False,-3.0,-1.0,lfd
CEMENT,DGKC,2920,3000,ascending,down,down,3.0,1,0,False,5.752717391304349,5.752717391304349,horizon
CHEMICAL,DOL,3560,3640,symmetrical,down,down,2.0,4,3,False,-0.9371727748691114,-1.0,horizon
ENGINEERING,DSL,3080,3160,ascending,sequential,down,3.0,4,3,True,-4.0,-1.0,lfd
ENGINEERING,DSL,4000,4080,descending,up,up,3.0,1,0,False,1.5087719298245612,1.5087719298245612,horizon
ENGINEERING,DSL,4360,4440,descending,down,down,1.0,3,2,False,0.9310344827586206,-1.0,horizon
MISCELLANEOUS,ECOP,4920,5000,ascending,up,up,2.0,1,0,False,-0.08552631578947519,-0.0855263157894751,horizon
FERTILIZER,EFERT,520,600,descending,down,down,1.0,3,2,False,-1.575471698113219,-1.0,horizon
INSURANCE,EFUG,1680,1760,symmetrical,up,up,1.0,1,0,False,0.4483792184724689,0.4483792184724689,horizon
FERTILIZER,ENGRO,80,160,descending,up,up,1.0,1,0,False,6.9140693568468805,6.9140693568468805,horizon
FERTILIZER,ENGRO,1280,1360,descending,up,up,2.0,1,0,False,4.3116899748988216,4.3116899748988216,horizon
FERTILIZER,ENGRO,1320,1400,ascending,up,up,2.0,1,0,False,4.399513184584149,4.399513184584149,horizon
FERTILIZER,ENGRO,1840,1920,symmetrical,sequential,down,3.0,2,1,False,-2.0,-1.0,lfd
FERTILIZER,ENGRO,1880,1960,ascending,up,up,1.0,1,0,False,3.9946524064171123,3.994652406417112,horizon
POWER GENERATION & DISTRIBUTION,EPQL,960,1040,descending,up,up,2.0,4,3,True,-4.0,-1.0,lfd
AUTOMOBILE PARTS & ACCESSORIES,EXIDE,4160,4240,ascending,down,down,1.0,1,0,False,3.040184551272508,3.040184551272508,horizon
TEXTILE COMPOSITE,FASM,120,200,descending,down,down,1.0,1,0,False,0.8611111111111075,0.8611111111111075,horizon
TEXTILE COMPOSITE,FASM,360,440,symmetrical,up,up,1.0,1,0,False,57.82812499999994,57.82812499999994,horizon
FERTILIZER,FATIMA,1240,1320,symmetrical,up,up,1.0,1,0,False,3.965034965034967,3.965034965034967,horizon
FOOD & PERSONAL CARE PRODUCTS,FCEPL,720,800,descending,up,up,1.0,1,0,False,14.626984126984073,14.626984126984071,horizon
FOOD & PERSONAL CARE PRODUCTS,FCEPL,2920,3000,descending,up,up,2.0,1,0,False,2.937046004842619,-0.1549636803874078,horizon
FOOD & PERSONAL CARE PRODUCTS,FCEPL,3280,3360,symmetrical,sequential,up,3.0,2,1,False,-0.6250000000000002,-1.0,horizon
CEMENT,FECTC,3520,3600,symmetrical,up,up,2.0,4,3,True,-4.0,-1.0,lfd
CEMENT,FECTC,4240,4320,descending,down,down,3.0,2,1,False,-2.0,-0.6575757575757587,lfd
FERTILIZER,FFC,400,480,ascending,down,down,2.0,4,3,True,-4.0,-1.0,lfd
FERTILIZER,FFC,3520,3600,symmetrical,up,up,2.0,1,0,False,4.311403508771927,4.311403508771927,horizon
CEMENT,FLYNG,160,240,descending,down,down,1.0,1,0,False,20.571428571428594,20.571428571428594,horizon
CEMENT,FLYNG,1320,1400,symmetrical,down,down,3.0,4,3,True,-4.0,-1.0,lfd
CEMENT,FLYNG,3680,3760,descending,down,down,1.0,1,0,False,4.4210526315789584,4.4210526315789584,horizon
TEXTILE COMPOSITE,GATM,1000,1080,ascending,up,up,2.0,4,3,False,23.644859813084103,-1.0,horizon
TEXTILE COMPOSITE,GFIL,1720,1800,ascending,down,down,1.0,2,1,False,-1.35,-1.0,horizon
GLASS & CERAMICS,GHGL,40,120,descending,down,down,3.0,1,0,False,-1.0,-1.0,lfd
GLASS & CERAMICS,GHGL,3200,3280,descending,down,down,3.0,1,0,False,1.3790849673202632,1.3790849673202632,horizon
GLASS & CERAMICS,GHGL,3880,3960,ascending,down,down,2.0,4,3,False,0.1313131313131266,-1.0,horizon
AUTOMOBILE ASSEMBLER,GHNI,920,1000,symmetrical,down,down,1.0,1,0,False,2.587621627043836,2.587621627043836,horizon
AUTOMOBILE ASSEMBLER,GHNI,1360,1440,descending,up,up,2.0,1,0,False,5.344363216621776,5.344363216621776,horizon
AUTOMOBILE ASSEMBLER,GHNI,4040,4120,symmetrical,down,down,2.0,1,0,False,-1.0,-1.0,lfd
PHARMACEUTICALS,GLAXO,1480,1560,ascending,down,down,2.0,2,1,False,-0.6470588235294092,-1.0,horizon
PHARMACEUTICALS,GLAXO,3400,3480,symmetrical,down,down,1.0,1,0,False,7.431451612903259,7.431451612903259,horizon
GLASS & CERAMICS,GVGL,720,800,symmetrical,down,down,1.0,4,3,True,-4.0,-1.0,lfd
CEMENT,GWLC,2720,2800,descending,down,down,2.0,1,0,False,16.337278106508826,16.337278106508826,horizon
COMMERCIAL BANKS,HBL,2040,2120,descending,up,up,1.0,2,1,False,10.29879518072288,-1.0,horizon
COMMERCIAL BANKS,HBL,3800,3880,descending,sequential,down,3.0,1,0,False,-1.0,-1.0,lfd
AUTOMOBILE ASSEMBLER,HINO,1840,1920,descending,up,up,3.0,3,2,False,-0.30600038399333385,-1.0,horizon
COMMERCIAL BANKS,HMB,1080,1160,ascending,down,down,1.0,1,0,False,3.9244444444444513,3.9244444444444513,horizon
COMMERCIAL BANKS,HMB,4960,5040,descending,up,up,2.0,3,2,False,-1.8642297650130546,-1.0,horizon
OIL & GAS MARKETING COMPANIES,HTL,1560,1640,descending,down,down,2.0,1,0,False,8.589285714285715,8.589285714285715,horizon
POWER GENERATION & DISTRIBUTION,HUBC,1320,1400,descending,up,up,1.0,1,0,False,1.9722222222222276,1.972222222222228,horizon
TECHNOLOGY & COMMUNICATION,HUMNL,3640,3720,symmetrical,down,down,2.0,1,0,False,1.246153846153848,1.246153846153848,horizon
PHARMACEUTICALS,IBLHL,3920,4000,symmetrical,down,down,3.0,4,3,True,-4.0,-1.0,lfd
INSURANCE,IGIL,2120,2200,descending,down,down,2.0,1,0,False,2.664041994750661,2.664041994750661,horizon
TEXTILE COMPOSITE,ILP,800,880,ascending,down,down,2.0,1,0,False,5.3618090452261224,5.361809045226122,horizon
ENGINEERING,ISL,3320,3400,descending,sequential,down,3.0,1,0,False,-1.0,-0.7895833333333322,lfd
ENGINEERING,ITTEFAQ,120,200,symmetrical,down,down,1.0,1,0,False,4.6363636363636305,4.636363636363631,horizon
INSURANCE,JGICL,1120,1200,ascending,up,up,2.0,1,0,False,3.7322354176235213,3.732235417623521,horizon
INSURANCE,JLICL,4280,4360,descending,up,up,2.0,1,0,False,-0.02648401826484201,-0.7305936073059349,horizon
COMMERCIAL BANKS,JSBL,3240,3320,descending,sequential,up,3.0,4,3,True,-4.0,-1.0,lfd
PROPERTY,JVDC,1120,1200,symmetrical,up,up,1.0,4,3,True,-4.0,-1.0,lfd
POWER GENERATION & DISTRIBUTION,KAPCO,2480,2560,ascending,sequential,up,3.0,1,0,False,-1.0,-1.0,lfd
POWER GENERATION & DISTRIBUTION,KAPCO,4200,4280,descending,up,up,1.0,4,3,True,-4.0,-1.0,lfd
POWER GENERATION & DISTRIBUTION,KEL,3160,3240,ascending,sequential,up,3.0,1,0,False,-1.0,-1.0,lfd
TEXTILE COMPOSITE,KML,1280,1360,descending,sequential,up,3.0,4,3,True,-4.0,-1.0,lfd
CEMENT,KOHC,2120,2200,ascending,sequential,up,3.0,3,2,False,5.177028451001058,-1.0,horizon
CEMENT,KOHC,4840,4920,ascending,down,down,3.0,4,3,True,-4.0,-1.0,lfd
POWER GENERATION & DISTRIBUTION,KOHP,3560,3640,ascending,down,down,3.0,4,3,False,-2.4084507042253516,-1.0,horizon
TEXTILE COMPOSITE,KOIL,3960,4040,symmetrical,up,up,3.0,4,3,False,-0.15384615384615064,-1.0,horizon
AUTOMOBILE PARTS & ACCESSORIES,LOADS,2200,2280,symmetrical,down,down,1.0,1,0,False,7.096153846153851,7.096153846153851,horizon
CHEMICAL,LOTCHEM,1000,1080,descending,up,up,1.0,1,0,False,34.7500000000001,34.7500000000001,horizon
CHEMICAL,LOTCHEM,1720,1800,symmetrical,down,down,1.0,3,2,False,-1.514285714285714,-1.0,horizon
POWER GENERATION & DISTRIBUTION,LPL,400,480,ascending,down,down,1.0,3,2,False,6.661200868097421,-1.0,horizon
POWER GENERATION & DISTRIBUTION,LPL,720,800,descending,up,up,1.0,2,1,False,-2.0,-1.0,lfd
CEMENT,LUCK,2040,2120,descending,up,up,1.0,1,0,False,39.48387096774209,39.48387096774209,horizon
COMMERCIAL BANKS,MCB,1800,1880,symmetrical,up,up,2.0,3,2,False,12.16867469879515,-1.0,horizon
COMMERCIAL BANKS,MCB,3080,3160,symmetrical,up,up,1.0,1,0,False,-0.847744360902255,-0.847744360902255,horizon
COMMERCIAL BANKS,MCB,4120,4200,ascending,down,down,1.0,2,1,False,12.910256410256395,-1.0,horizon
COMMERCIAL BANKS,MEBL,1560,1640,ascending,sequential,down,3.0,1,0,False,-1.0,-1.0,lfd
COMMERCIAL BANKS,MEBL,2080,2160,ascending,down,down,2.0,4,3,True,-4.0,-1.0,lfd
PAPER & BOARD,MERIT,720,800,symmetrical,down,down,2.0,4,3,False,-4.0,-1.0,lfd
PAPER & BOARD,MERIT,4240,4320,ascending,down,down,2.0,1,0,False,11.741935483870945,11.741935483870945,horizon
PAPER & BOARD,MERIT,4280,4360,descending,down,down,2.0,1,0,False,2.8481012658227813,2.8481012658227813,horizon
CEMENT,MLCF,1360,1440,symmetrical,down,down,1.0,3,2,False,-0.40816326530612157,-1.0,horizon
CEMENT,MLCF,2560,2640,symmetrical,down,down,2.0,3,2,False,-3.0,-1.0,lfd
TEXTILE COMPOSITE,MSOT,960,1040,descending,up,up,1.0,1,0,False,76.7777777777777,76.7777777777777,horizon
AUTOMOBILE ASSEMBLER,MTL,200,280,symmetrical,up,up,1.0,4,3,True,-4.0,-1.0,lfd
AUTOMOBILE ASSEMBLER,MTL,1560,1640,descending,up,up,1.0,1,0,False,2.9119911895801236,2.911991189580124,horizon
AUTOMOBILE ASSEMBLER,MTL,4160,4240,ascending,down,down,3.0,2,1,False,35.15140312135563,-1.0,horizon
FOOD & PERSONAL CARE PRODUCTS,MUREB,2600,2680,ascending,sequential,up,3.0,4,3,True,-4.0,-1.0,lfd
FOOD & PERSONAL CARE PRODUCTS,MUREB,3120,3200,descending,up,up,3.0,4,3,True,-4.0,-1.0,lfd
MISCELLANEOUS,MWMP,760,840,symmetrical,up,up,3.0,3,2,False,3.60839160839161,-1.0,horizon
FOOD & PERSONAL CARE PRODUCTS,NATF,680,760,descending,down,down,2.0,4,3,False,0.33963264533231996,-1.0,horizon
COMMERCIAL BANKS,NBP,1320,1400,symmetrical,up,up,2.0,1,0,False,3.4741867285003147,3.4741867285003147,horizon
COMMERCIAL BANKS,NBP,4840,4920,descending,up,up,1.0,1,0,False,19.85446009389676,19.85446009389676,horizon
TEXTILE COMPOSITE,NCL,2640,2720,descending,up,up,2.0,2,1,False,31.42187499999997,-1.0,horizon
TEXTILE COMPOSITE,NCL,3360,3440,symmetrical,down,down,2.0,1,0,False,12.599999999999989,12.599999999999987,horizon
FOOD & PERSONAL CARE PRODUCTS,NESTLE,2720,2800,ascending,up,up,2.0,1,0,False,-1.0,-1.0,lfd
CHEMICAL,NICL,2560,2640,ascending,down,down,1.0,4,3,True,-4.0,-1.0,lfd
OIL & GAS EXPLORATION COMPANIES,OGDC,2400,2480,descending,down,down,1.0,1,0,False,5.370370370370372,5.370370370370372,horizon
MISCELLANEOUS,PABC,480,560,symmetrical,up,up,1.0,1,0,False,14.427272727272706,14.427272727272706,horizon
PROPERTY,PACE,2240,2320,symmetrical,up,up,1.0,1,0,False,6.985074626865672,6.985074626865672,horizon
CABLE & ELECTRICAL GOODS,PAEL,2160,2240,symmetrical,up,up,1.0,1,0,False,3.347619047619044,3.347619047619044,horizon
CABLE & ELECTRICAL GOODS,PAEL,4800,4880,ascending,up,up,1.0,1,0,False,7.563829787234032,7.563829787234032,horizon
CABLE & ELECTRICAL GOODS,PAEL,4960,5040,descending,up,up,2.0,1,0,False,7.781065088757374,7.781065088757374,horizon
TECHNOLOGY & COMMUNICATION,PAKD,40,120,symmetrical,up,up,2.0,4,3,False,9.226415094339593,-1.0,horizon
TECHNOLOGY & COMMUNICATION,PAKD,2960,3040,symmetrical,down,down,1.0,1,0,False,2.195378151260501,2.195378151260501,horizon
CHEMICAL,PAKOXY,2080,2160,descending,up,up,1.0,1,0,False,6.0293841090738045,6.0293841090738045,horizon
CHEMICAL,PAKOXY,3800,3880,descending,up,up,2.0,1,0,False,-1.0,-1.0,lfd
CHEMICAL,PAKOXY,4400,4480,descending,up,up,1.0,1,0,False,11.279534109816963,11.279534109816964,horizon
INSURANCE,PAKRI,2280,2360,descending,up,up,2.0,1,0,False,4.264367816091967,4.264367816091967,horizon
INSURANCE,PAKRI,3680,3760,symmetrical,up,up,2.0,3,2,False,-2.4020100502512554,-1.0,horizon
ENGINEERING,PECO,0,80,ascending,up,up,1.0,1,0,False,7.093333333333332,7.093333333333332,horizon
ENGINEERING,PECO,1560,1640,descending,sequential,up,3.0,2,1,False,-2.0,0.1455847255369934,lfd
TRANSPORT,PICT,4720,4800,descending,down,down,1.0,2,1,False,-2.0,-1.0,lfd
INSURANCE,PKGI,1320,1400,descending,sequential,down,3.0,4,3,True,-4.0,-1.0,lfd
POWER GENERATION & DISTRIBUTION,PKGP,1960,2040,symmetrical,up,up,1.0,4,3,True,-4.0,-1.0,lfd
PAPER & BOARD,PKGS,3480,3560,symmetrical,up,up,1.0,1,0,False,0.24626865671641826,0.2462686567164182,horizon
TRANSPORT,PNSC,4640,4720,ascending,up,up,1.0,1,0,False,10.853296435988502,10.853296435988502,horizon
OIL & GAS EXPLORATION COMPANIES,POL,360,440,symmetrical,up,up,2.0,4,3,True,-4.0,-1.0,lfd
OIL & GAS EXPLORATION COMPANIES,POL,1640,1720,ascending,sequential,up,3.0,3,2,False,3.6178082191780723,-1.0,horizon
OIL & GAS EXPLORATION COMPANIES,POL,1720,1800,descending,up,up,1.0,1,0,False,7.855345911949666,7.855345911949666,horizon
OIL & GAS EXPLORATION COMPANIES,POL,2440,2520,descending,sequential,up,3.0,1,0,False,-1.0,-1.0,lfd
CEMENT,POWER,160,240,ascending,sequential,down,3.0,4,3,True,-4.0,-1.0,lfd
CEMENT,POWER,4920,5000,symmetrical,up,up,1.0,1,0,False,3.2769230769230764,3.2769230769230764,horizon
PAPER & BOARD,PPP,320,400,symmetrical,down,down,2.0,4,3,True,-4.0,-1.0,lfd
REFINERY,PRL,1680,1760,symmetrical,down,down,2.0,4,3,True,-4.0,-1.0,lfd
REFINERY,PRL,3920,4000,ascending,down,down,1.0,1,0,False,9.01162790697675,9.01162790697675,horizon
REFINERY,PRL,4120,4200,descending,up,up,1.0,1,0,False,2.7471910112359565,2.7471910112359565,horizon
MISCELLANEOUS,PSEL,920,1000,ascending,up,up,1.0,1,0,False,15.914285714285715,15.914285714285716,horizon
OIL & GAS MARKETING COMPANIES,PSO,1160,1240,ascending,down,down,1.0,1,0,False,2.9288417865253638,2.928841786525364,horizon
OIL & GAS MARKETING COMPANIES,PSO,1480,1560,ascending,down,down,1.0,2,1,False,-0.878238341968915,-1.0,horizon
TEXTILE COMPOSITE,QUET,1280,1360,symmetrical,up,up,1.0,4,3,True,-4.0,-1.0,lfd
FOOD & PERSONAL CARE PRODUCTS,QUICE,3400,3480,descending,down,down,2.0,2,1,False,-2.0,-1.0,lfd
FOOD & PERSONAL CARE PRODUCTS,QUICE,3640,3720,ascending,down,down,2.0,4,3,True,-4.0,-1.0,lfd
FOOD & PERSONAL CARE PRODUCTS,QUICE,4760,4840,ascending,up,up,2.0,2,1,False,27.01538461538468,-1.0,horizon
AUTOMOBILE ASSEMBLER,SAZEW,2000,2080,descending,up,up,1.0,1,0,False,1.3699655765920786,1.3699655765920786,horizon
PHARMACEUTICALS,SEARL,1040,1120,descending,down,down,3.0,4,3,False,-4.0,-1.0,lfd
PHARMACEUTICALS,SEARL,1560,1640,descending,up,up,2.0,1,0,False,4.381162079510711,4.381162079510711,horizon
PHARMACEUTICALS,SEARL,4160,4240,descending,down,down,1.0,1,0,False,1.4177884615384617,1.4177884615384615,horizon
PAPER & BOARD,SEPL,3760,3840,descending,up,up,2.0,2,1,False,-2.0,-1.0,lfd
OIL & GAS MARKETING COMPANIES,SHEL,480,560,descending,up,up,1.0,4,3,True,-4.0,-1.0,lfd
OIL & GAS MARKETING COMPANIES,SHEL,3360,3440,ascending,down,down,1.0,1,0,False,6.525966230346215,6.525966230346215,horizon
FOOD & PERSONAL CARE PRODUCTS,SHEZ,3040,3120,descending,up,up,1.0,2,1,False,2.7308868501529004,-1.0,horizon
FOOD & PERSONAL CARE PRODUCTS,SHEZ,3320,3400,symmetrical,up,up,1.0,1,0,False,-0.4184131736526944,-0.220808383233534,horizon
MISCELLANEOUS,SHFA,720,800,descending,down,down,3.0,1,0,False,1.5227272727272732,1.5227272727272732,horizon
MISCELLANEOUS,SHFA,1120,1200,descending,up,up,2.0,4,3,True,-4.0,-1.0,lfd
MISCELLANEOUS,SHFA,4280,4360,descending,sequential,up,3.0,4,3,True,-4.0,-1.0,lfd
COMMERCIAL BANKS,SILK,1320,1400,descending,up,up,2.0,4,3,True,-4.0,-0.6315068493150683,lfd
CHEMICAL,SITC,520,600,symmetrical,up,up,3.0,1,0,False,-1.0,-1.0,lfd
CEMENT,SMCPL,3080,3160,descending,up,up,3.0,4,3,True,-4.0,-1.0,lfd
COMMERCIAL BANKS,SNBL,1920,2000,descending,up,up,1.0,1,0,False,4.11757857974389,4.11757857974389,horizon
OIL & GAS MARKETING COMPANIES,SNGP,560,640,descending,down,down,1.0,2,1,False,-0.5,-1.0,horizon
POWER GENERATION & DISTRIBUTION,SPWL,920,1000,ascending,down,down,2.0,1,0,False,5.969560518731976,5.969560518731976,horizon
OIL & GAS MARKETING COMPANIES,SSGC,400,480,descending,sequential,down,3.0,4,3,True,-4.0,-1.0,lfd
OIL & GAS MARKETING COMPANIES,SSGC,520,600,ascending,up,up,3.0,4,3,True,-4.0,-1.0,lfd
OIL & GAS MARKETING COMPANIES,SSGC,2080,2160,descending,up,up,2.0,1,0,False,6.418604651162796,6.418604651162796,horizon
OIL & GAS MARKETING COMPANIES,SSGC,3000,3080,descending,down,down,3.0,4,3,True,-4.0,-1.0,lfd
OIL & GAS MARKETING COMPANIES,SSGC,4760,4840,descending,up,up,1.0,1,0,False,13.500000000000005,13.500000000000004,horizon
OIL & GAS MARKETING COMPANIES,SSGC,5080,5160,symmetrical,down,down,1.0,2,1,False,1.6691176470588238,-1.0,horizon
MISCELLANEOUS,STPL,120,200,symmetrical,down,down,1.0,1,0,False,1.1315933315113422,1.1315933315113422,horizon
TECHNOLOGY & COMMUNICATION,TELE,3200,3280,ascending,sequential,down,3.0,3,2,False,-0.4736842105263135,-1.0,horizon
GLASS & CERAMICS,TGL,3360,3440,descending,up,up,2.0,4,3,True,-4.0,-1.0,lfd
GLASS & CERAMICS,TGL,3560,3640,descending,sequential,down,3.0,2,1,False,-2.0,-1.0,lfd
FOOD & PERSONAL CARE PRODUCTS,TREET,3720,3800,symmetrical,up,up,1.0,4,3,True,-4.0,-1.0,lfd
TECHNOLOGY & COMMUNICATION,TRG,2320,2400,symmetrical,up,up,1.0,1,0,False,6.463917525773193,6.463917525773193,horizon
TECHNOLOGY & COMMUNICATION,TRG,3400,3480,descending,down,down,2.0,1,0,False,5.282758620689658,5.282758620689658,horizon
COMMERCIAL BANKS,UBL,1600,1680,ascending,up,up,2.0,3,2,False,-1.5836391193363148,-1.0,horizon
COMMERCIAL BANKS,UBL,2000,2080,ascending,down,down,1.0,1,0,False,-1.0,-0.7286394760345285,lfd
MISCELLANEOUS,UDPL,2880,2960,symmetrical,up,up,2.0,1,0,False,1.904545454545451,1.6681818181818169,horizon
INSURANCE,UNIC,2480,2560,symmetrical,sequential,down,3.0,2,1,False,1.7142857142857175,-0.9344262295081952,horizon
INSURANCE,UNIC,2520,2600,symmetrical,up,up,1.0,3,2,False,-1.8181818181818186,-1.0,horizon
INSURANCE,UNIC,2680,2760,ascending,sequential,up,3.0,4,3,True,-4.0,-1.0,lfd
FOOD & PERSONAL CARE PRODUCTS,UPFL,400,480,symmetrical,up,up,2.0,1,0,False,14.610651974288334,14.610651974288334,horizon
CABLE & ELECTRICAL GOODS,WAVES,920,1000,symmetrical,up,up,1.0,4,3,True,-4.0,-1.0,lfd
FOOD & PERSONAL CARE PRODUCTS,ZIL,2360,2440,ascending,down,down,1.0,4,3,False,-1.619136960600375,-1.0,horizon
