symbol,anchor_index,anchor_date,outcome,breakout_direction,support_level,resistance_level,height_pct,duration_days
786,3,2005-01-13,REJECTED_INSUFFICIENT_TOUCHES,,6.3,26.09,3.141269841269841,7854
786,6,2005-01-24,VALID,up,9.5,8.0,0.15789473684210525,935
786,10,2005-02-07,EXPIRED_NO_BREAKOUT,,7.5,8.5,0.13333333333333333,60
786,14,2005-02-16,VALID,up,9.5,8.5,0.10526315789473684,912
786,17,2005-02-23,VALID,up,9.5,8.5,0.10526315789473684,905
786,22,2005-04-18,VALID,up,9.5,8.5,0.10526315789473684,851
786,23,2005-05-09,REJECTED_INSUFFICIENT_TOUCHES,,5.95,26.09,3.384873949579832,7738
786,30,2005-09-06,VALID,up,9.5,8.0,0.15789473684210525,710
786,34,2005-11-02,EXPIRED_NO_BREAKOUT,,5.5,26.09,3.7436363636363637,60
786,40,2005-12-01,EXPIRED_NO_BREAKOUT,,2.0,9.85,3.925,60
786,43,2005-12-08,EXPIRED_NO_BREAKOUT,,6.6,26.09,2.9530303030303036,60
786,45,2005-12-15,VALID,up,9.5,8.5,0.10526315789473684,610
786,48,2006-01-16,REJECTED_TOO_SHORT,,7.6,8.5,0.118421052631579,4
786,61,2006-02-06,REJECTED_INSUFFICIENT_TOUCHES,,2.0,15.25,6.625,7465
786,66,2006-02-17,VALID,up,12.8,8.5,0.33593750000000006,636
786,68,2006-02-21,EXPIRED_NO_BREAKOUT,,9.5,14.5,0.5263157894736842,60
786,81,2006-04-20,REJECTED_INSUFFICIENT_TOUCHES,,10.0,26.09,1.609,7392
786,95,2006-06-13,REJECTED_INSUFFICIENT_TOUCHES,,2.0,15.0,6.5,7338
786,101,2006-09-28,EXPIRED_NO_BREAKOUT,,9.5,14.55,0.5315789473684212,60
786,104,2006-10-17,VALID,up,11.1,8.5,0.2342342342342342,283
786,108,2006-12-13,EXPIRED_NO_BREAKOUT,,2.0,12.65,5.325,60
786,116,2007-01-26,EXPIRED_NO_BREAKOUT,,8.25,26.09,2.1624242424242426,60
786,126,2007-03-21,EXPIRED_NO_BREAKOUT,,9.5,11.0,0.15789473684210525,60
786,129,2007-03-30,EXPIRED_NO_BREAKOUT,,9.5,11.0,0.15789473684210525,60
786,133,2007-04-18,VALID,up,9.5,8.5,0.10526315789473684,64
786,136,2007-05-30,EXPIRED_NO_BREAKOUT,,9.5,12.0,0.2631578947368421,60
786,140,2007-06-19,EXPIRED_NO_BREAKOUT,,9.5,11.95,0.2578947368421052,60
786,142,2007-06-21,REJECTED_TOO_SHORT,,9.5,8.5,0.10526315789473684,0
786,151,2007-07-12,EXPIRED_NO_BREAKOUT,,2.0,16.15,7.074999999999999,60
786,157,2007-07-27,REJECTED_TOO_SHORT,,11.1,8.5,0.2342342342342342,0
786,161,2007-08-02,EXPIRED_NO_BREAKOUT,,11.65,26.09,1.2394849785407724,60
786,165,2007-08-09,EXPIRED_NO_BREAKOUT,,2.0,13.7,5.85,60
786,170,2007-08-17,REJECTED_TOO_SHORT,,9.5,8.5,0.10526315789473684,0
786,184,2007-09-13,REJECTED_INSUFFICIENT_TOUCHES,,2.0,19.5,8.75,6881
786,186,2007-09-25,VALID,up,17.6,8.5,0.5170454545454546,141
786,189,2007-10-01,REJECTED_INSUFFICIENT_TOUCHES,,2.0,19.95,8.975,6863
786,194,2007-10-18,VALID,up,16.0,8.5,0.46875,97
786,198,2007-10-24,VALID,up,9.5,19.0,1.0,42
786,200,2007-10-26,VALID,up,9.5,19.0,1.0,40
786,207,2007-11-15,REJECTED_TOO_SHORT,,12.65,8.5,0.32806324110671936,0
786,216,2007-12-10,REJECTED_INSUFFICIENT_TOUCHES,,2.0,21.5,9.75,6793
786,221,2007-12-17,REJECTED_INSUFFICIENT_TOUCHES,,18.05,26.09,0.44542936288088636,6786
786,224,2007-12-31,EXPIRED_NO_BREAKOUT,,2.0,20.8,9.4,60
786,230,2008-01-23,REJECTED_TOO_SHORT,,16.0,8.5,0.46875,0
786,236,2008-02-13,REJECTED_TOO_SHORT,,17.5,8.5,0.5142857142857142,0
786,243,2008-02-25,EXPIRED_NO_BREAKOUT,,2.0,26.0,12.0,60
786,246,2008-02-29,REJECTED_TOO_SHORT,,23.5,8.5,0.6382978723404256,19
786,247,2008-03-03,VALID,up,9.5,27.3,1.8736842105263158,31
786,251,2008-03-07,REJECTED_TOO_SHORT,,24.0,8.5,0.6458333333333334,4
786,253,2008-03-11,REJECTED_TOO_SHORT,,24.0,8.5,0.6458333333333334,0
786,255,2008-03-13,VALID,up,9.5,27.0,1.8421052631578947,21
786,257,2008-03-19,REJECTED_TOO_SHORT,,23.75,8.5,0.6421052631578947,0
786,277,2008-04-21,REJECTED_INSUFFICIENT_TOUCHES,,2.0,46.35,22.175,6660
786,291,2008-05-12,REJECTED_INSUFFICIENT_TOUCHES,,28.5,26.09,0.08456140350877193,6639
786,298,2008-05-21,REJECTED_INSUFFICIENT_TOUCHES,,2.0,37.59,17.795,6630
786,304,2008-05-29,REJECTED_TOO_SHORT,,25.65,8.5,0.6686159844054581,4
786,306,2008-06-02,REJECTED_TOO_SHORT,,25.65,8.5,0.6686159844054581,0
786,309,2008-06-05,EXPIRED_NO_BREAKOUT,,2.0,30.6,14.3,60
786,316,2008-06-16,REJECTED_TOO_SHORT,,25.575,8.5,0.667644183773216,0
786,319,2008-06-24,REJECTED_INSUFFICIENT_TOUCHES,,2.0,31.85,14.925,6596
786,330,2009-03-31,VALID,up,5.0,1.9,0.62,3458
786,336,2009-04-08,REJECTED_INSUFFICIENT_TOUCHES,,2.0,7.4,2.7,6308
786,338,2009-04-10,REJECTED_INSUFFICIENT_TOUCHES,,5.21,26.09,4.007677543186181,6306
786,344,2009-04-23,EXPIRED_NO_BREAKOUT,,4.25,8.5,1.0,60
786,350,2009-05-04,EXPIRED_NO_BREAKOUT,,4.15,8.5,1.0481927710843373,60
786,351,2009-05-05,VALID,down,9.5,5.98,0.37052631578947365,108
786,361,2009-05-20,EXPIRED_NO_BREAKOUT,,4.5,8.5,0.8888888888888888,60
786,366,2009-06-03,REJECTED_INSUFFICIENT_TOUCHES,,4.62,26.09,4.647186147186146,6252
786,369,2009-06-24,VALID,down,9.5,6.19,0.3484210526315789,48
786,379,2009-07-22,EXPIRED_NO_BREAKOUT,,4.01,8.5,1.119700748129676,60
786,381,2009-07-27,EXPIRED_NO_BREAKOUT,,2.0,6.49,2.245,60
786,386,2009-08-04,REJECTED_TOO_SHORT,,4.2,8.5,1.0238095238095237,9
786,389,2009-08-11,REJECTED_TOO_SHORT,,9.5,6.28,0.3389473684210526,0
786,391,2009-08-13,EXPIRED_NO_BREAKOUT,,4.0,8.5,1.125,60
786,395,2009-08-21,REJECTED_TOO_SHORT,,9.5,5.98,0.37052631578947365,0
786,396,2009-08-25,REJECTED_INSUFFICIENT_TOUCHES,,4.4,26.09,4.929545454545454,6169
786,401,2009-09-14,REJECTED_TOO_SHORT,,9.5,6.015000000000001,0.36684210526315786,0
786,406,2009-09-28,VALID,down,4.5,8.5,0.8888888888888888,30
786,414,2009-10-09,EXPIRED_NO_BREAKOUT,,2.0,6.79,2.395,60
786,423,2009-10-28,EXPIRED_NO_BREAKOUT,,3.8,8.5,1.236842105263158,60
786,424,2009-10-30,EXPIRED_NO_BREAKOUT,,2.0,5.2,1.6,60
786,428,2009-11-06,REJECTED_INSUFFICIENT_TOUCHES,,2.0,5.08,1.54,6096
786,430,2009-11-11,VALID,down,4.0,8.5,1.125,27
786,434,2009-11-17,VALID,down,4.005,4.95,0.23595505617977536,24
786,435,2009-11-19,REJECTED_TOO_SHORT,,4.01,8.5,1.119700748129676,19
786,442,2009-12-08,EXPIRED_NO_BREAKOUT,,3.81,8.5,1.2309711286089238,60
786,444,2009-12-11,REJECTED_TOO_SHORT,,4.005,4.9,0.223470661672909,0
786,447,2009-12-17,EXPIRED_NO_BREAKOUT,,3.52,8.5,1.4147727272727273,60
786,449,2009-12-21,EXPIRED_NO_BREAKOUT,,2.0,5.5,1.75,60
786,452,2009-12-24,VALID,down,4.029999999999999,8.5,1.1091811414392063,53
786,458,2010-01-08,VALID,down,4.005,4.98,0.24344569288389528,38
786,459,2010-01-11,VALID,down,4.0,8.5,1.125,35
786,462,2010-01-14,EXPIRED_NO_BREAKOUT,,2.0,5.69,1.8450000000000002,60
786,470,2010-02-02,VALID,down,3.5,4.98,0.422857142857143,36
786,471,2010-02-03,REJECTED_TOO_SHORT,,4.005,4.75,0.18601747815230965,12
786,474,2010-02-10,REJECTED_TOO_SHORT,,4.005,4.75,0.18601747815230965,5
786,479,2010-02-18,REJECTED_INSUFFICIENT_TOUCHES,,3.25,26.09,7.027692307692307,5992
786,481,2010-02-22,REJECTED_TOO_SHORT,,4.005,4.99,0.2459425717852685,16
786,483,2010-03-05,REJECTED_TOO_SHORT,,4.005,4.99,0.2459425717852685,5
786,491,2010-03-19,REJECTED_INSUFFICIENT_TOUCHES,,2.0,4.23,1.1150000000000002,5963
786,491,2010-03-19,REJECTED_INSUFFICIENT_TOUCHES,,2.55,26.09,9.231372549019609,5963
786,496,2010-04-02,REJECTED_INSUFFICIENT_TOUCHES,,2.0,3.98,0.99,5949
786,498,2010-04-16,VALID,up,2.35,1.9,0.19148936170212774,983
786,503,2010-04-27,REJECTED_INSUFFICIENT_TOUCHES,,2.0,3.88,0.94,5924
786,503,2010-04-27,VALID,up,2.11,1.9,0.09952606635071089,945
786,512,2010-05-19,EXPIRED_NO_BREAKOUT,,1.21,2.79,1.3057851239669422,60
786,513,2010-05-25,REJECTED_HEIGHT_FLOOR,,1.91,1.9,0.005235602094240842,1567
786,519,2010-06-09,REJECTED_INSUFFICIENT_TOUCHES,,1.5,26.09,16.393333333333334,5881
786,524,2010-06-22,EXPIRED_NO_BREAKOUT,,1.05,4.98,3.7428571428571433,60
786,525,2010-06-23,VALID,down,4.005,2.09,0.4781523096129838,239
786,529,2010-06-29,EXPIRED_NO_BREAKOUT,,1.15,4.98,3.3304347826086964,60
786,530,2010-06-30,EXPIRED_NO_BREAKOUT,,1.21,2.93,1.4214876033057853,60
786,536,2010-07-08,EXPIRED_NO_BREAKOUT,,1.21,3.3,1.7272727272727273,60
786,545,2010-07-23,EXPIRED_NO_BREAKOUT,,2.0,2.44,0.21999999999999997,60
786,547,2010-07-27,REJECTED_INSUFFICIENT_TOUCHES,,1.68,26.09,14.529761904761905,5833
786,549,2010-07-30,REJECTED_INSUFFICIENT_TOUCHES,,2.0,2.69,0.345,5830
786,558,2010-08-17,EXPIRED_NO_BREAKOUT,,1.21,2.25,0.859504132231405,60
786,558,2010-08-17,REJECTED_INSUFFICIENT_TOUCHES,,0.5,26.09,51.18,5812
786,565,2010-08-31,VALID,down,4.005,2.05,0.48813982521847693,248
786,567,2010-09-02,REJECTED_INSUFFICIENT_TOUCHES,,1.0,26.09,25.09,5796
786,571,2010-09-09,REJECTED_INSUFFICIENT_TOUCHES,,0.92,26.09,27.35869565217391,5789
786,572,2010-09-14,VALID,down,4.005,1.9,0.5255930087390762,125
786,576,2010-09-20,VALID,down,4.005,1.85,0.5380774032459426,42
786,576,2010-09-20,REJECTED_INSUFFICIENT_TOUCHES,,0.86,26.09,29.337209302325583,5778
786,581,2010-09-28,EXPIRED_NO_BREAKOUT,,1.21,1.59,0.3140495867768596,60
786,588,2010-10-11,EXPIRED_NO_BREAKOUT,,1.05,4.98,3.7428571428571433,60
786,589,2010-10-12,VALID,down,4.005,1.99,0.5031210986267165,76
786,593,2010-10-19,EXPIRED_NO_BREAKOUT,,1.1,4.98,3.5272727272727273,60
786,600,2010-11-01,REJECTED_TOO_SHORT,,4.005,1.83,0.5430711610486891,0
786,600,2010-11-01,EXPIRED_NO_BREAKOUT,,1.32,4.98,2.7727272727272725,60
786,608,2010-11-12,EXPIRED_NO_BREAKOUT,,1.25,4.98,2.9840000000000004,60
786,612,2010-11-24,REJECTED_INSUFFICIENT_TOUCHES,,2.0,2.14,0.07000000000000006,5713
786,617,2010-12-01,REJECTED_TOO_SHORT,,4.005,1.8,0.550561797752809,9
786,619,2010-12-03,EXPIRED_NO_BREAKOUT,,1.15,4.98,3.3304347826086964,60
786,622,2010-12-10,REJECTED_TOO_SHORT,,4.005,1.8,0.550561797752809,0
786,623,2010-12-13,VALID,down,1.26,4.98,2.952380952380953,32
786,630,2010-12-24,VALID,down,1.315,4.98,2.787072243346008,21
786,631,2010-12-27,REJECTED_TOO_SHORT,,4.005,1.99,0.5031210986267165,0
786,635,2010-12-31,REJECTED_TOO_SHORT,,4.005,1.95,0.5131086142322097,4
786,635,2010-12-31,REJECTED_TOO_SHORT,,1.32,4.98,2.7727272727272725,14
786,637,2011-01-04,REJECTED_TOO_SHORT,,4.005,1.95,0.5131086142322097,0
786,641,2011-01-10,EXPIRED_NO_BREAKOUT,,1.35,1.9,0.4074074074074073,60
786,645,2011-01-14,VALID,down,1.2,4.98,3.1500000000000004,46
786,646,2011-01-17,REJECTED_TOO_SHORT,,4.005,1.9,0.5255930087390762,0
786,651,2011-01-24,REJECTED_TOO_SHORT,,4.005,1.9449999999999998,0.5143570536828964,0
786,656,2011-01-31,VALID,down,1.25,4.98,2.9840000000000004,29
786,658,2011-02-02,VALID,down,1.25,4.98,2.9840000000000004,27
786,659,2011-02-03,REJECTED_TOO_SHORT,,4.005,1.9,0.5255930087390762,0
786,665,2011-02-11,REJECTED_TOO_SHORT,,1.21,4.98,3.1157024793388435,18
786,668,2011-02-17,REJECTED_TOO_SHORT,,4.005,2.1,0.4756554307116104,0
786,674,2011-02-25,EXPIRED_NO_BREAKOUT,,1.1,4.98,3.5272727272727273,60
786,687,2011-03-16,EXPIRED_NO_BREAKOUT,,1.1,4.98,3.5272727272727273,60
786,690,2011-03-22,REJECTED_TOO_SHORT,,4.005,1.82,0.5455680399500623,0
786,704,2011-04-14,REJECTED_INSUFFICIENT_TOUCHES,,2.0,1.7,0.15000000000000002,5572
786,705,2011-04-15,EXPIRED_NO_BREAKOUT,,1.21,4.98,3.1157024793388435,60
786,709,2011-04-27,EXPIRED_NO_BREAKOUT,,1.21,4.98,3.1157024793388435,60
786,713,2011-05-04,EXPIRED_NO_BREAKOUT,,1.255,4.98,2.968127490039841,60
786,715,2011-05-06,REJECTED_TOO_SHORT,,4.005,2.04,0.49063670411985016,0
786,721,2011-05-18,EXPIRED_NO_BREAKOUT,,1.21,4.98,3.1157024793388435,60
786,731,2011-06-06,REJECTED_TOO_SHORT,,4.005,1.9,0.5255930087390762,0
786,738,2011-06-23,REJECTED_TOO_SHORT,,4.005,1.8,0.550561797752809,0
786,738,2011-06-23,EXPIRED_NO_BREAKOUT,,1.15,4.98,3.3304347826086964,60
786,760,2011-09-05,REJECTED_TOO_SHORT,,4.005,1.99,0.5031210986267165,0
786,760,2011-09-05,REJECTED_INSUFFICIENT_TOUCHES,,1.02,26.09,24.57843137254902,5428
786,777,2011-10-13,REJECTED_INSUFFICIENT_TOUCHES,,0.75,26.09,33.78666666666667,5390
786,789,2011-11-16,REJECTED_INSUFFICIENT_TOUCHES,,2.0,1.74,0.13,5356
786,798,2011-12-01,REJECTED_INSUFFICIENT_TOUCHES,,0.6,26.09,42.483333333333334,5341
786,819,2012-02-08,REJECTED_TOO_SHORT,,4.005,1.84,0.5405742821473158,0
786,819,2012-02-08,VALID,up,1.05,1.9,0.8095238095238093,35
786,829,2012-02-23,REJECTED_TOO_SHORT,,4.005,1.9,0.5255930087390762,0
786,835,2012-03-07,REJECTED_TOO_SHORT,,1.21,1.9,0.5702479338842975,7
786,840,2012-03-14,EXPIRED_NO_BREAKOUT,,1.21,2.5,1.0661157024793388,60
786,844,2012-03-20,REJECTED_TOO_SHORT,,1.55,1.9,0.22580645161290314,10
786,850,2012-03-29,REJECTED_TOO_SHORT,,1.55,1.9,0.22580645161290314,1
786,852,2012-04-02,EXPIRED_NO_BREAKOUT,,1.21,2.29,0.8925619834710745,60
786,855,2012-04-05,REJECTED_INSUFFICIENT_TOUCHES,,1.65,26.09,14.812121212121214,5215
786,859,2012-04-11,REJECTED_INSUFFICIENT_TOUCHES,,2.0,2.19,0.09499999999999997,5209
786,864,2012-04-20,REJECTED_TOO_SHORT,,1.55,1.9,0.22580645161290314,3
786,868,2012-04-27,EXPIRED_NO_BREAKOUT,,1.3050000000000002,1.9,0.4559386973180074,60
786,872,2012-05-04,EXPIRED_NO_BREAKOUT,,1.21,1.95,0.6115702479338843,60
786,877,2012-05-11,EXPIRED_NO_BREAKOUT,,1.21,1.9,0.5702479338842975,60
786,882,2012-05-21,EXPIRED_NO_BREAKOUT,,1.21,1.95,0.6115702479338843,60
786,882,2012-05-21,EXPIRED_NO_BREAKOUT,,1.36,1.9,0.3970588235294116,60
786,890,2012-06-04,REJECTED_INSUFFICIENT_TOUCHES,,1.41,26.09,17.50354609929078,5155
786,894,2012-06-12,EXPIRED_NO_BREAKOUT,,1.21,1.59,0.3140495867768596,60
786,894,2012-06-12,EXPIRED_NO_BREAKOUT,,1.31,1.9,0.45038167938931284,60
786,908,2012-07-10,VALID,up,1.21,1.95,0.6115702479338843,50
786,908,2012-07-10,VALID,up,1.1,1.9,0.7272727272727271,50
786,921,2012-08-29,EXPIRED_NO_BREAKOUT,,1.21,2.25,0.859504132231405,60
786,926,2012-09-05,VALID,up,1.21,2.245,0.8553719008264464,57
786,929,2012-09-10,REJECTED_HEIGHT_FLOOR,,2.0,1.9,0.050000000000000044,51
786,932,2012-09-14,VALID,up,1.21,2.245,0.8553719008264464,48
786,938,2012-10-05,REJECTED_HEIGHT_FLOOR,,1.81,1.9,0.04972375690607727,587
786,942,2012-10-16,VALID,up,1.21,2.26,0.8677685950413222,35
786,949,2012-10-31,REJECTED_HEIGHT_FLOOR,,2.02,1.9,0.05940594059405946,0
786,950,2012-11-01,REJECTED_TOO_SHORT,,1.21,2.275,0.8801652892561983,19
786,953,2012-11-06,REJECTED_HEIGHT_FLOOR,,2.0,1.9,0.050000000000000044,0
786,957,2012-11-15,REJECTED_HEIGHT_FLOOR,,2.0,1.9,0.050000000000000044,0
786,964,2012-11-26,REJECTED_INSUFFICIENT_TOUCHES,,2.0,2.85,0.42500000000000004,4980
786,965,2012-11-27,REJECTED_TOO_SHORT,,2.11,1.9,0.09952606635071089,0
786,967,2012-11-29,REJECTED_TOO_SHORT,,2.11,1.9,0.09952606635071089,0
786,974,2012-12-10,EXPIRED_NO_BREAKOUT,,1.21,3.29,1.71900826446281,60
786,981,2012-12-24,REJECTED_TOO_SHORT,,2.32,1.9,0.18103448275862066,0
786,985,2012-12-31,VALID,up,1.21,2.96,1.4462809917355373,58
786,990,2013-01-21,VALID,up,2.5,1.9,0.24000000000000005,114
786,992,2013-01-24,VALID,up,1.21,2.9,1.396694214876033,34
786,996,2013-02-20,VALID,up,2.22,1.9,0.14414414414414425,27
786,998,2013-02-27,REJECTED_INSUFFICIENT_TOUCHES,,2.0,3.07,0.5349999999999999,4887
786,1002,2013-03-07,REJECTED_INSUFFICIENT_TOUCHES,,2.0,3.7,0.8500000000000001,4879
786,1004,2013-03-19,REJECTED_TOO_SHORT,,2.2,1.9,0.13636363636363646,0
786,1006,2013-03-25,VALID,up,1.21,3.0,1.4793388429752068,56
786,1012,2013-04-15,EXPIRED_NO_BREAKOUT,,1.21,2.74,1.2644628099173556,60
786,1014,2013-04-22,REJECTED_INSUFFICIENT_TOUCHES,,1.71,26.09,14.257309941520468,4833
786,1017,2013-05-03,REJECTED_TOO_SHORT,,1.21,2.95,1.4380165289256202,12
786,1024,2013-05-15,VALID,up,1.21,3.25,1.6859504132231407,27
786,1024,2013-05-15,REJECTED_TOO_SHORT,,2.5,1.9,0.24000000000000005,0
786,1030,2013-06-06,REJECTED_INSUFFICIENT_TOUCHES,,2.7,26.09,8.662962962962963,4788
786,1032,2013-06-11,REJECTED_INSUFFICIENT_TOUCHES,,2.0,3.59,0.7949999999999999,4783
786,1035,2013-06-19,REJECTED_INSUFFICIENT_TOUCHES,,2.8,26.09,8.317857142857143,4775
786,1044,2013-07-17,REJECTED_TOO_SHORT,,2.11,1.9,0.09952606635071089,0
786,1046,2013-07-25,REJECTED_TOO_SHORT,,1.21,3.25,1.6859504132231407,19
786,1050,2013-08-06,REJECTED_TOO_SHORT,,2.11,1.9,0.09952606635071089,0
786,1051,2013-08-13,EXPIRED_NO_BREAKOUT,,1.21,3.43,1.834710743801653,60
786,1053,2013-08-26,EXPIRED_NO_BREAKOUT,,1.21,3.43,1.834710743801653,60
786,1059,2013-10-29,REJECTED_TOO_SHORT,,2.05,1.9,0.07317073170731704,0
786,1061,2013-11-12,VALID,up,1.21,2.5,1.0661157024793388,30
786,1064,2013-12-06,REJECTED_TOO_SHORT,,2.05,1.9,0.07317073170731704,0
786,1066,2013-12-12,VALID,up,1.21,2.74,1.2644628099173556,39
786,1068,2014-01-02,REJECTED_HEIGHT_FLOOR,,2.005,1.9,0.05236907730673316,0
786,1074,2014-01-27,EXPIRED_NO_BREAKOUT,,1.21,3.25,1.6859504132231407,60
786,1079,2014-02-11,EXPIRED_NO_BREAKOUT,,1.21,3.29,1.71900826446281,60
786,1084,2014-04-01,REJECTED_HEIGHT_FLOOR,,2.01,1.9,0.054726368159203925,0
786,1088,2014-04-10,EXPIRED_NO_BREAKOUT,,2.0,2.75,0.375,60
786,1093,2014-05-15,REJECTED_HEIGHT_FLOOR,,1.8,1.9,0.05555555555555548,0
786,1095,2014-05-21,REJECTED_INSUFFICIENT_TOUCHES,,2.0,2.55,0.2749999999999999,4439
786,1098,2014-06-05,REJECTED_HEIGHT_FLOOR,,2.0,1.9,0.050000000000000044,0
786,1100,2014-06-12,VALID,down,2.0,2.44,0.21999999999999997,42
786,1105,2014-07-24,REJECTED_HEIGHT_FLOOR,,1.81,1.9,0.04972375690607727,0
786,1112,2014-09-08,REJECTED_HEIGHT_FLOOR,,1.9,1.9,0.0,0
786,1113,2014-09-11,EXPIRED_NO_BREAKOUT,,2.0,2.44,0.21999999999999997,60
786,1120,2014-11-11,VALID,up,2.0,2.99,0.4950000000000001,1393
786,1120,2014-11-11,REJECTED_HEIGHT_FLOOR,,2.0,1.9,0.050000000000000044,0
786,1124,2014-11-17,VALID,up,2.0,2.24,0.1200000000000001,1387
786,1126,2014-11-20,REJECTED_HEIGHT_FLOOR,,2.0,1.9,0.050000000000000044,0
786,1135,2018-09-10,VALID,up,2.0,7.99,2.995,23
786,1140,2018-09-18,REJECTED_TOO_SHORT,,5.01,1.9,0.6207584830339321,0
786,1145,2018-09-27,REJECTED_TOO_SHORT,,4.51,1.9,0.5787139689578714,0
786,1153,2018-10-09,REJECTED_INSUFFICIENT_TOUCHES,,2.0,10.75,4.375,2837
786,1157,2018-10-15,REJECTED_TOO_SHORT,,9.68,1.9,0.8037190082644627,4
786,1161,2018-10-19,REJECTED_TOO_SHORT,,9.65,1.9,0.8031088082901554,0
786,1176,2018-11-09,REJECTED_TOO_SHORT,,2.0,20.98,9.49,6
786,1179,2018-11-14,REJECTED_INSUFFICIENT_TOUCHES,,20.3,26.09,0.28522167487684724,2801
786,1193,2018-12-05,EXPIRED_NO_BREAKOUT,,2.0,26.0,12.0,60
786,1194,2018-12-06,EXPIRED_NO_BREAKOUT,,22.95,26.09,0.13681917211328978,60
786,1201,2018-12-17,REJECTED_INSUFFICIENT_TOUCHES,,2.0,24.7,11.35,2768
786,1205,2018-12-21,EXPIRED_NO_BREAKOUT,,2.0,25.925,11.9625,60
786,1216,2019-01-08,REJECTED_HEIGHT_FLOOR,,24.75,26.09,0.054141414141414136,132
786,1229,2019-01-25,EXPIRED_NO_BREAKOUT,,2.0,26.5,12.25,60
786,1237,2019-02-07,EXPIRED_NO_BREAKOUT,,2.0,26.9,12.45,60
786,1258,2019-03-08,EXPIRED_NO_BREAKOUT,,2.0,26.09,12.045,60
786,1267,2019-03-21,EXPIRED_NO_BREAKOUT,,2.0,26.1,12.05,60
786,1271,2019-03-27,REJECTED_TOO_SHORT,,25.814999999999998,1.9,0.926399380205307,0
786,1277,2019-04-04,VALID,up,2.0,26.14,12.07,48
786,1277,2019-04-04,REJECTED_TOO_SHORT,,25.98,1.9,0.9268668206312549,0
786,1281,2019-04-10,REJECTED_TOO_SHORT,,25.98,1.9,0.9268668206312549,0
786,1283,2019-04-12,VALID,up,2.0,26.195,12.0975,40
786,1289,2019-04-22,REJECTED_HEIGHT_FLOOR,,26.0,26.09,0.003461538461538456,0
786,1293,2019-04-26,VALID,up,2.0,26.325,12.1625,26
786,1304,2019-05-14,REJECTED_TOO_SHORT,,2.0,26.325,12.1625,8
786,1308,2019-05-20,REJECTED_HEIGHT_FLOOR,,25.0,26.09,0.04359999999999999,0
786,1313,2019-05-27,VALID,up,2.0,28.895,13.4475,45
786,1318,2019-06-10,VALID,up,2.0,28.895,13.4475,31
786,1322,2019-06-14,VALID,up,2.0,28.99,13.495,27
786,1330,2019-06-26,REJECTED_TOO_SHORT,,2.0,28.99,13.495,15
786,1331,2019-06-27,REJECTED_TOO_SHORT,,27.91,26.09,0.06520960229308492,13
786,1334,2019-07-02,REJECTED_TOO_SHORT,,2.0,28.99,13.495,9
786,1340,2019-07-10,REJECTED_TOO_SHORT,,28.01,26.09,0.06854694751874336,0
786,1343,2019-07-15,VALID,up,2.0,31.27,14.635,36
786,1349,2019-07-23,REJECTED_TOO_SHORT,,30.09,26.09,0.13293452974410103,7
786,1352,2019-07-26,VALID,up,2.0,31.25,14.625,25
786,1354,2019-07-30,REJECTED_TOO_SHORT,,30.08,26.09,0.13264627659574463,0
786,1358,2019-08-05,REJECTED_TOO_SHORT,,2.0,30.98,14.49,15
786,1359,2019-08-06,REJECTED_TOO_SHORT,,30.11,26.09,0.13351046164065095,0
786,1368,2019-08-23,EXPIRED_NO_BREAKOUT,,2.0,32.595,15.2975,60
786,1372,2019-08-29,EXPIRED_NO_BREAKOUT,,2.0,32.835,15.4175,60
786,1378,2019-09-06,EXPIRED_NO_BREAKOUT,,2.0,32.7,15.350000000000001,60
786,1378,2019-09-06,REJECTED_INSUFFICIENT_TOUCHES,,31.89,26.09,0.18187519598620258,2505
786,1399,2019-11-14,EXPIRED_NO_BREAKOUT,,2.0,26.89,12.445,60
786,1401,2019-11-26,VALID,down,22.73,26.09,0.14782226132864054,1497
786,1406,2019-12-16,EXPIRED_NO_BREAKOUT,,2.0,26.045,12.0225,60
786,1408,2019-12-18,VALID,down,22.77,26.09,0.14580588493631974,1475
786,1415,2019-12-30,EXPIRED_NO_BREAKOUT,,2.0,26.14,12.07,60
786,1417,2024-01-01,REJECTED_TOO_SHORT,,5.45,26.09,3.787155963302752,16
786,1423,2024-01-11,EXPIRED_NO_BREAKOUT,,2.0,5.6,1.7999999999999998,60
786,1433,2024-01-29,VALID,up,2.0,5.26,1.63,35
786,1442,2024-02-16,EXPIRED_NO_BREAKOUT,,2.0,5.38,1.69,60
786,1442,2024-02-16,EXPIRED_NO_BREAKOUT,,4.91,26.09,4.313645621181262,60
786,1448,2024-03-04,VALID,up,2.0,5.4,1.7000000000000002,50
786,1452,2024-03-13,EXPIRED_NO_BREAKOUT,,5.0,26.09,4.218,60
786,1454,2024-03-21,VALID,up,2.0,5.2,1.6,28
786,1456,2024-04-04,EXPIRED_NO_BREAKOUT,,5.0,26.09,4.218,60
786,1460,2024-04-22,EXPIRED_NO_BREAKOUT,,5.0,26.09,4.218,60
786,1461,2024-04-23,EXPIRED_NO_BREAKOUT,,2.0,5.61,1.8050000000000002,60
786,1470,2024-05-07,EXPIRED_NO_BREAKOUT,,5.0,26.09,4.218,60
786,1473,2024-05-13,EXPIRED_NO_BREAKOUT,,2.0,5.49,1.745,60
786,1481,2024-05-29,EXPIRED_NO_BREAKOUT,,5.0,26.09,4.218,60
786,1488,2024-06-07,EXPIRED_NO_BREAKOUT,,2.0,5.98,1.9900000000000002,60
786,1490,2024-06-11,EXPIRED_NO_BREAKOUT,,5.0,26.09,4.218,60
786,1500,2024-06-28,EXPIRED_NO_BREAKOUT,,5.0,26.09,4.218,60
786,1504,2024-07-04,VALID,up,2.0,5.98,1.9900000000000002,42
786,1504,2024-07-04,EXPIRED_NO_BREAKOUT,,4.91,26.09,4.313645621181262,60
786,1514,2024-07-22,EXPIRED_NO_BREAKOUT,,4.91,26.09,4.313645621181262,60
786,1520,2024-07-30,REJECTED_TOO_SHORT,,2.0,5.595,1.7974999999999999,10
786,1521,2024-07-31,EXPIRED_NO_BREAKOUT,,4.91,26.09,4.313645621181262,60
786,1533,2024-08-19,EXPIRED_NO_BREAKOUT,,2.0,6.89,2.445,60
786,1539,2024-08-27,VALID,down,5.7,26.09,3.57719298245614,48
786,1543,2024-09-02,EXPIRED_NO_BREAKOUT,,5.53,26.09,3.717902350813743,60
786,1548,2024-09-09,EXPIRED_NO_BREAKOUT,,2.0,6.75,2.375,60
786,1554,2024-09-18,EXPIRED_NO_BREAKOUT,,2.0,6.96,2.48,60
786,1558,2024-09-24,REJECTED_TOO_SHORT,,5.62,26.09,3.642348754448398,20
786,1560,2024-09-26,VALID,up,2.0,6.75,2.375,54
786,1569,2024-10-09,VALID,up,2.0,6.48,2.24,30
786,1569,2024-10-09,EXPIRED_NO_BREAKOUT,,5.005,26.09,4.212787212787213,60
786,1583,2024-10-30,REJECTED_TOO_SHORT,,2.0,6.734999999999999,2.3674999999999997,20
786,1585,2024-11-01,EXPIRED_NO_BREAKOUT,,5.61,26.09,3.6506238859180034,60
786,1589,2024-11-07,REJECTED_TOO_SHORT,,2.0,6.734999999999999,2.3674999999999997,12
786,1590,2024-11-08,EXPIRED_NO_BREAKOUT,,5.82,26.09,3.482817869415807,60
786,1595,2024-11-15,EXPIRED_NO_BREAKOUT,,5.81,26.09,3.49053356282272,60
786,1598,2024-11-20,VALID,up,2.0,7.99,2.995,40
786,1603,2024-11-27,REJECTED_INSUFFICIENT_TOUCHES,,6.06,26.09,3.3052805280528057,596
786,1607,2024-12-03,REJECTED_INSUFFICIENT_TOUCHES,,2.0,7.6,2.8,590
786,1612,2024-12-10,EXPIRED_NO_BREAKOUT,,6.505,26.09,3.01076095311299,60
786,1616,2024-12-16,REJECTED_INSUFFICIENT_TOUCHES,,2.0,8.7,3.3499999999999996,577
786,1619,2024-12-19,EXPIRED_NO_BREAKOUT,,6.57,26.09,2.9710806697108065,60
786,1624,2024-12-27,EXPIRED_NO_BREAKOUT,,6.51,26.09,3.0076804915514592,60
786,1630,2025-01-06,REJECTED_INSUFFICIENT_TOUCHES,,2.0,9.22,3.6100000000000003,556
786,1631,2025-01-07,EXPIRED_NO_BREAKOUT,,8.26,26.09,2.158595641646489,60
786,1634,2025-01-10,EXPIRED_NO_BREAKOUT,,8.26,26.09,2.158595641646489,60
786,1645,2025-01-27,EXPIRED_NO_BREAKOUT,,2.0,12.059999999999999,5.029999999999999,60
786,1648,2025-01-30,EXPIRED_NO_BREAKOUT,,9.31,26.09,1.8023630504833512,60
786,1659,2025-02-17,EXPIRED_NO_BREAKOUT,,8.7,26.09,1.998850574712644,60
786,1667,2025-02-27,EXPIRED_NO_BREAKOUT,,2.0,9.76,3.88,60
786,1668,2025-02-28,VALID,down,8.25,26.09,2.1624242424242426,38
786,1674,2025-03-10,VALID,down,8.04,26.09,2.245024875621891,59
786,1679,2025-03-18,EXPIRED_NO_BREAKOUT,,2.0,9.7,3.8499999999999996,60
786,1688,2025-04-07,VALID,down,8.0,26.09,2.26125,31
786,1695,2025-04-16,REJECTED_INSUFFICIENT_TOUCHES,,2.0,8.99,3.495,456
786,1697,2025-04-18,EXPIRED_NO_BREAKOUT,,7.2,26.09,2.6236111111111113,60
786,1710,2025-05-08,VALID,up,2.0,9.485,3.7424999999999997,50
786,1711,2025-05-09,EXPIRED_NO_BREAKOUT,,6.7,26.09,2.8940298507462687,60
786,1723,2025-05-27,EXPIRED_NO_BREAKOUT,,7.19,26.09,2.628650904033379,60
786,1729,2025-06-05,VALID,up,2.0,9.465,3.7325,22
786,1732,2025-06-12,REJECTED_TOO_SHORT,,8.26,26.09,2.158595641646489,11
786,1735,2025-06-17,REJECTED_TOO_SHORT,,2.0,9.47,3.7350000000000003,10
786,1740,2025-06-24,REJECTED_INSUFFICIENT_TOUCHES,,7.33,26.09,2.5593451568894947,387
786,1745,2025-07-01,EXPIRED_NO_BREAKOUT,,2.0,11.915,4.9575,60
786,1749,2025-07-07,VALID,down,9.6,26.09,1.7177083333333336,23
786,1752,2025-07-10,VALID,up,2.0,10.975,4.4875,32
786,1758,2025-07-18,REJECTED_INSUFFICIENT_TOUCHES,,2.0,10.48,4.24,363
786,1758,2025-07-18,REJECTED_TOO_SHORT,,9.34,26.09,1.7933618843683083,18
786,1766,2025-07-30,EXPIRED_NO_BREAKOUT,,8.71,26.09,1.9954075774971294,60
786,1770,2025-08-05,REJECTED_INSUFFICIENT_TOUCHES,,9.0,26.09,1.8988888888888888,345
786,1775,2025-08-12,VALID,up,2.0,12.49,5.245,23
786,1781,2025-08-21,REJECTED_INSUFFICIENT_TOUCHES,,10.35,26.09,1.5207729468599034,329
786,1784,2025-08-26,REJECTED_TOO_SHORT,,2.0,12.39,5.195,9
786,1788,2025-09-01,EXPIRED_NO_BREAKOUT,,11.035,26.09,1.3642954236520162,60
786,1794,2025-09-09,REJECTED_INSUFFICIENT_TOUCHES,,2.0,17.08,7.539999999999999,310
786,1799,2025-09-16,VALID,down,12.59,26.09,1.0722795869737887,27
786,1804,2025-09-23,EXPIRED_NO_BREAKOUT,,2.0,16.12,7.0600000000000005,60
786,1808,2025-09-29,REJECTED_TOO_SHORT,,12.815000000000001,26.09,1.0358954350370657,11
786,1809,2025-09-30,REJECTED_INSUFFICIENT_TOUCHES,,2.0,15.86,6.93,289
786,1813,2025-10-06,REJECTED_TOO_SHORT,,12.6,26.09,1.0706349206349206,7
786,1817,2025-10-10,EXPIRED_NO_BREAKOUT,,2.0,13.82,5.91,60
786,1818,2025-10-13,EXPIRED_NO_BREAKOUT,,11.65,26.09,1.2394849785407724,60
786,1824,2025-10-21,EXPIRED_NO_BREAKOUT,,11.7,26.09,1.22991452991453,60
786,1826,2025-10-23,EXPIRED_NO_BREAKOUT,,2.0,13.6,5.8,60
786,1830,2025-10-29,EXPIRED_NO_BREAKOUT,,11.71,26.09,1.2280102476515797,60
786,1831,2025-10-30,EXPIRED_NO_BREAKOUT,,2.0,13.4,5.7,60
786,1839,2025-11-11,EXPIRED_NO_BREAKOUT,,2.0,14.11,6.055,60
786,1840,2025-11-12,REJECTED_TOO_SHORT,,12.58,26.09,1.073926868044515,13
786,1844,2025-11-18,EXPIRED_NO_BREAKOUT,,2.0,14.0,6.0,60
786,1850,2025-11-26,EXPIRED_NO_BREAKOUT,,11.1,26.09,1.3504504504504504,60
786,1852,2025-11-28,EXPIRED_NO_BREAKOUT,,2.0,13.18,5.59,60
786,1858,2025-12-08,EXPIRED_NO_BREAKOUT,,2.0,13.75,5.875,60
786,1865,2025-12-17,VALID,up,2.0,13.32,5.66,57
786,1868,2025-12-22,VALID,down,11.71,26.09,1.2280102476515797,38
786,1871,2025-12-26,VALID,up,2.0,13.82,5.91,48
786,1880,2026-01-08,REJECTED_TOO_SHORT,,12.55,26.09,1.0788844621513942,15
786,1881,2026-01-09,VALID,up,2.0,13.7,5.85,34
786,1884,2026-01-14,REJECTED_TOO_SHORT,,12.55,26.09,1.0788844621513942,9
786,1885,2026-01-15,VALID,up,2.0,13.24,5.62,28
786,1888,2026-01-20,REJECTED_TOO_SHORT,,11.575,26.09,1.2539956803455725,13
786,1889,2026-01-21,VALID,up,2.0,12.99,5.495,21
786,1897,2026-02-02,REJECTED_TOO_SHORT,,2.0,11.99,4.995,8
786,1898,2026-02-03,VALID,up,11.1,26.045,1.3463963963963965,29
786,1909,2026-02-19,REJECTED_INSUFFICIENT_TOUCHES,,16.5,26.09,0.5812121212121212,147
786,1912,2026-02-24,REJECTED_TOO_SHORT,,2.0,26.0,12.0,8
786,1926,2026-03-16,REJECTED_INSUFFICIENT_TOUCHES,,2.0,50.79,24.395,122
786,1928,2026-03-18,REJECTED_INSUFFICIENT_TOUCHES,,34.79,26.09,0.2500718597298074,120
786,1935,2026-03-31,REJECTED_INSUFFICIENT_TOUCHES,,2.0,68.72,33.36,107
786,1938,2026-04-03,REJECTED_INSUFFICIENT_TOUCHES,,43.0,26.09,0.39325581395348835,104
786,1940,2026-04-07,REJECTED_INSUFFICIENT_TOUCHES,,2.0,59.99,28.995,100
786,1954,2026-04-27,REJECTED_HEIGHT_FLOOR,,26.41,26.045,0.013820522529344886,0
786,1956,2026-04-29,REJECTED_INSUFFICIENT_TOUCHES,,2.0,34.0,16.0,78
786,1959,2026-05-06,REJECTED_INSUFFICIENT_TOUCHES,,27.0,26.09,0.03370370370370371,71
786,1963,2026-05-12,EXPIRED_NO_BREAKOUT,,2.0,30.7,14.35,60
786,1967,2026-05-18,EXPIRED_NO_BREAKOUT,,2.0,29.43,13.715,59
786,1970,2026-05-21,REJECTED_HEIGHT_FLOOR,,25.0,26.045,0.041800000000000066,0
786,1972,2026-05-25,EXPIRED_NO_BREAKOUT,,2.0,28.8,13.4,52
786,1977,2026-06-05,EXPIRED_NO_BREAKOUT,,2.0,29.235,13.6175,41
786,1982,2026-06-12,REJECTED_TOO_SHORT,,23.85,26.045,0.0920335429769392,3
786,1983,2026-06-15,EXPIRED_NO_BREAKOUT,,2.0,27.08,12.54,31
786,1996,2026-07-06,EXPIRED_NO_BREAKOUT,,2.0,26.12,12.06,10
786,1999,2026-07-09,EXPIRED_NO_BREAKOUT,,24.0,26.09,0.08708333333333333,7
AABS,8,2005-01-17,REJECTED_INSUFFICIENT_TOUCHES,,65.0,214.54500000000002,2.300692307692308,7850
AABS,12,2005-01-26,EXPIRED_NO_BREAKOUT,,47.35,75.0,0.583949313621964,60
AABS,23,2005-02-22,VALID,up,70.0,61.0,0.12857142857142856,1617
AABS,35,2005-03-14,EXPIRED_NO_BREAKOUT,,47.35,74.45,0.5723336853220697,60
AABS,45,2005-04-14,REJECTED_HEIGHT_FLOOR,,58.0,61.0,0.05172413793103448,181
AABS,49,2005-04-20,EXPIRED_NO_BREAKOUT,,52.0,65.75,0.2644230769230769,60
AABS,51,2005-04-27,REJECTED_HEIGHT_FLOOR,,58.0,61.0,0.05172413793103448,168
AABS,56,2005-05-12,EXPIRED_NO_BREAKOUT,,47.35,61.0,0.2882787750791974,60
AABS,63,2005-06-17,EXPIRED_NO_BREAKOUT,,56.0,61.0,0.08928571428571429,60
AABS,72,2005-07-19,EXPIRED_NO_BREAKOUT,,52.55,61.0,0.16079923882017133,60
AABS,76,2005-08-12,EXPIRED_NO_BREAKOUT,,47.35,61.0,0.2882787750791974,60
AABS,78,2005-08-17,EXPIRED_NO_BREAKOUT,,55.5,61.0,0.0990990990990991,60
AABS,80,2005-08-25,EXPIRED_NO_BREAKOUT,,47.6,58.75,0.23424369747899157,60
AABS,87,2005-10-03,VALID,down,51.7,61.0,0.17988394584139258,59
AABS,91,2005-10-12,EXPIRED_NO_BREAKOUT,,47.35,61.0,0.2882787750791974,60
AABS,93,2005-10-18,EXPIRED_NO_BREAKOUT,,47.35,61.0,0.2882787750791974,60
AABS,100,2005-11-16,VALID,up,51.0,61.0,0.19607843137254902,30
AABS,103,2005-11-21,EXPIRED_NO_BREAKOUT,,47.6,57.5,0.20798319327731088,60
AABS,106,2005-12-01,REJECTED_TOO_SHORT,,50.25,61.0,0.21393034825870647,15
AABS,108,2005-12-05,EXPIRED_NO_BREAKOUT,,47.35,55.0,0.1615628299894403,60
AABS,112,2005-12-09,REJECTED_TOO_SHORT,,52.0,61.0,0.17307692307692307,7
AABS,118,2005-12-19,EXPIRED_NO_BREAKOUT,,47.6,68.0,0.42857142857142855,60
AABS,133,2006-01-17,EXPIRED_NO_BREAKOUT,,47.35,61.0,0.2882787750791974,60
AABS,139,2006-01-27,EXPIRED_NO_BREAKOUT,,45.25,61.0,0.34806629834254144,60
AABS,144,2006-02-03,EXPIRED_NO_BREAKOUT,,47.35,54.95,0.16050686378035905,60
AABS,150,2006-02-22,EXPIRED_NO_BREAKOUT,,45.6,61.0,0.337719298245614,60
AABS,155,2006-03-08,EXPIRED_NO_BREAKOUT,,47.35,51.95,0.0971488912354805,60
AABS,159,2006-03-20,EXPIRED_NO_BREAKOUT,,47.35,52.5,0.10876451953537483,60
AABS,165,2006-03-29,EXPIRED_NO_BREAKOUT,,47.35,51.7,0.09186906019007395,60
AABS,167,2006-04-03,VALID,down,48.0,61.0,0.2708333333333333,37
AABS,172,2006-04-21,VALID,up,47.35,51.25,0.0823653643083421,47
AABS,175,2006-05-10,EXPIRED_NO_BREAKOUT,,47.175,61.0,0.293057763645999,60
AABS,179,2006-05-19,REJECTED_TOO_SHORT,,47.35,51.5,0.08764519535374865,19
AABS,187,2006-06-09,REJECTED_INSUFFICIENT_TOUCHES,,180.8,53.85,0.7021570796460177,7342
AABS,192,2006-06-26,EXPIRED_NO_BREAKOUT,,47.6,61.0,0.28151260504201675,60
AABS,197,2006-07-20,VALID,down,51.0,61.0,0.19607843137254902,127
AABS,201,2006-07-31,VALID,down,52.0,61.0,0.17307692307692307,116
AABS,203,2006-08-24,EXPIRED_NO_BREAKOUT,,47.6,60.95,0.2804621848739496,60
AABS,206,2006-11-24,VALID,up,48.0,61.0,0.2708333333333333,21
AABS,213,2006-12-18,EXPIRED_NO_BREAKOUT,,47.6,67.05,0.40861344537815114,60
AABS,214,2007-01-17,EXPIRED_NO_BREAKOUT,,46.0,61.0,0.32608695652173914,60
AABS,218,2007-01-23,VALID,up,47.6,58.25,0.22373949579831928,52
AABS,224,2007-03-14,EXPIRED_NO_BREAKOUT,,51.75,61.0,0.178743961352657,60
AABS,227,2007-04-05,VALID,up,52.0,60.25,0.15865384615384615,57
AABS,230,2007-05-18,REJECTED_TOO_SHORT,,52.0,61.0,0.17307692307692307,17
AABS,238,2007-06-04,VALID,up,52.0,62.95,0.21057692307692313,25
AABS,239,2007-06-06,REJECTED_TOO_SHORT,,56.45,61.0,0.0806023029229406,14
AABS,243,2007-06-19,REJECTED_TOO_SHORT,,52.0,63.85,0.2278846153846154,13
AABS,244,2007-06-20,REJECTED_TOO_SHORT,,55.1,61.0,0.1070780399274047,8
AABS,248,2007-06-29,EXPIRED_NO_BREAKOUT,,52.0,66.75,0.28365384615384615,60
AABS,253,2007-07-10,REJECTED_HEIGHT_FLOOR,,58.3,61.0,0.04631217838765014,0
AABS,257,2007-08-03,EXPIRED_NO_BREAKOUT,,52.0,64.35,0.23749999999999988,60
AABS,260,2007-08-13,REJECTED_TOO_SHORT,,56.1,61.0,0.08734402852049908,4
AABS,263,2007-08-20,EXPIRED_NO_BREAKOUT,,52.0,66.65,0.28173076923076934,60
AABS,269,2007-10-22,REJECTED_TOO_SHORT,,57.0,61.0,0.07017543859649122,0
AABS,274,2007-11-21,EXPIRED_NO_BREAKOUT,,52.0,66.375,0.2764423076923077,60
AABS,282,2007-12-17,REJECTED_TOO_SHORT,,55.2,61.0,0.10507246376811588,1
AABS,284,2007-12-24,EXPIRED_NO_BREAKOUT,,56.1,65.0,0.15864527629233507,60
AABS,288,2008-01-02,REJECTED_INSUFFICIENT_TOUCHES,,54.15,214.54500000000002,2.9620498614958453,6770
AABS,290,2008-01-04,VALID,up,52.0,59.6,0.1461538461538462,31
AABS,295,2008-01-21,REJECTED_TOO_SHORT,,52.0,61.0,0.17307692307692307,14
AABS,295,2008-01-21,REJECTED_TOO_SHORT,,56.45,61.0,0.0806023029229406,14
AABS,300,2008-02-04,EXPIRED_NO_BREAKOUT,,56.1,61.95,0.10427807486631019,60
AABS,303,2008-02-11,VALID,up,56.1,61.0,0.08734402852049908,58
AABS,305,2008-02-15,VALID,up,56.1,61.0,0.08734402852049908,54
AABS,308,2008-03-06,VALID,up,56.0,61.0,0.08928571428571429,34
AABS,312,2008-03-14,VALID,up,56.1,60.0,0.06951871657754008,26
AABS,322,2008-03-31,REJECTED_TOO_SHORT,,55.2,61.0,0.10507246376811588,9
AABS,334,2008-04-16,REJECTED_TOO_SHORT,,56.1,74.9,0.3351158645276293,7
AABS,336,2008-04-18,VALID,up,66.25,61.0,0.07924528301886792,439
AABS,344,2008-05-05,REJECTED_HEIGHT_FLOOR,,79.9,84.5,0.05757196495619517,1435
AABS,350,2008-06-03,EXPIRED_NO_BREAKOUT,,56.1,93.0,0.6577540106951871,60
AABS,352,2008-06-05,VALID,up,79.8,61.0,0.23558897243107765,301
AABS,355,2008-07-14,EXPIRED_NO_BREAKOUT,,56.1,96.05,0.712121212121212,60
AABS,371,2009-01-28,REJECTED_INSUFFICIENT_TOUCHES,,61.47,214.54500000000002,2.490239141044412,6378
AABS,382,2009-02-20,EXPIRED_NO_BREAKOUT,,56.1,96.0,0.7112299465240641,60
AABS,390,2009-04-02,REJECTED_TOO_SHORT,,79.8,61.0,0.23558897243107765,0
AABS,394,2009-04-21,REJECTED_INSUFFICIENT_TOUCHES,,180.8,88.95,0.5080199115044248,6295
AABS,403,2009-06-10,EXPIRED_NO_BREAKOUT,,56.1,80.5,0.4349376114081996,60
AABS,409,2009-07-01,REJECTED_TOO_SHORT,,67.0,61.0,0.08955223880597014,0
AABS,413,2009-07-15,EXPIRED_NO_BREAKOUT,,56.1,78.5,0.3992869875222816,60
AABS,417,2009-07-28,REJECTED_TOO_SHORT,,70.3,61.0,0.13229018492176384,0
AABS,425,2009-09-03,EXPIRED_NO_BREAKOUT,,56.1,79.3,0.41354723707664875,60
AABS,427,2009-09-14,REJECTED_TOO_SHORT,,71.16,61.0,0.14277684092186618,0
AABS,429,2009-09-16,EXPIRED_NO_BREAKOUT,,56.1,79.8,0.42245989304812825,60
AABS,435,2009-10-05,EXPIRED_NO_BREAKOUT,,56.1,82.5,0.4705882352941176,60
AABS,436,2009-10-06,VALID,up,75.0,61.0,0.18666666666666668,31
AABS,442,2009-10-20,REJECTED_TOO_SHORT,,72.0,61.0,0.1527777777777778,0
AABS,445,2009-10-29,VALID,up,56.1,82.0,0.4616755793226381,53
AABS,448,2009-11-06,REJECTED_TOO_SHORT,,75.05,61.0,0.18720852764823448,0
AABS,454,2009-11-20,VALID,up,56.1,82.0,0.4616755793226381,31
AABS,455,2009-11-25,REJECTED_TOO_SHORT,,74.55,61.0,0.181757209926224,0
AABS,465,2009-12-30,EXPIRED_NO_BREAKOUT,,56.1,98.25,0.7513368983957219,60
AABS,470,2010-01-11,VALID,up,91.2,61.0,0.331140350877193,24
AABS,473,2010-01-14,EXPIRED_NO_BREAKOUT,,56.1,96.0,0.7112299465240641,60
AABS,477,2010-02-04,REJECTED_TOO_SHORT,,90.0,61.0,0.32222222222222224,0
AABS,480,2010-02-11,EXPIRED_NO_BREAKOUT,,56.1,96.05,0.712121212121212,60
AABS,481,2010-02-17,REJECTED_TOO_SHORT,,90.0,61.0,0.32222222222222224,0
AABS,484,2010-03-05,REJECTED_TOO_SHORT,,90.0,61.0,0.32222222222222224,0
AABS,487,2010-03-11,EXPIRED_NO_BREAKOUT,,56.1,94.0,0.6755793226381461,60
AABS,491,2010-03-22,EXPIRED_NO_BREAKOUT,,83.51,94.5,0.1316010058675607,60
AABS,494,2010-04-06,EXPIRED_NO_BREAKOUT,,56.1,94.0,0.6755793226381461,60
AABS,497,2010-04-20,EXPIRED_NO_BREAKOUT,,56.1,94.0,0.6755793226381461,60
AABS,503,2010-05-12,REJECTED_TOO_SHORT,,79.32499999999999,61.0,0.23101166088874872,0
AABS,509,2010-06-02,EXPIRED_NO_BREAKOUT,,56.1,92.05,0.640819964349376,60
AABS,510,2010-06-15,REJECTED_TOO_SHORT,,80.275,61.0,0.2401121146060418,0
AABS,515,2010-06-24,REJECTED_TOO_SHORT,,79.9,61.0,0.23654568210262833,0
AABS,517,2010-07-09,EXPIRED_NO_BREAKOUT,,79.9,87.1,0.0901126408010011,60
AABS,523,2010-08-12,REJECTED_TOO_SHORT,,73.66,61.0,0.17187075753461847,0
AABS,526,2010-08-19,REJECTED_TOO_SHORT,,56.1,82.0,0.4616755793226381,8
AABS,531,2010-08-27,EXPIRED_NO_BREAKOUT,,76.95,94.5,0.22807017543859645,60
AABS,541,2010-09-17,REJECTED_TOO_SHORT,,56.1,95.0,0.6934046345811051,19
AABS,544,2010-10-04,EXPIRED_NO_BREAKOUT,,85.0,94.5,0.11176470588235295,60
AABS,546,2010-10-06,EXPIRED_NO_BREAKOUT,,56.1,98.1,0.748663101604278,60
AABS,549,2010-10-12,REJECTED_TOO_SHORT,,92.15,61.0,0.33803581117742815,0
AABS,559,2010-11-11,REJECTED_TOO_SHORT,,92.0,61.0,0.33695652173913043,0
AABS,562,2010-11-22,VALID,up,56.1,95.0,0.6934046345811051,49
AABS,563,2010-11-23,REJECTED_TOO_SHORT,,91.0,61.0,0.32967032967032966,0
AABS,564,2010-11-24,VALID,up,56.1,95.0,0.6934046345811051,47
AABS,566,2010-12-22,REJECTED_TOO_SHORT,,56.1,95.0,0.6934046345811051,19
AABS,572,2011-01-10,REJECTED_HEIGHT_FLOOR,,90.0,94.5,0.05,0
AABS,574,2011-01-13,REJECTED_TOO_SHORT,,56.1,98.375,0.7535650623885918,6
AABS,577,2011-01-18,REJECTED_HEIGHT_FLOOR,,97.0,94.5,0.02577319587628866,920
AABS,581,2011-02-01,EXPIRED_NO_BREAKOUT,,56.1,102.89,0.8340463458110516,60
AABS,584,2011-02-11,EXPIRED_NO_BREAKOUT,,88.41,94.5,0.06888361045130645,60
AABS,588,2011-02-21,EXPIRED_NO_BREAKOUT,,56.1,101.9,0.8163992869875223,60
AABS,601,2011-06-14,REJECTED_TOO_SHORT,,88.35,94.5,0.06960950764006799,2
AABS,604,2011-06-29,EXPIRED_NO_BREAKOUT,,56.1,103.49,0.844741532976827,60
AABS,606,2011-07-05,REJECTED_HEIGHT_FLOOR,,90.125,94.5,0.04854368932038835,0
AABS,612,2011-07-22,VALID,down,84.65,94.5,0.11636148848198456,48
AABS,614,2011-08-01,VALID,up,56.1,94.5,0.6844919786096256,57
AABS,616,2011-08-05,EXPIRED_NO_BREAKOUT,,86.45,94.5,0.09311740890688255,60
AABS,618,2011-08-30,VALID,up,56.1,92.4,0.6470588235294118,24
AABS,621,2011-09-08,REJECTED_TOO_SHORT,,80.33,94.5,0.17639736088634386,19
AABS,626,2011-09-27,EXPIRED_NO_BREAKOUT,,56.1,99.9,0.7807486631016043,60
AABS,633,2011-11-28,EXPIRED_NO_BREAKOUT,,86.45,94.5,0.09311740890688255,60
AABS,634,2011-11-30,EXPIRED_NO_BREAKOUT,,56.1,95.5,0.7023172905525846,60
AABS,638,2011-12-30,VALID,down,83.14,94.5,0.13663699783497715,42
AABS,646,2012-01-20,EXPIRED_NO_BREAKOUT,,79.9,91.0,0.13892365456821018,60
AABS,647,2012-01-23,VALID,down,80.5,94.5,0.17391304347826086,22
AABS,649,2012-02-03,EXPIRED_NO_BREAKOUT,,79.9,91.0,0.13892365456821018,60
AABS,657,2012-02-21,EXPIRED_NO_BREAKOUT,,76.0,94.5,0.24342105263157895,60
AABS,669,2012-03-16,EXPIRED_NO_BREAKOUT,,80.0,87.09,0.08862500000000004,60
AABS,669,2012-03-16,EXPIRED_NO_BREAKOUT,,79.225,94.5,0.192805301356895,60
AABS,674,2012-03-26,EXPIRED_NO_BREAKOUT,,80.0,86.945,0.08681249999999992,60
AABS,680,2012-04-09,REJECTED_HEIGHT_FLOOR,,79.9,84.55,0.05819774718397987,0
AABS,683,2012-04-17,EXPIRED_NO_BREAKOUT,,79.9,94.5,0.18272841051314134,60
AABS,690,2012-05-09,EXPIRED_NO_BREAKOUT,,80.0,94.5,0.18125,60
AABS,693,2012-05-14,EXPIRED_NO_BREAKOUT,,80.0,94.5,0.18125,60
AABS,697,2012-05-18,EXPIRED_NO_BREAKOUT,,80.0,91.35,0.14187499999999992,60
AABS,697,2012-05-18,EXPIRED_NO_BREAKOUT,,83.14,94.5,0.13663699783497715,60
AABS,703,2012-06-01,VALID,up,80.0,90.65,0.13312500000000008,48
AABS,708,2012-06-15,VALID,up,83.32,94.5,0.13418146903504571,35
AABS,718,2012-07-13,REJECTED_TOO_SHORT,,83.755,94.5,0.1282908483075638,7
AABS,727,2012-08-29,EXPIRED_NO_BREAKOUT,,80.0,101.0,0.2625,60
AABS,732,2012-09-24,VALID,up,87.4,94.5,0.08123569794050337,30
AABS,737,2012-10-24,REJECTED_TOO_SHORT,,80.0,98.6,0.23249999999999993,13
AABS,739,2012-11-01,REJECTED_HEIGHT_FLOOR,,92.575,94.5,0.020793950850661595,0
AABS,741,2012-11-06,VALID,up,80.0,101.79,0.2723750000000001,31
AABS,744,2012-11-16,REJECTED_HEIGHT_FLOOR,,95.0,94.5,0.005263157894736842,185
AABS,749,2012-12-07,VALID,up,80.0,103.72,0.2965,41
AABS,756,2013-01-17,REJECTED_INSUFFICIENT_TOUCHES,,180.8,108.0,0.4026548672566372,4928
AABS,763,2013-05-20,REJECTED_HEIGHT_FLOOR,,95.0,94.5,0.005263157894736842,0
AABS,766,2013-06-03,EXPIRED_NO_BREAKOUT,,80.0,114.0,0.425,60
AABS,776,2013-07-26,REJECTED_HEIGHT_FLOOR,,96.0,94.5,0.015625,0
AABS,777,2013-07-29,EXPIRED_NO_BREAKOUT,,80.0,105.26,0.3157500000000001,60
AABS,781,2013-09-24,REJECTED_HEIGHT_FLOOR,,93.25,94.5,0.013404825737265416,0
AABS,785,2013-10-04,EXPIRED_NO_BREAKOUT,,80.0,114.0,0.425,60
AABS,802,2013-11-27,REJECTED_HEIGHT_FLOOR,,90.25,94.5,0.04709141274238227,0
AABS,804,2013-11-29,REJECTED_HEIGHT_FLOOR,,90.25,94.5,0.04709141274238227,0
AABS,809,2013-12-18,EXPIRED_NO_BREAKOUT,,80.0,102.0,0.275,60
AABS,819,2014-01-06,EXPIRED_NO_BREAKOUT,,80.0,98.5,0.23125,60
AABS,820,2014-01-07,REJECTED_HEIGHT_FLOOR,,94.5,94.5,0.0,0
AABS,827,2014-01-17,EXPIRED_NO_BREAKOUT,,80.0,98.505,0.23131249999999995,60
AABS,835,2014-01-30,REJECTED_HEIGHT_FLOOR,,91.76,94.5,0.02986050566695722,0
AABS,842,2014-02-18,VALID,up,80.0,98.5,0.23125,55
AABS,848,2014-02-27,VALID,up,80.0,101.79,0.2723750000000001,47
AABS,856,2014-03-24,VALID,up,80.0,98.7,0.23375000000000004,21
AABS,856,2014-03-24,REJECTED_HEIGHT_FLOOR,,90.625,94.5,0.04275862068965517,0
AABS,867,2014-04-17,EXPIRED_NO_BREAKOUT,,80.0,116.65,0.45812500000000006,60
AABS,869,2014-04-21,VALID,up,105.0,94.5,0.1,42
AABS,873,2014-04-25,VALID,up,80.0,113.435,0.4179375,27
AABS,878,2014-05-13,REJECTED_INSUFFICIENT_TOUCHES,,103.0,214.54500000000002,1.0829611650485438,4447
AABS,885,2014-05-23,REJECTED_INSUFFICIENT_TOUCHES,,180.8,125.0,0.30862831858407086,4437
AABS,891,2014-06-02,REJECTED_TOO_SHORT,,105.87,94.5,0.10739586285066595,0
AABS,895,2014-06-06,REJECTED_INSUFFICIENT_TOUCHES,,109.0,214.54500000000002,0.9683027522935781,4423
AABS,900,2014-06-23,REJECTED_INSUFFICIENT_TOUCHES,,180.8,118.5,0.34457964601769914,4406
AABS,904,2014-06-30,REJECTED_INSUFFICIENT_TOUCHES,,99.66,214.54500000000002,1.1527694160144493,4399
AABS,909,2014-07-15,REJECTED_INSUFFICIENT_TOUCHES,,180.8,122.95,0.31996681415929207,4384
AABS,915,2014-07-23,REJECTED_TOO_SHORT,,105.41,94.5,0.10350061663978746,0
AABS,917,2014-07-28,VALID,up,80.0,115.05,0.438125,49
AABS,921,2014-08-08,REJECTED_HEIGHT_FLOOR,,95.13,94.5,0.006622516556291343,0
AABS,936,2014-10-14,EXPIRED_NO_BREAKOUT,,80.0,137.54,0.71925,60
AABS,937,2014-11-06,REJECTED_INSUFFICIENT_TOUCHES,,123.5,214.54500000000002,0.7372064777327937,4270
AABS,943,2014-12-22,VALID,up,130.0,94.5,0.27307692307692305,1051
AABS,953,2015-01-14,EXPIRED_NO_BREAKOUT,,80.0,217.65,1.720625,60
AABS,962,2015-01-28,VALID,up,171.48,94.5,0.4489153254023793,1127
AABS,967,2015-02-04,EXPIRED_NO_BREAKOUT,,80.0,195.5,1.44375,60
AABS,974,2015-02-18,VALID,up,168.0,94.5,0.4375,1114
AABS,986,2015-04-03,VALID,up,162.05,94.5,0.41684665226781864,56
AABS,988,2015-04-14,EXPIRED_NO_BREAKOUT,,80.0,177.0,1.2125,60
AABS,993,2015-05-29,REJECTED_TOO_SHORT,,160.5,94.5,0.411214953271028,0
AABS,1006,2015-08-03,EXPIRED_NO_BREAKOUT,,80.0,213.95,1.674375,60
AABS,1019,2015-08-28,REJECTED_TOO_SHORT,,160.5,94.5,0.411214953271028,0
AABS,1021,2015-09-01,EXPIRED_NO_BREAKOUT,,80.0,175.0,1.1875,60
AABS,1025,2015-09-11,VALID,up,153.9,94.5,0.3859649122807018,46
AABS,1030,2015-10-27,REJECTED_TOO_SHORT,,154.0,94.5,0.38636363636363635,0
AABS,1037,2015-11-17,VALID,up,80.0,193.1,1.4137499999999998,43
AABS,1046,2015-12-02,REJECTED_INSUFFICIENT_TOUCHES,,158.1,214.54500000000002,0.3570208728652753,3879
AABS,1056,2015-12-31,EXPIRED_NO_BREAKOUT,,80.0,214.37,1.6796250000000001,60
AABS,1061,2016-01-08,EXPIRED_NO_BREAKOUT,,80.0,206.0,1.575,60
AABS,1064,2016-01-18,VALID,up,184.3,94.5,0.4872490504612046,897
AABS,1068,2016-01-29,EXPIRED_NO_BREAKOUT,,80.0,214.9,1.68625,60
AABS,1077,2016-02-23,VALID,up,80.0,205.8,1.5725000000000002,36
AABS,1080,2016-03-02,VALID,up,176.7,94.5,0.465195246179966,874
AABS,1086,2016-03-24,VALID,up,200.0,94.5,0.5275,25
AABS,1088,2016-03-31,EXPIRED_NO_BREAKOUT,,80.0,214.18,1.6772500000000001,60
AABS,1091,2016-04-18,REJECTED_TOO_SHORT,,202.0,94.5,0.5321782178217822,0
AABS,1095,2016-05-23,VALID,up,80.0,214.9,1.68625,25
AABS,1098,2016-06-02,REJECTED_TOO_SHORT,,200.0,94.5,0.5275,0
AABS,1110,2016-07-12,EXPIRED_NO_BREAKOUT,,80.0,279.99,2.4998750000000003,60
AABS,1114,2016-07-27,VALID,up,250.0,94.5,0.622,33
AABS,1120,2016-08-09,REJECTED_INSUFFICIENT_TOUCHES,,180.8,270.9,0.49834070796460156,3628
AABS,1121,2016-08-29,REJECTED_TOO_SHORT,,247.86,94.5,0.6187363834422658,0
AABS,1125,2016-10-05,REJECTED_INSUFFICIENT_TOUCHES,,256.0,214.54500000000002,0.16193359374999994,3571
AABS,1129,2016-10-19,EXPIRED_NO_BREAKOUT,,80.0,313.0,2.9125,60
AABS,1133,2016-11-03,VALID,up,80.0,308.99,2.862375,56
AABS,1134,2016-11-04,VALID,up,265.6,94.5,0.6442018072289157,66
AABS,1138,2016-11-11,VALID,up,80.0,315.0,2.9375,49
AABS,1142,2016-11-17,VALID,up,270.85,94.5,0.651098393944988,27
AABS,1146,2016-11-30,EXPIRED_NO_BREAKOUT,,80.0,290.0,2.625,60
AABS,1148,2016-12-14,REJECTED_TOO_SHORT,,270.0,94.5,0.65,0
AABS,1155,2017-01-02,REJECTED_INSUFFICIENT_TOUCHES,,180.8,338.88,0.8743362831858406,3482
AABS,1160,2017-01-09,REJECTED_TOO_SHORT,,262.0,94.5,0.6393129770992366,0
AABS,1162,2017-01-12,REJECTED_TOO_SHORT,,80.0,277.0,2.4625,14
AABS,1167,2017-01-26,EXPIRED_NO_BREAKOUT,,80.0,292.0,2.65,60
AABS,1176,2017-02-20,EXPIRED_NO_BREAKOUT,,80.0,275.0,2.4375,60
AABS,1192,2017-05-08,REJECTED_HEIGHT_FLOOR,,228.0,214.54500000000002,0.059013157894736774,939
AABS,1197,2017-05-17,EXPIRED_NO_BREAKOUT,,180.8,250.0,0.38274336283185834,60
AABS,1218,2017-09-22,VALID,up,164.66,94.5,0.4260901251062796,143
AABS,1232,2017-11-07,REJECTED_TOO_SHORT,,128.25,94.5,0.2631578947368421,0
AABS,1237,2017-11-14,EXPIRED_NO_BREAKOUT,,80.0,158.99,0.9873750000000001,60
AABS,1238,2017-11-15,REJECTED_INSUFFICIENT_TOUCHES,,137.12,214.54500000000002,0.5646514002333723,3165
AABS,1244,2017-11-27,EXPIRED_NO_BREAKOUT,,80.0,160.0,1.0,60
AABS,1254,2017-12-14,REJECTED_TOO_SHORT,,127.0,94.5,0.2559055118110236,0
AABS,1256,2017-12-22,REJECTED_TOO_SHORT,,80.0,139.54,0.7442499999999999,13
AABS,1261,2018-01-02,REJECTED_INSUFFICIENT_TOUCHES,,120.5,214.54500000000002,0.7804564315352699,3117
AABS,1264,2018-01-05,REJECTED_INSUFFICIENT_TOUCHES,,180.8,153.83,0.14917035398230086,3114
AABS,1269,2018-01-12,REJECTED_TOO_SHORT,,126.01,94.5,0.2500595190857869,0
AABS,1277,2018-01-24,REJECTED_INSUFFICIENT_TOUCHES,,180.8,162.75,0.09983407079646023,3095
AABS,1282,2018-01-31,REJECTED_INSUFFICIENT_TOUCHES,,146.01,214.54500000000002,0.4693856585165402,3088
AABS,1286,2018-02-07,REJECTED_INSUFFICIENT_TOUCHES,,180.8,181.98,0.006526548672566252,3081
AABS,1289,2018-02-12,REJECTED_TOO_SHORT,,164.0,94.5,0.42378048780487804,0
AABS,1294,2018-02-19,EXPIRED_NO_BREAKOUT,,80.0,197.35,1.466875,60
AABS,1298,2018-02-28,REJECTED_TOO_SHORT,,170.57,94.5,0.4459752594242833,0
AABS,1301,2018-03-05,EXPIRED_NO_BREAKOUT,,80.0,199.78,1.49725,60
AABS,1304,2018-03-08,REJECTED_TOO_SHORT,,170.01,94.5,0.444150344097406,0
AABS,1310,2018-03-20,VALID,up,80.0,195.745,1.4468125,56
AABS,1315,2018-03-28,REJECTED_TOO_SHORT,,162.0,94.5,0.4166666666666667,0
AABS,1317,2018-04-02,REJECTED_TOO_SHORT,,80.0,193.99,1.4248750000000001,10
AABS,1319,2018-04-04,REJECTED_TOO_SHORT,,166.5,94.5,0.43243243243243246,0
AABS,1325,2018-04-23,EXPIRED_NO_BREAKOUT,,80.0,206.435,1.5804375,60
AABS,1328,2018-04-26,REJECTED_TOO_SHORT,,180.0,94.5,0.475,13
AABS,1333,2018-05-08,REJECTED_TOO_SHORT,,80.0,201.0,1.5125,15
AABS,1334,2018-05-09,REJECTED_TOO_SHORT,,180.5,94.5,0.47645429362880887,0
AABS,1345,2018-05-25,EXPIRED_NO_BREAKOUT,,80.0,214.945,1.6868124999999998,60
AABS,1349,2018-05-31,REJECTED_TOO_SHORT,,180.5,94.5,0.47645429362880887,0
AABS,1353,2018-06-06,EXPIRED_NO_BREAKOUT,,80.0,199.39,1.4923749999999998,60
AABS,1361,2018-06-22,REJECTED_TOO_SHORT,,169.0,94.5,0.4408284023668639,0
AABS,1368,2018-07-03,REJECTED_TOO_SHORT,,185.0,94.5,0.4891891891891892,0
AABS,1370,2018-07-12,VALID,up,80.0,201.0,1.5125,46
AABS,1377,2018-07-24,REJECTED_TOO_SHORT,,175.0,94.5,0.46,0
AABS,1382,2018-08-01,VALID,up,80.0,200.98,1.5122499999999999,26
AABS,1383,2018-08-02,REJECTED_TOO_SHORT,,185.075,94.5,0.4893961907334864,0
AABS,1387,2018-08-09,EXPIRED_NO_BREAKOUT,,80.0,214.37,1.6796250000000001,60
AABS,1391,2018-08-20,REJECTED_TOO_SHORT,,184.3,94.5,0.4872490504612046,0
AABS,1394,2018-08-29,EXPIRED_NO_BREAKOUT,,80.0,214.99,1.687375,60
AABS,1396,2018-08-31,REJECTED_TOO_SHORT,,179.175,94.5,0.47258267057346176,0
AABS,1400,2018-09-10,VALID,up,80.0,206.87,1.5858750000000001,22
AABS,1402,2018-09-14,REJECTED_TOO_SHORT,,180.5,94.5,0.47645429362880887,0
AABS,1407,2018-10-02,EXPIRED_NO_BREAKOUT,,80.0,214.995,1.6874375000000001,60
AABS,1411,2018-10-10,REJECTED_TOO_SHORT,,190.0,94.5,0.5026315789473684,8
AABS,1413,2018-10-18,REJECTED_TOO_SHORT,,190.0,94.5,0.5026315789473684,0
AABS,1415,2018-10-24,VALID,up,80.0,214.995,1.6874375000000001,57
AABS,1423,2018-11-14,REJECTED_TOO_SHORT,,185.005,94.5,0.4892029945136618,0
AABS,1426,2018-11-26,VALID,up,80.0,214.9,1.68625,24
AABS,1433,2018-12-10,EXPIRED_NO_BREAKOUT,,194.0,214.54500000000002,0.10590206185567018,60
AABS,1441,2018-12-20,REJECTED_TOO_SHORT,,201.5,94.5,0.5310173697270472,0
AABS,1447,2018-12-31,EXPIRED_NO_BREAKOUT,,80.0,286.44,2.5805,60
AABS,1451,2019-01-04,REJECTED_TOO_SHORT,,247.43,94.5,0.6180737986501232,0
AABS,1455,2019-01-10,REJECTED_TOO_SHORT,,247.05,94.5,0.6174863387978142,0
AABS,1459,2019-01-16,EXPIRED_NO_BREAKOUT,,80.0,275.0,2.4375,60
AABS,1467,2019-01-28,EXPIRED_NO_BREAKOUT,,80.0,213.95,1.674375,60
AABS,1471,2019-02-01,REJECTED_TOO_SHORT,,181.735,214.54500000000002,0.18053759595014718,13
AABS,1473,2019-02-06,EXPIRED_NO_BREAKOUT,,80.0,195.89,1.4486249999999998,60
AABS,1478,2019-02-13,REJECTED_INSUFFICIENT_TOUCHES,,180.8,186.5,0.03152654867256631,2710
AABS,1483,2019-02-20,EXPIRED_NO_BREAKOUT,,170.05,214.54500000000002,0.26165833578359304,60
AABS,1485,2019-02-22,VALID,up,80.0,198.9,1.48625,59
AABS,1489,2019-02-28,EXPIRED_NO_BREAKOUT,,174.0,214.54500000000002,0.23301724137931043,60
AABS,1493,2019-03-06,VALID,up,80.0,197.64999999999998,1.4706249999999996,44
AABS,1493,2019-03-06,EXPIRED_NO_BREAKOUT,,181.185,214.54500000000002,0.18412120208626548,60
AABS,1502,2019-03-19,REJECTED_TOO_SHORT,,80.0,192.625,1.4078125,10
AABS,1503,2019-03-20,EXPIRED_NO_BREAKOUT,,174.1,214.54500000000002,0.23230901780585883,60
AABS,1510,2019-03-29,VALID,up,80.0,195.9,1.44875,21
AABS,1510,2019-03-29,EXPIRED_NO_BREAKOUT,,182.56,214.54500000000002,0.17520267309377746,60
AABS,1514,2019-04-04,EXPIRED_NO_BREAKOUT,,182.57999999999998,214.54500000000002,0.17507394019060157,60
AABS,1523,2019-04-17,EXPIRED_NO_BREAKOUT,,80.0,204.995,1.5624375000000001,60
AABS,1530,2019-04-26,EXPIRED_NO_BREAKOUT,,182.38,214.54500000000002,0.17636253975216593,60
AABS,1532,2019-04-30,EXPIRED_NO_BREAKOUT,,181.1,202.9,0.12037548315847604,60
AABS,1537,2019-05-09,EXPIRED_NO_BREAKOUT,,181.2,214.54500000000002,0.1840231788079472,60
AABS,1543,2019-05-22,EXPIRED_NO_BREAKOUT,,181.1,205.0,0.13197128658199894,60
AABS,1546,2019-05-27,EXPIRED_NO_BREAKOUT,,181.5,214.54500000000002,0.18206611570247944,60
AABS,1551,2019-06-12,VALID,up,181.1,193.735,0.06976808393152965,51
AABS,1555,2019-06-18,EXPIRED_NO_BREAKOUT,,180.8,214.54500000000002,0.18664269911504427,60
AABS,1558,2019-06-21,VALID,up,181.1,196.195,0.08335173937051353,42
AABS,1563,2019-07-01,EXPIRED_NO_BREAKOUT,,180.8,214.54500000000002,0.18664269911504427,60
AABS,1568,2019-07-10,VALID,up,181.1,192.625,0.06363887355052461,23
AABS,1571,2019-07-16,EXPIRED_NO_BREAKOUT,,171.61,214.54500000000002,0.2501893829030942,60
AABS,1581,2019-08-02,VALID,up,180.8,200.0,0.10619469026548665,49
AABS,1588,2019-08-20,EXPIRED_NO_BREAKOUT,,171.61,214.54500000000002,0.2501893829030942,60
AABS,1593,2019-08-28,VALID,up,180.8,192.15,0.06277654867256634,21
AABS,1598,2019-09-13,VALID,up,180.5,214.54500000000002,0.18861495844875356,53
AABS,1604,2019-09-23,VALID,up,180.8,208.60000000000002,0.1537610619469027,42
AABS,1607,2019-09-26,VALID,up,198.0,214.54500000000002,0.08356060606060614,40
AABS,1617,2019-10-16,REJECTED_TOO_SHORT,,180.8,203.0,0.12278761061946895,12
AABS,1618,2019-10-17,REJECTED_TOO_SHORT,,196.5,214.54500000000002,0.09183206106870237,19
AABS,1623,2019-10-28,REJECTED_TOO_SHORT,,194.75,214.54500000000002,0.10164313222079598,8
AABS,1632,2019-11-08,VALID,up,180.8,237.3,0.3125,34
AABS,1640,2019-11-20,REJECTED_INSUFFICIENT_TOUCHES,,221.0,214.54500000000002,0.02920814479638002,2430
AABS,1643,2019-11-25,VALID,up,180.8,248.95,0.37693584070796443,36
AABS,1648,2019-12-03,REJECTED_HEIGHT_FLOOR,,228.0,214.54500000000002,0.059013157894736774,0
AABS,1651,2019-12-06,REJECTED_TOO_SHORT,,180.8,239.8,0.32632743362831856,7
AABS,1658,2019-12-17,REJECTED_TOO_SHORT,,180.8,249.0,0.37721238938053087,14
AABS,1663,2019-12-24,REJECTED_INSUFFICIENT_TOUCHES,,234.04,214.54500000000002,0.08329772688429318,2396
AABS,1672,2024-01-05,REJECTED_INSUFFICIENT_TOUCHES,,180.8,500.0,1.7654867256637166,923
AABS,1673,2024-01-08,REJECTED_TOO_SHORT,,476.01,214.54500000000002,0.5492846788933006,9
AABS,1680,2024-01-17,REJECTED_TOO_SHORT,,470.01,214.54500000000002,0.543530988702368,0
AABS,1693,2024-02-06,EXPIRED_NO_BREAKOUT,,180.8,520.0,1.8761061946902653,60
AABS,1695,2024-02-19,VALID,up,501.0,214.54500000000002,0.5717664670658682,108
AABS,1699,2024-02-29,VALID,up,510.0,214.54500000000002,0.5793235294117647,27
AABS,1710,2024-03-27,REJECTED_TOO_SHORT,,510.0,214.54500000000002,0.5793235294117647,0
AABS,1714,2024-04-04,REJECTED_INSUFFICIENT_TOUCHES,,180.8,585.0,2.2356194690265485,833
AABS,1715,2024-04-08,REJECTED_INSUFFICIENT_TOUCHES,,530.0,214.54500000000002,0.5951981132075471,829
AABS,1722,2024-04-25,REJECTED_TOO_SHORT,,555.02,214.54500000000002,0.6134463622932507,14
AABS,1728,2024-05-06,EXPIRED_NO_BREAKOUT,,180.8,670.5,2.708517699115044,60
AABS,1731,2024-05-09,REJECTED_TOO_SHORT,,557.01,214.54500000000002,0.6148273819141488,0
AABS,1745,2024-05-30,REJECTED_TOO_SHORT,,512.6,214.54500000000002,0.5814572766289504,0
AABS,1750,2024-06-06,REJECTED_TOO_SHORT,,502.01,214.54500000000002,0.5726280352981016,0
AABS,1754,2024-06-12,EXPIRED_NO_BREAKOUT,,180.8,546.0,2.0199115044247784,60
AABS,1757,2024-06-20,REJECTED_TOO_SHORT,,475.04,214.54500000000002,0.5483643482654093,0
AABS,1766,2024-07-03,REJECTED_TOO_SHORT,,461.47,214.54500000000002,0.5350835373913797,12
AABS,1768,2024-07-05,REJECTED_TOO_SHORT,,180.8,540.0,1.986725663716814,19
AABS,1773,2024-07-12,REJECTED_TOO_SHORT,,180.8,525.0,1.9037610619469025,11
AABS,1774,2024-07-15,REJECTED_TOO_SHORT,,463.02,214.54500000000002,0.536639885966049,0
AABS,1779,2024-07-24,REJECTED_INSUFFICIENT_TOUCHES,,180.8,560.0,2.0973451327433628,722
AABS,1786,2024-08-02,REJECTED_TOO_SHORT,,460.735,214.54500000000002,0.5343418667997872,0
AABS,1796,2024-08-19,REJECTED_INSUFFICIENT_TOUCHES,,492.08,214.54500000000002,0.564003820516989,696
AABS,1802,2024-08-27,REJECTED_INSUFFICIENT_TOUCHES,,180.8,638.0,2.5287610619469025,688
AABS,1810,2024-09-06,REJECTED_TOO_SHORT,,542.0,214.54500000000002,0.604160516605166,19
AABS,1814,2024-09-12,EXPIRED_NO_BREAKOUT,,180.8,605.0,2.346238938053097,60
AABS,1819,2024-09-20,REJECTED_INSUFFICIENT_TOUCHES,,180.8,649.63,2.5930862831858406,664
AABS,1822,2024-09-25,REJECTED_TOO_SHORT,,541.0,214.54500000000002,0.6034288354898336,0
AABS,1832,2024-10-09,VALID,up,180.8,617.0,2.412610619469026,54
AABS,1839,2024-10-18,REJECTED_TOO_SHORT,,555.015,214.54500000000002,0.6134428799221642,0
AABS,1840,2024-10-21,VALID,up,180.8,605.0,2.346238938053097,31
AABS,1844,2024-10-25,VALID,up,180.8,616.0,2.407079646017699,38
AABS,1848,2024-10-31,VALID,up,180.8,617.485,2.41529314159292,32
AABS,1849,2024-11-01,REJECTED_TOO_SHORT,,552.505,214.54500000000002,0.6116867720654111,0
AABS,1855,2024-11-11,REJECTED_INSUFFICIENT_TOUCHES,,591.0,214.54500000000002,0.636979695431472,612
AABS,1861,2024-11-19,REJECTED_TOO_SHORT,,180.8,668.0,2.6946902654867255,17
AABS,1862,2024-11-20,REJECTED_TOO_SHORT,,553.005,214.54500000000002,0.612037865842081,0
AABS,1869,2024-11-29,REJECTED_INSUFFICIENT_TOUCHES,,180.8,681.89,2.7715154867256633,594
AABS,1871,2024-12-03,REJECTED_INSUFFICIENT_TOUCHES,,601.0,214.54500000000002,0.6430199667221298,590
AABS,1879,2024-12-13,REJECTED_INSUFFICIENT_TOUCHES,,180.8,860.0,3.756637168141593,580
AABS,1886,2024-12-24,VALID,up,684.2,214.54500000000002,0.6864294066062555,72
AABS,1889,2024-12-30,EXPIRED_NO_BREAKOUT,,180.8,799.0,3.4192477876106193,60
AABS,1894,2025-01-06,EXPIRED_NO_BREAKOUT,,180.8,799.0,3.4192477876106193,60
AABS,1895,2025-01-07,VALID,up,660.0,214.54500000000002,0.6749318181818181,23
AABS,1900,2025-01-14,EXPIRED_NO_BREAKOUT,,180.8,799.0,3.4192477876106193,60
AABS,1900,2025-01-14,REJECTED_TOO_SHORT,,650.0,214.54500000000002,0.6699307692307692,16
AABS,1908,2025-01-24,EXPIRED_NO_BREAKOUT,,180.8,799.0,3.4192477876106193,60
AABS,1912,2025-01-30,REJECTED_TOO_SHORT,,652.0,214.54500000000002,0.6709432515337423,0
AABS,1917,2025-02-07,REJECTED_INSUFFICIENT_TOUCHES,,634.88,214.54500000000002,0.6620699974798386,524
AABS,1922,2025-02-14,VALID,up,180.8,720.0,2.982300884955752,55
AABS,1923,2025-02-17,REJECTED_TOO_SHORT,,656.12,214.54500000000002,0.6730095104554045,0
AABS,1926,2025-02-20,VALID,up,180.8,720.0,2.982300884955752,49
AABS,1931,2025-02-27,VALID,up,180.8,720.0,2.982300884955752,42
AABS,1936,2025-03-06,REJECTED_TOO_SHORT,,682.24,214.54500000000002,0.6855285530018762,0
AABS,1941,2025-03-13,REJECTED_TOO_SHORT,,685.385,214.54500000000002,0.6869715561326846,0
AABS,1943,2025-03-17,VALID,up,180.8,720.0,2.982300884955752,24
AABS,1956,2025-04-09,VALID,up,180.8,749.99,3.148174778761062,28
AABS,1956,2025-04-09,REJECTED_TOO_SHORT,,682.24,214.54500000000002,0.6855285530018762,0
AABS,1963,2025-04-18,REJECTED_TOO_SHORT,,180.8,749.995,3.148202433628318,19
AABS,1967,2025-04-24,REJECTED_TOO_SHORT,,180.8,745.485,3.1232577433628315,11
AABS,1969,2025-04-28,REJECTED_TOO_SHORT,,695.0,214.54500000000002,0.6913021582733813,0
AABS,1974,2025-05-06,REJECTED_INSUFFICIENT_TOUCHES,,180.8,833.0,3.607300884955752,436
AABS,1977,2025-05-09,REJECTED_TOO_SHORT,,696.0,214.54500000000002,0.6917456896551724,0
AABS,1982,2025-05-16,REJECTED_INSUFFICIENT_TOUCHES,,721.0,214.54500000000002,0.7024341192787794,426
AABS,1992,2025-06-02,VALID,up,180.8,930.0,4.143805309734513,58
AABS,1999,2025-06-13,VALID,up,180.8,925.0,4.116150442477876,47
AABS,2006,2025-06-24,VALID,up,752.01,214.54500000000002,0.7147045916942593,259
AABS,2019,2025-07-11,EXPIRED_NO_BREAKOUT,,180.8,898.99,3.9722898230088495,60
AABS,2038,2025-08-08,EXPIRED_NO_BREAKOUT,,180.8,1150.0,5.360619469026549,60
AABS,2049,2025-08-26,REJECTED_TOO_SHORT,,1060.0,214.54500000000002,0.7975990566037735,10
AABS,2051,2025-08-28,EXPIRED_NO_BREAKOUT,,180.8,1148.0,5.349557522123893,60
AABS,2057,2025-09-05,REJECTED_TOO_SHORT,,1045.5,214.54500000000002,0.7947919655667144,0
AABS,2061,2025-09-11,REJECTED_TOO_SHORT,,1025.0,214.54500000000002,0.7906878048780487,6
AABS,2063,2025-09-15,EXPIRED_NO_BREAKOUT,,180.8,1059.8,4.861725663716814,60
AABS,2065,2025-09-17,REJECTED_TOO_SHORT,,1011.11,214.54500000000002,0.7878124041894552,0
AABS,2070,2025-09-25,EXPIRED_NO_BREAKOUT,,180.8,1059.0,4.857300884955752,60
AABS,2074,2025-10-01,VALID,up,936.42,214.54500000000002,0.7708880630486321,121
AABS,2081,2025-10-10,EXPIRED_NO_BREAKOUT,,180.8,1059.8,4.861725663716814,60
AABS,2085,2025-10-16,EXPIRED_NO_BREAKOUT,,180.8,1100.0,5.084070796460177,60
AABS,2085,2025-10-16,VALID,up,952.0,214.54500000000002,0.7746376050420167,48
AABS,2090,2025-10-23,EXPIRED_NO_BREAKOUT,,180.8,1059.0,4.857300884955752,60
AABS,2091,2025-10-24,REJECTED_TOO_SHORT,,1010.5550000000001,214.54500000000002,0.7876958700911875,0
AABS,2102,2025-11-10,EXPIRED_NO_BREAKOUT,,180.8,1088.0,5.017699115044247,60
AABS,2107,2025-11-17,REJECTED_TOO_SHORT,,1005.0,214.54500000000002,0.7865223880597014,0
AABS,2117,2025-12-01,EXPIRED_NO_BREAKOUT,,180.8,1078.98,4.967809734513274,60
AABS,2119,2025-12-03,REJECTED_TOO_SHORT,,955.0,214.54500000000002,0.7753455497382198,0
AABS,2126,2025-12-12,REJECTED_TOO_SHORT,,993.0,214.54500000000002,0.7839425981873112,0
AABS,2127,2025-12-15,REJECTED_INSUFFICIENT_TOUCHES,,180.8,1122.0,5.20575221238938,213
AABS,2135,2025-12-26,EXPIRED_NO_BREAKOUT,,180.8,1100.0,5.084070796460177,60
AABS,2135,2025-12-26,REJECTED_TOO_SHORT,,1000.0,214.54500000000002,0.7854549999999999,0
AABS,2140,2026-01-02,EXPIRED_NO_BREAKOUT,,180.8,1059.8,4.861725663716814,60
AABS,2143,2026-01-07,REJECTED_TOO_SHORT,,993.0,214.54500000000002,0.7839425981873112,0
AABS,2145,2026-01-09,EXPIRED_NO_BREAKOUT,,180.8,1059.8,4.861725663716814,60
AABS,2147,2026-01-13,REJECTED_TOO_SHORT,,1000.0,214.54500000000002,0.7854549999999999,0
AABS,2149,2026-01-15,EXPIRED_NO_BREAKOUT,,180.8,1059.0,4.857300884955752,60
AABS,2153,2026-01-21,REJECTED_TOO_SHORT,,1010.0,214.54500000000002,0.7875792079207921,0
AABS,2155,2026-01-23,EXPIRED_NO_BREAKOUT,,180.8,1059.0,4.857300884955752,60
AABS,2160,2026-01-30,REJECTED_TOO_SHORT,,950.02,214.54500000000002,0.7741679122544788,0
AABS,2163,2026-02-04,EXPIRED_NO_BREAKOUT,,180.8,1034.0,4.719026548672566,60
AABS,2165,2026-02-09,REJECTED_TOO_SHORT,,950.01,214.54500000000002,0.7741655350996305,0
AABS,2169,2026-02-13,EXPIRED_NO_BREAKOUT,,180.8,1027.0,4.6803097345132745,60
AABS,2173,2026-02-19,REJECTED_INSUFFICIENT_TOUCHES,,904.02,214.54500000000002,0.7626767106922412,147
AABS,2180,2026-03-02,EXPIRED_NO_BREAKOUT,,180.8,1034.0,4.719026548672566,60
AABS,2186,2026-03-10,REJECTED_TOO_SHORT,,755.93,214.54500000000002,0.7161840382045958,0
AABS,2188,2026-03-12,VALID,up,180.8,902.0,3.9889380530973453,35
AABS,2198,2026-03-30,REJECTED_TOO_SHORT,,800.0,214.54500000000002,0.73181875,2
AABS,2200,2026-04-01,VALID,up,180.8,923.0,4.105088495575221,28
AABS,2200,2026-04-01,REJECTED_TOO_SHORT,,800.0,214.54500000000002,0.73181875,0
AABS,2206,2026-04-09,REJECTED_INSUFFICIENT_TOUCHES,,180.8,972.0,4.376106194690266,98
AABS,2206,2026-04-09,REJECTED_TOO_SHORT,,802.0,214.54500000000002,0.7324875311720698,0
AABS,2217,2026-04-24,VALID,up,856.02,214.54500000000002,0.7493691736174387,56
AABS,2220,2026-04-29,EXPIRED_NO_BREAKOUT,,180.8,990.0,4.475663716814159,60
AABS,2225,2026-05-08,EXPIRED_NO_BREAKOUT,,180.8,937.63,4.186006637168141,60
AABS,2225,2026-05-08,VALID,up,890.16,214.54500000000002,0.7589815314100836,34
AABS,2231,2026-05-18,EXPIRED_NO_BREAKOUT,,180.8,935.0,4.17146017699115,59
AABS,2232,2026-05-19,VALID,up,817.54,214.54500000000002,0.7375724735181152,51
AABS,2236,2026-05-25,EXPIRED_NO_BREAKOUT,,180.8,991.0,4.481194690265487,52
AABS,2241,2026-06-05,EXPIRED_NO_BREAKOUT,,180.8,915.0,4.060840707964601,41
AABS,2245,2026-06-11,REJECTED_TOO_SHORT,,880.16,214.54500000000002,0.756243183057626,0
AABS,2247,2026-06-15,EXPIRED_NO_BREAKOUT,,180.8,912.0,4.04424778761062,31
AABS,2251,2026-06-19,EXPIRED_NO_BREAKOUT,,180.8,948.88,4.248230088495575,27
AABS,2251,2026-06-19,REJECTED_TOO_SHORT,,861.0,214.54500000000002,0.7508188153310104,0
AABS,2255,2026-06-29,EXPIRED_NO_BREAKOUT,,180.8,910.0,4.033185840707965,17
AABS,2261,2026-07-07,EXPIRED_NO_BREAKOUT,,180.8,947.76,4.2420353982300885,9
AABS,2263,2026-07-09,REJECTED_TOO_SHORT,,820.15,214.54500000000002,0.7384076083643236,0
AASM,5,2005-02-17,REJECTED_INSUFFICIENT_TOUCHES,,25.020000000000003,64.2,1.5659472422062348,4747
AASM,10,2006-03-13,REJECTED_HEIGHT_FLOOR,,54.25,51.0,0.059907834101382486,1463
AASM,19,2006-04-26,VALID,down,55.0,51.0,0.07272727272727272,1419
AASM,23,2006-05-12,EXPIRED_NO_BREAKOUT,,25.01,59.85,1.3930427828868452,60
AASM,25,2006-05-24,REJECTED_INSUFFICIENT_TOUCHES,,52.1,31.99,0.38598848368522076,4286
AASM,31,2006-07-20,EXPIRED_NO_BREAKOUT,,25.01,59.45,1.3770491803278686,60
AASM,36,2007-04-18,REJECTED_INSUFFICIENT_TOUCHES,,45.6,31.99,0.2984649122807018,3957
AASM,38,2007-12-17,EXPIRED_NO_BREAKOUT,,25.01,51.35,1.0531787285085965,60
AASM,45,2009-07-02,EXPIRED_NO_BREAKOUT,,18.56,31.99,0.7235991379310345,60
AASM,53,2009-08-05,REJECTED_HEIGHT_FLOOR,,25.01,24.8,0.008396641343462649,490
AASM,58,2009-09-24,EXPIRED_NO_BREAKOUT,,20.22,31.99,0.5820969337289812,60
AASM,68,2009-10-19,EXPIRED_NO_BREAKOUT,,25.01,31.939999999999998,0.2770891643342661,60
AASM,76,2009-12-07,REJECTED_INSUFFICIENT_TOUCHES,,21.86,31.99,0.4634034766697163,2993
AASM,92,2010-03-11,EXPIRED_NO_BREAKOUT,,25.01,51.0,1.039184326269492,60
AASM,94,2010-03-15,EXPIRED_NO_BREAKOUT,,25.01,51.0,1.039184326269492,60
AASM,102,2010-04-22,REJECTED_INSUFFICIENT_TOUCHES,,35.15,31.99,0.08990042674253201,2857
AASM,107,2010-05-05,REJECTED_INSUFFICIENT_TOUCHES,,25.020000000000003,40.9,0.6346922462030373,2844
AASM,111,2010-05-12,REJECTED_INSUFFICIENT_TOUCHES,,34.0,31.99,0.05911764705882357,2837
AASM,115,2010-05-20,REJECTED_INSUFFICIENT_TOUCHES,,25.020000000000003,36.79,0.47042366107114286,2829
AASM,120,2010-05-27,REJECTED_INSUFFICIENT_TOUCHES,,30.0,31.99,0.06633333333333329,2822
AASM,123,2010-06-03,REJECTED_INSUFFICIENT_TOUCHES,,25.020000000000003,32.5,0.2989608313349319,2815
AASM,127,2010-06-09,EXPIRED_NO_BREAKOUT,,27.1,51.0,0.8819188191881918,60
AASM,131,2010-06-15,EXPIRED_NO_BREAKOUT,,26.95,51.0,0.8923933209647495,60
AASM,134,2010-06-18,REJECTED_INSUFFICIENT_TOUCHES,,25.020000000000003,33.5,0.3389288569144683,2800
AASM,144,2010-07-14,EXPIRED_NO_BREAKOUT,,28.45,31.99,0.1244288224956063,60
AASM,151,2010-08-13,EXPIRED_NO_BREAKOUT,,25.01,31.994999999999997,0.2792882846861254,60
AASM,153,2010-08-18,VALID,down,28.5,31.99,0.12245614035087714,41
AASM,155,2010-08-20,EXPIRED_NO_BREAKOUT,,25.01,31.99,0.2790883646541382,60
AASM,166,2010-09-30,REJECTED_TOO_SHORT,,26.6,31.99,0.2026315789473683,8
AASM,177,2010-10-15,VALID,down,25.01,35.0,0.39944022391043577,49
AASM,180,2010-10-20,VALID,down,25.01,35.0,0.39944022391043577,44
AASM,186,2010-11-02,VALID,down,25.020000000000003,31.99,0.2785771382893683,31
AASM,190,2010-11-12,VALID,down,25.005000000000003,31.99,0.27934413117376505,21
AASM,195,2010-11-26,REJECTED_INSUFFICIENT_TOUCHES,,25.020000000000003,26.98,0.07833733013589117,2639
AASM,196,2010-11-29,REJECTED_TOO_SHORT,,25.01,31.99,0.2790883646541382,4
AASM,203,2010-12-08,REJECTED_HEIGHT_FLOOR,,25.01,24.72,0.011595361855258004,0
AASM,203,2010-12-08,EXPIRED_NO_BREAKOUT,,23.0,31.99,0.39086956521739125,60
AASM,221,2011-01-06,REJECTED_INSUFFICIENT_TOUCHES,,25.020000000000003,40.0,0.5987210231814546,2598
AASM,227,2011-01-18,REJECTED_INSUFFICIENT_TOUCHES,,27.87,31.99,0.1478292070326515,2586
AASM,228,2011-01-19,VALID,down,25.01,31.99,0.2790883646541382,23
AASM,235,2011-02-03,REJECTED_INSUFFICIENT_TOUCHES,,25.75,31.99,0.24233009708737857,2570
AASM,237,2011-02-07,REJECTED_INSUFFICIENT_TOUCHES,,25.020000000000003,28.5,0.13908872901678643,2566
AASM,241,2011-02-11,EXPIRED_NO_BREAKOUT,,23.33,31.99,0.3711958851264467,60
AASM,261,2011-04-29,REJECTED_INSUFFICIENT_TOUCHES,,25.020000000000003,28.0,0.11910471622701825,2485
AASM,264,2011-05-06,REJECTED_INSUFFICIENT_TOUCHES,,22.65,31.99,0.4123620309050773,2478
AASM,278,2011-07-04,EXPIRED_NO_BREAKOUT,,25.03,31.99,0.2780663204155013,60
AASM,288,2011-09-30,REJECTED_INSUFFICIENT_TOUCHES,,25.020000000000003,29.03,0.16027178257394076,2331
AASM,319,2012-02-09,EXPIRED_NO_BREAKOUT,,18.51,31.99,0.7282549972987572,60
AASM,324,2012-02-28,REJECTED_HEIGHT_FLOOR,,25.020000000000003,24.595,0.016986410871303127,0
AASM,324,2012-02-28,REJECTED_INSUFFICIENT_TOUCHES,,21.11,31.99,0.5153955471340597,2180
AASM,347,2012-05-04,EXPIRED_NO_BREAKOUT,,20.1,31.99,0.5915422885572137,60
AASM,352,2012-05-11,REJECTED_HEIGHT_FLOOR,,25.020000000000003,24.6,0.01678657074340534,0
AASM,388,2012-11-20,VALID,down,17.9,31.99,0.7871508379888269,29
AASM,393,2012-11-29,VALID,down,25.020000000000003,21.0,0.16067146282973632,1114
AASM,396,2012-12-04,REJECTED_TOO_SHORT,,17.95,31.99,0.7821727019498607,15
AASM,402,2013-01-31,EXPIRED_NO_BREAKOUT,,16.0,31.99,0.9993749999999999,60
AASM,405,2013-02-11,VALID,down,25.020000000000003,17.0,0.3205435651478818,241
AASM,409,2013-04-08,REJECTED_INSUFFICIENT_TOUCHES,,14.01,31.99,1.283369022127052,1775
AASM,413,2013-10-10,REJECTED_TOO_SHORT,,25.020000000000003,16.99,0.3209432454036772,0
AASM,415,2013-10-31,EXPIRED_NO_BREAKOUT,,14.99,31.99,1.134089392928619,60
AASM,420,2013-11-19,VALID,down,25.020000000000003,19.17,0.2338129496402878,926
AASM,423,2013-12-03,EXPIRED_NO_BREAKOUT,,13.67,31.99,1.3401609363569862,60
AASM,426,2013-12-13,VALID,down,25.020000000000003,16.61,0.336131095123901,795
AASM,430,2014-01-01,REJECTED_TOO_SHORT,,25.020000000000003,17.0,0.3205435651478818,0
AASM,432,2014-01-07,EXPIRED_NO_BREAKOUT,,15.02,31.99,1.1298268974700398,60
AASM,451,2015-06-26,VALID,down,25.020000000000003,7.51,0.699840127897682,886
AASM,451,2015-06-26,EXPIRED_NO_BREAKOUT,,5.51,31.99,4.8058076225045365,60
AASM,481,2015-08-27,REJECTED_TOO_SHORT,,25.020000000000003,31.939999999999998,0.27657873701039143,13
AASM,493,2015-09-18,EXPIRED_NO_BREAKOUT,,19.25,31.99,0.6618181818181817,60
AASM,497,2015-09-29,REJECTED_INSUFFICIENT_TOUCHES,,25.020000000000003,22.39,0.10511590727418074,871
AASM,505,2015-10-19,EXPIRED_NO_BREAKOUT,,15.035,31.99,1.1277020285999333,60
AASM,512,2015-10-29,REJECTED_INSUFFICIENT_TOUCHES,,25.020000000000003,22.93,0.08353317346123114,841
AASM,513,2015-10-30,REJECTED_INSUFFICIENT_TOUCHES,,19.72,31.99,0.6222109533468559,840
AASM,522,2015-11-12,REJECTED_HEIGHT_FLOOR,,25.020000000000003,24.545,0.01898481215027983,0
AASM,534,2015-11-30,REJECTED_INSUFFICIENT_TOUCHES,,17.42,31.99,0.8363949483352465,809
AASM,540,2015-12-10,REJECTED_TOO_SHORT,,25.020000000000003,21.45,0.14268585131894498,8
AASM,542,2015-12-14,VALID,down,19.22,31.99,0.6644120707596254,28
AASM,544,2015-12-18,REJECTED_TOO_SHORT,,25.020000000000003,21.19,0.15307753796962437,0
AASM,551,2016-01-21,REJECTED_TOO_SHORT,,15.98,31.99,1.001877346683354,13
AASM,562,2016-02-10,VALID,down,13.5,31.99,1.3696296296296295,57
AASM,566,2016-02-16,REJECTED_TOO_SHORT,,25.020000000000003,16.74,0.3309352517985613,0
AASM,570,2016-03-02,VALID,down,25.020000000000003,16.14,0.35491606714628304,240
AASM,575,2016-03-17,EXPIRED_NO_BREAKOUT,,13.05,31.99,1.4513409961685821,60
AASM,576,2016-03-18,VALID,down,25.020000000000003,15.4,0.38449240607513996,250
AASM,584,2016-04-13,REJECTED_INSUFFICIENT_TOUCHES,,12.1,31.99,1.643801652892562,674
AASM,586,2016-04-18,REJECTED_INSUFFICIENT_TOUCHES,,25.020000000000003,13.4,0.46442845723421267,669
AASM,594,2016-05-03,REJECTED_INSUFFICIENT_TOUCHES,,11.0,31.99,1.908181818181818,654
AASM,596,2016-05-12,VALID,down,25.020000000000003,12.01,0.5199840127897682,378
AASM,598,2016-05-17,REJECTED_INSUFFICIENT_TOUCHES,,10.7,31.99,1.9897196261682244,640
AASM,608,2016-06-02,REJECTED_TOO_SHORT,,25.020000000000003,19.39,0.22501998401278983,0
AASM,621,2016-08-29,REJECTED_TOO_SHORT,,25.020000000000003,15.8,0.3685051958433254,18
AASM,623,2016-09-08,EXPIRED_NO_BREAKOUT,,13.0,31.99,1.4607692307692306,60
AASM,625,2016-09-16,REJECTED_TOO_SHORT,,25.020000000000003,15.64,0.37490007993605123,0
AASM,630,2016-09-23,REJECTED_TOO_SHORT,,25.020000000000003,16.555,0.33832933653077546,0
AASM,632,2016-09-27,REJECTED_TOO_SHORT,,25.020000000000003,16.5,0.34052757793765,0
AASM,634,2016-09-30,REJECTED_INSUFFICIENT_TOUCHES,,14.55,31.99,1.1986254295532643,504
AASM,638,2016-10-28,REJECTED_TOO_SHORT,,25.020000000000003,16.0,0.3605115907274181,0
AASM,641,2016-11-11,EXPIRED_NO_BREAKOUT,,13.43,31.99,1.3819806403574086,60
AASM,646,2016-11-22,VALID,down,13.45,31.99,1.3784386617100373,72
AASM,647,2016-11-23,REJECTED_TOO_SHORT,,25.020000000000003,15.25,0.39048760991207043,0
AASM,655,2017-02-03,VALID,down,10.0,31.99,2.199,33
AASM,660,2017-02-10,REJECTED_INSUFFICIENT_TOUCHES,,25.020000000000003,12.86,0.48601119104716234,371
AASM,663,2017-02-22,REJECTED_TOO_SHORT,,10.0,31.99,2.199,14
AASM,671,2017-03-14,REJECTED_INSUFFICIENT_TOUCHES,,8.9,31.99,2.5943820224719096,339
AASM,677,2017-04-17,REJECTED_INSUFFICIENT_TOUCHES,,7.01,31.99,3.5634807417974317,305
AASM,680,2017-05-12,REJECTED_INSUFFICIENT_TOUCHES,,25.020000000000003,9.7,0.6123101518784972,280
AASM,683,2017-05-18,EXPIRED_NO_BREAKOUT,,7.9,31.99,3.0493670886075943,60
AASM,688,2017-05-25,REJECTED_TOO_SHORT,,25.020000000000003,12.0,0.5203836930455636,0
AASM,691,2017-06-01,VALID,down,8.1,31.99,2.949382716049383,61
AASM,694,2017-06-08,VALID,down,25.020000000000003,10.44,0.5827338129496403,97
AASM,696,2017-06-22,VALID,down,8.01,31.99,2.9937578027465666,40
AASM,698,2017-07-06,VALID,down,25.020000000000003,9.94,0.6027178257394086,85
AASM,705,2017-08-01,EXPIRED_NO_BREAKOUT,,7.4,31.99,3.3229729729729724,60
AASM,710,2017-08-08,REJECTED_INSUFFICIENT_TOUCHES,,25.020000000000003,11.32,0.5475619504396483,192
AASM,719,2017-08-25,REJECTED_INSUFFICIENT_TOUCHES,,6.12,31.99,4.227124183006535,175
AASM,726,2017-09-13,REJECTED_TOO_SHORT,,25.020000000000003,10.49,0.5807354116706636,0
AASM,729,2017-09-25,VALID,down,7.31,31.99,3.3761969904240767,24
AASM,733,2017-09-29,REJECTED_TOO_SHORT,,25.020000000000003,10.0,0.6003197442046363,0
AASM,736,2017-10-04,REJECTED_INSUFFICIENT_TOUCHES,,6.83,31.99,3.683748169838945,135
AASM,739,2017-10-09,REJECTED_INSUFFICIENT_TOUCHES,,25.020000000000003,10.23,0.5911270983213429,130
AASM,746,2017-10-19,REJECTED_INSUFFICIENT_TOUCHES,,25.020000000000003,8.45,0.6622701838529177,120
AASM,747,2017-10-20,VALID,down,6.0,31.99,4.331666666666666,28
AASM,750,2017-10-25,VALID,down,6.0,31.99,4.331666666666666,23
AASM,757,2017-11-03,REJECTED_TOO_SHORT,,25.020000000000003,10.42,0.5835331734612311,0
AASM,767,2017-11-21,VALID,down,5.5,31.99,4.816363636363636,36
AASM,772,2017-11-28,REJECTED_TOO_SHORT,,25.020000000000003,7.61,0.6958433253397283,0
AASM,775,2017-12-05,REJECTED_INSUFFICIENT_TOUCHES,,5.62,31.99,4.692170818505337,73
AASM,779,2017-12-11,REJECTED_TOO_SHORT,,5.5,31.99,4.816363636363636,16
AASM,783,2017-12-19,REJECTED_INSUFFICIENT_TOUCHES,,25.020000000000003,8.99,0.640687450039968,59
AASM,789,2018-01-01,REJECTED_INSUFFICIENT_TOUCHES,,4.06,31.99,6.879310344827587,46
AASM,792,2018-01-10,REJECTED_INSUFFICIENT_TOUCHES,,25.020000000000003,5.5,0.78017585931255,37
AASM,796,2018-01-26,REJECTED_INSUFFICIENT_TOUCHES,,25.020000000000003,5.8,0.768185451638689,21
AASM,800,2018-02-13,REJECTED_INSUFFICIENT_TOUCHES,,2.8,31.99,10.425,3
