sector,symbol,start,end,kind,outcome,direction,breakout_idx,type_trigger,entry_price,lfd_level,r_lfd_denom,rolling_status,rolling_stop,r_rolling_denom,lfd_hit_bar,rolling_hit_bar,anchor_bar,simultaneous_hit,horizon_reached,realized_R_lfd,realized_R_rolling
COMMERCIAL BANKS,ABL,1000,1080,ascending,down,down,1091,1.0,62.15,64.39,2.240000000000002,skipped_risk_gt_6pct,66.56,,,,1181,False,True,4.638392857142853,
COMMERCIAL BANKS,ABL,3640,3720,descending,sequential,up,3721,4.0,86.0,85.41,0.5900000000000034,ok,84.56,1.4399999999999977,3723.0,3725.0,3723,False,False,-1.0,-0.3194444444444406
PHARMACEUTICALS,ABOT,2520,2600,descending,sequential,down,2604,3.0,620.0,641.5,21.5,skipped_risk_gt_6pct,680.64,,2619.0,,2619,False,False,-1.0,
PHARMACEUTICALS,ABOT,3840,3920,ascending,down,down,3928,4.0,755.01,770.0,14.990000000000009,ok,797.9,42.889999999999986,3930.0,3943.0,3930,False,False,-1.0,-0.22755887153182547
CEMENT,ACPL,80,160,ascending,up,up,161,4.0,43.8009,42.0944,1.7064999999999984,skipped_risk_gt_6pct,39.7,,162.0,,162,False,False,-1.0,
CEMENT,ACPL,600,680,descending,down,down,695,3.0,56.7137,60.5249,3.8111999999999995,skipped_risk_gt_6pct,61.19,,729.0,,729,False,False,-1.0,
CEMENT,ACPL,2440,2520,ascending,down,down,2521,1.0,137.1967,144.5117,7.314999999999998,skipped_risk_gt_6pct,151.5,,,,2611,False,True,1.5468352699931633,
CEMENT,ACPL,3720,3800,descending,up,up,3801,1.0,145.63,142.1,3.530000000000001,ok,140.68,4.949999999999989,,,3891,False,True,6.991501416430594,4.985858585858598
CEMENT,ACPL,3880,3960,ascending,down,down,3961,1.0,168.26,172.74,4.480000000000018,skipped_risk_gt_6pct,181.8,,3977.0,,3977,False,False,-1.0,
TEXTILE COMPOSITE,ADMM,160,240,symmetrical,down,down,241,1.0,216.0,217.0,1.0,skipped_risk_gt_6pct,245.38,,248.0,,248,False,False,-1.0,
TEXTILE COMPOSITE,ADMM,520,600,descending,down,down,601,1.0,61.95,63.9,1.9499999999999957,skipped_risk_gt_6pct,66.16,,627.0,,627,False,False,-1.0,
TEXTILE COMPOSITE,ADMM,1960,2040,descending,up,up,2041,1.0,88.05,83.5,4.549999999999997,skipped_risk_gt_6pct,81.67,,,,2131,False,True,0.4285714285714295,
TEXTILE COMPOSITE,ADMM,2520,2600,ascending,down,down,2613,3.0,78.0,83.5,5.5,skipped_risk_gt_6pct,84.84,,2621.0,,2621,False,False,-1.0,
ENGINEERING,AGHA,1200,1280,symmetrical,sequential,up,1284,4.0,9.44,8.56,0.879999999999999,skipped_risk_gt_6pct,7.93,,1296.0,,1296,False,False,-1.0,
INSURANCE,AGIC,1280,1360,descending,up,up,1361,4.0,6.5442,6.4527,0.09149999999999991,no_valid_consolidation,,,1367.0,,1367,False,False,-1.0,
INSURANCE,AGIC,1960,2040,symmetrical,up,up,2046,4.0,24.2548,23.6446,0.610199999999999,skipped_risk_gt_6pct,22.75,,2054.0,,2054,False,False,-1.0,
AUTOMOBILE PARTS & ACCESSORIES,AGIL,1240,1320,descending,up,up,1324,1.0,69.91,68.0,1.9099999999999966,skipped_risk_gt_6pct,65.35,,1378.0,,1378,False,False,-1.0,
AUTOMOBILE PARTS & ACCESSORIES,AGIL,1400,1480,descending,down,down,1481,3.0,67.49,70.03,2.5400000000000063,ok,71.09,3.6000000000000085,1506.0,,1506,False,False,-1.0,-0.6361111111111113
AUTOMOBILE PARTS & ACCESSORIES,AGIL,1520,1600,symmetrical,up,up,1602,2.0,65.0,61.3,3.700000000000003,skipped_risk_gt_6pct,60.69,,,,1692,False,True,10.578378378378371,
AUTOMOBILE PARTS & ACCESSORIES,AGIL,1920,2000,symmetrical,down,down,2001,4.0,70.5,71.75,1.25,ok,72.47,1.9699999999999989,2009.0,2009.0,2009,True,False,-1.0,-1.0
CHEMICAL,AGL,40,120,descending,sequential,down,125,4.0,21.46,23.75,2.289999999999999,skipped_risk_gt_6pct,24.78,,152.0,,152,False,False,-1.0,
CHEMICAL,AGL,640,720,symmetrical,down,down,733,4.0,11.36,11.7,0.33999999999999986,skipped_risk_gt_6pct,12.07,,738.0,,738,False,False,-1.0,
CHEMICAL,AGL,2640,2720,symmetrical,sequential,up,2721,4.0,4.09,3.94,0.1499999999999999,ok,3.88,0.20999999999999996,2730.0,2731.0,2730,False,False,-1.0,-0.5238095238095233
PHARMACEUTICALS,AGP,1840,1920,descending,up,up,1932,1.0,200.24,194.0,6.240000000000009,skipped_risk_gt_6pct,186.13,,1976.0,,1976,False,False,-1.0,
AUTOMOBILE ASSEMBLER,AGTL,1640,1720,descending,up,up,1737,4.0,152.0453,146.999,5.046300000000002,ok,145.52,6.525299999999987,1740.0,1812.0,1740,False,False,-1.0,-0.5107044886825153
AUTOMOBILE ASSEMBLER,AGTL,3680,3760,descending,sequential,down,3761,4.0,340.82,348.99,8.170000000000016,ok,358.55,17.730000000000018,3763.0,3781.0,3763,False,False,-1.0,-0.5036661026508741
AUTOMOBILE ASSEMBLER,AGTL,4480,4560,descending,sequential,down,4575,3.0,335.67,342.85,7.180000000000007,ok,352.48,16.810000000000002,4581.0,4587.0,4581,False,False,-1.0,-0.40630577037477594
FERTILIZER,AHCL,3240,3320,descending,down,down,3323,2.0,32.05,34.7,2.6500000000000057,skipped_risk_gt_6pct,35.19,,,,3413,False,True,0.7735849056603746,
INSURANCE,AICL,1800,1880,ascending,sequential,up,1881,3.0,68.88,65.51,3.3699999999999903,skipped_risk_gt_6pct,63.61,,1909.0,,1909,False,False,-1.0,
INSURANCE,AICL,3800,3880,descending,up,up,3881,4.0,44.02,43.0,1.0200000000000031,ok,42.57,1.4500000000000028,3885.0,3910.0,3885,False,False,-1.0,-0.0896551724137947
INSURANCE,AICL,3920,4000,ascending,down,down,4009,4.0,39.65,40.35,0.7000000000000028,ok,41.61,1.9600000000000009,4012.0,4021.0,4012,False,False,-1.0,-0.1785714285714292
TECHNOLOGY & COMMUNICATION,AIRLINK,160,240,descending,down,down,241,4.0,35.18,36.38,1.2000000000000028,skipped_risk_gt_6pct,37.57,,254.0,,254,False,False,-1.0,
COMMERCIAL BANKS,AKBL,1800,1880,ascending,up,up,1884,3.0,16.51,15.51,1.0000000000000018,skipped_risk_gt_6pct,15.25,,,,1974,False,True,3.0199999999999942,
MISCELLANEOUS,AKDHL,240,320,descending,whipsaw,up,321,4.0,422.1,385.0,37.10000000000002,no_valid_consolidation,,,323.0,,323,False,False,-1.0,
MISCELLANEOUS,AKDHL,880,960,descending,whipsaw,down,965,4.0,131.04,140.5,9.460000000000008,skipped_risk_gt_6pct,154.53,,968.0,,968,False,False,-1.0,
MISCELLANEOUS,AKGL,640,720,descending,sequential,down,725,4.0,11.0,11.5,0.5,no_valid_consolidation,,,726.0,,726,False,False,-1.0,
INSURANCE,ALAC,2720,2800,symmetrical,down,down,2801,4.0,5.0,5.1,0.09999999999999964,skipped_risk_gt_6pct,5.31,,2802.0,,2802,False,False,-1.0,
POWER GENERATION & DISTRIBUTION,ALTN,2200,2280,descending,whipsaw,down,2292,4.0,6.2456,6.3813,0.13570000000000082,ok,6.61,0.3644000000000007,2293.0,2293.0,2293,True,False,-1.0,-1.0
POWER GENERATION & DISTRIBUTION,ALTN,2400,2480,descending,up,up,2481,3.0,4.8335,4.6326,0.20089999999999986,skipped_risk_gt_6pct,4.44,,2492.0,,2492,False,False,-1.0,
POWER GENERATION & DISTRIBUTION,ALTN,2520,2600,descending,down,down,2601,1.0,4.5212,5.0507,0.5294999999999996,skipped_risk_gt_6pct,5.1,,,,2691,False,True,0.051369216241738576,
POWER GENERATION & DISTRIBUTION,ALTN,2600,2680,symmetrical,up,up,2681,1.0,4.5538,4.209,0.3448000000000002,no_valid_consolidation,,,,,2771,False,True,14.079756380510432,
TEXTILE COMPOSITE,ANL,2360,2440,symmetrical,down,down,2441,1.0,5.22,5.58,0.3600000000000003,skipped_risk_gt_6pct,5.78,,2515.0,,2515,False,False,-1.0,
TEXTILE COMPOSITE,ANL,3600,3680,symmetrical,down,down,3681,2.0,12.15,12.7,0.5499999999999989,no_valid_consolidation,,,3745.0,,3745,False,False,-1.0,
TEXTILE COMPOSITE,ANTM,440,520,descending,sequential,up,521,4.0,18.76,18.3,0.46000000000000085,skipped_risk_gt_6pct,16.29,,525.0,,525,False,False,-1.0,
OIL & GAS MARKETING COMPANIES,APL,1400,1480,symmetrical,up,up,1483,2.0,166.0422,164.4244,1.6178000000000168,ok,160.84,5.202200000000005,1509.0,1531.0,1509,False,False,-1.0,0.04986351928030432
OIL & GAS MARKETING COMPANIES,APL,1560,1640,ascending,up,up,1644,1.0,189.8517,183.319,6.5327000000000055,skipped_risk_gt_6pct,176.26,,,,1734,False,True,1.1514075344038464,
OIL & GAS MARKETING COMPANIES,APL,3160,3240,ascending,down,down,3241,4.0,327.2201,333.1737,5.9535999999999945,skipped_risk_gt_6pct,359.96,,3266.0,,3266,False,False,-1.0,
OIL & GAS MARKETING COMPANIES,APL,3880,3960,descending,up,up,3961,4.0,257.2351,248.9871,8.24799999999999,skipped_risk_gt_6pct,241.77,,3965.0,,3965,False,False,-1.0,
OIL & GAS MARKETING COMPANIES,APL,3920,4000,descending,sequential,up,4001,4.0,250.144,244.2096,5.934400000000011,ok,238.76,11.384000000000015,4003.0,4027.0,4003,False,False,-1.0,-0.25207308503162223
OIL & GAS MARKETING COMPANIES,APL,4120,4200,symmetrical,up,up,4216,2.0,236.0668,230.2376,5.829200000000014,ok,223.29,12.776800000000009,,,4306,False,True,7.847251766966289,3.5801765700331827
OIL & GAS MARKETING COMPANIES,APL,4640,4720,ascending,up,up,4722,4.0,412.9,408.0,4.899999999999977,skipped_risk_gt_6pct,383.13,,4726.0,,4726,False,False,-1.0,
TEXTILE COMPOSITE,ARUJ,640,720,symmetrical,up,up,721,1.0,22.59,18.9,3.6900000000000013,no_valid_consolidation,,,743.0,,743,False,False,-1.0,
FOOD & PERSONAL CARE PRODUCTS,ASC,80,160,symmetrical,up,up,171,4.0,55.98,53.8,2.1799999999999997,ok,53.26,2.719999999999999,173.0,187.0,173,False,False,-1.0,-0.5882352941176452
ENGINEERING,ASL,0,80,ascending,down,down,87,4.0,10.4,10.74,0.33999999999999986,skipped_risk_gt_6pct,11.28,,89.0,,89,False,False,-1.0,
ENGINEERING,ASL,160,240,descending,whipsaw,down,241,4.0,8.61,8.83,0.22000000000000064,skipped_risk_gt_6pct,9.19,,242.0,,242,False,False,-1.0,
ENGINEERING,ASL,1320,1400,descending,down,down,1401,1.0,18.24,19.0,0.7600000000000016,skipped_risk_gt_6pct,20.15,,,,1491,False,True,6.499999999999984,
ENGINEERING,ASL,2400,2480,descending,down,down,2481,4.0,10.2,10.68,0.4800000000000004,skipped_risk_gt_6pct,11.0,,2486.0,,2486,False,False,-1.0,
ENGINEERING,ASLPS,360,440,ascending,up,up,448,1.0,5.7582,5.051,0.7072000000000003,no_valid_consolidation,,,483.0,,483,False,False,-1.0,
AUTOMOBILE PARTS & ACCESSORIES,ATBA,2600,2680,descending,up,up,2681,4.0,656.9995,654.7233,2.276200000000017,ok,629.32,27.679499999999962,2682.0,2771.0,2682,False,False,-1.0,0.8773785653642593
AUTOMOBILE PARTS & ACCESSORIES,ATBA,4040,4120,symmetrical,sequential,up,4121,3.0,170.19,168.0,2.1899999999999977,ok,166.32,3.8700000000000045,4123.0,4123.0,4123,True,False,-1.0,-1.0
INSURANCE,ATIL,1320,1400,ascending,up,up,1413,4.0,10.46,10.133,0.32700000000000173,ok,9.85,0.6100000000000012,1430.0,1439.0,1430,False,False,-1.0,-0.2296721311475411
INSURANCE,ATIL,2480,2560,descending,up,up,2570,4.0,41.9482,41.3112,0.6370000000000005,skipped_risk_gt_6pct,39.33,,2571.0,,2571,False,False,-1.0,
AUTOMOBILE ASSEMBLER,ATLH,3640,3720,descending,sequential,down,3721,4.0,379.1,384.8,5.699999999999989,ok,394.0,14.899999999999977,3722.0,3724.0,3722,False,False,-1.0,-0.38791946308724706
REFINERY,ATRL,1440,1520,ascending,sequential,up,1530,3.0,131.8,124.42,7.38000000000001,skipped_risk_gt_6pct,120.58,,1547.0,,1547,False,False,-1.0,
REFINERY,ATRL,2640,2720,ascending,up,up,2721,4.0,224.51,222.05,2.4599999999999795,no_valid_consolidation,,,2722.0,,2722,False,False,-1.0,
REFINERY,ATRL,5000,5080,ascending,sequential,up,5081,3.0,704.88,679.0,25.879999999999995,skipped_risk_gt_6pct,660.33,,5088.0,,5088,False,False,-1.0,
TECHNOLOGY & COMMUNICATION,AVN,560,640,descending,up,up,643,3.0,17.9872,17.0358,0.9514000000000031,skipped_risk_gt_6pct,16.76,,669.0,,669,False,False,-1.0,
TECHNOLOGY & COMMUNICATION,AVN,1920,2000,ascending,down,down,2001,1.0,88.06,95.0,6.939999999999998,no_valid_consolidation,,,2024.0,,2024,False,False,-1.0,
TECHNOLOGY & COMMUNICATION,AVN,2200,2280,descending,sequential,up,2281,4.0,67.8,66.0,1.7999999999999972,ok,63.9,3.8999999999999986,2282.0,2287.0,2282,False,False,-1.0,-0.3564102564102567
COMMERCIAL BANKS,BAFL,1840,1920,ascending,down,down,1924,4.0,8.4127,8.7224,0.3097000000000012,skipped_risk_gt_6pct,8.94,,1929.0,,1929,False,False,-1.0,
COMMERCIAL BANKS,BAFL,3040,3120,ascending,down,down,3139,4.0,20.4176,20.9027,0.4850999999999992,ok,21.37,0.9524000000000008,3141.0,3155.0,3141,False,False,-1.0,-0.42807643847122856
COMMERCIAL BANKS,BAFL,3840,3920,ascending,sequential,up,3921,4.0,19.2615,18.6576,0.603900000000003,ok,18.47,0.7915000000000028,3926.0,3931.0,3926,False,False,-1.0,-0.8085912823752348
COMMERCIAL BANKS,BAFL,4520,4600,descending,up,up,4608,4.0,21.0833,20.593,0.4903000000000013,skipped_risk_gt_6pct,19.7,,4613.0,,4613,False,False,-1.0,
COMMERCIAL BANKS,BAHL,4120,4200,ascending,down,down,4208,1.0,68.79,76.39,7.599999999999994,skipped_risk_gt_6pct,77.15,,,,4298,False,True,1.5065789473684226,
ENGINEERING,BCL,760,840,ascending,down,down,845,1.0,45.07,47.14,2.0700000000000003,ok,47.61,2.539999999999999,,,935,False,True,7.4685990338164245,6.086614173228349
ENGINEERING,BCL,3400,3480,descending,up,up,3481,4.0,143.76,110.0,33.75999999999999,no_valid_consolidation,,,3519.0,,3519,False,False,-1.0,
ENGINEERING,BECO,400,480,descending,up,up,496,4.0,20.24,18.83,1.4100000000000001,skipped_risk_gt_6pct,16.78,,499.0,,499,False,False,-1.0,
CHEMICAL,BERG,2280,2360,symmetrical,down,down,2362,3.0,98.86,111.3,12.439999999999998,skipped_risk_gt_6pct,112.41,,,,2452,False,True,0.5498392282958203,
CHEMICAL,BERG,2840,2920,symmetrical,down,down,2934,4.0,149.72,151.35,1.6299999999999955,ok,156.35,6.6299999999999955,2937.0,,2937,False,False,-1.0,-0.16591251885369457
GLASS & CERAMICS,BGL,3800,3880,symmetrical,whipsaw,down,3887,4.0,8.65,8.97,0.3200000000000003,skipped_risk_gt_6pct,9.24,,3890.0,,3890,False,False,-1.0,
TEXTILE COMPOSITE,BHAT,1160,1240,descending,up,up,1250,2.0,899.09,799.99,99.10000000000002,no_valid_consolidation,,,1333.0,,1333,False,False,-1.0,
TEXTILE COMPOSITE,BHAT,1240,1320,symmetrical,down,down,1321,1.0,899.54,927.7,28.160000000000082,skipped_risk_gt_6pct,956.37,,1348.0,,1348,False,False,-1.0,
COMMERCIAL BANKS,BIPL,2240,2320,symmetrical,sequential,down,2327,4.0,10.0,10.4,0.40000000000000036,skipped_risk_gt_6pct,10.81,,2336.0,,2336,False,False,-1.0,
COMMERCIAL BANKS,BIPL,3920,4000,descending,up,up,4001,4.0,13.53,13.5,0.02999999999999936,no_valid_consolidation,,,4002.0,,4002,False,False,-1.0,
FOOD & PERSONAL CARE PRODUCTS,BNL,1280,1360,descending,whipsaw,down,1361,4.0,13.19,13.72,0.5300000000000011,skipped_risk_gt_6pct,14.34,,1362.0,,1362,False,False,-1.0,
COMMERCIAL BANKS,BOK,440,520,descending,down,down,530,3.0,13.6,14.0,0.40000000000000036,skipped_risk_gt_6pct,15.0,,552.0,,552,False,False,-1.0,
COMMERCIAL BANKS,BOK,3680,3760,ascending,down,down,3773,4.0,15.0,15.45,0.4499999999999993,ok,15.76,0.7599999999999998,3778.0,,3778,False,False,-1.0,-0.7894736842105261
COMMERCIAL BANKS,BOK,4280,4360,ascending,sequential,up,4363,4.0,15.31,13.15,2.16,no_valid_consolidation,,,4370.0,,4370,False,False,-1.0,
COMMERCIAL BANKS,BOK,4600,4680,symmetrical,up,up,4702,4.0,33.6,32.5,1.1000000000000014,ok,32.17,1.4299999999999997,4704.0,4704.0,4704,True,False,-1.0,-1.0
OIL & GAS MARKETING COMPANIES,BPL,720,800,descending,down,down,802,2.0,31.5,32.92,1.4200000000000017,ok,33.3,1.7999999999999972,,,892,False,True,6.239436619718302,4.92222222222223
CEMENT,BWCL,1000,1080,symmetrical,whipsaw,down,1081,4.0,119.23,125.0,5.769999999999996,skipped_risk_gt_6pct,127.16,,1085.0,,1085,False,False,-1.0,
AUTOMOBILE PARTS & ACCESSORIES,BWHL,0,80,descending,up,up,81,4.0,30.575,29.0463,1.5287000000000006,skipped_risk_gt_6pct,27.77,,82.0,,82,False,False,-1.0,
AUTOMOBILE PARTS & ACCESSORIES,BWHL,1400,1480,ascending,up,up,1492,1.0,48.9582,45.9466,3.0116000000000014,skipped_risk_gt_6pct,45.4,,,,1582,False,True,5.317339620135476,
AUTOMOBILE PARTS & ACCESSORIES,BWHL,2280,2360,symmetrical,sequential,down,2373,4.0,74.0,80.0,6.0,skipped_risk_gt_6pct,82.31,,2377.0,,2377,False,False,-1.0,
INSURANCE,CENI,3480,3560,symmetrical,up,up,3595,3.0,26.49,25.0,1.4899999999999984,skipped_risk_gt_6pct,24.02,,,,3685,False,True,7.7449664429530305,
PAPER & BOARD,CEPB,840,920,descending,down,down,921,4.0,13.79,14.15,0.3600000000000012,skipped_risk_gt_6pct,15.15,,943.0,,943,False,False,-1.0,
PAPER & BOARD,CEPB,1080,1160,ascending,sequential,down,1179,4.0,16.0,16.25,0.25,skipped_risk_gt_6pct,17.07,,1185.0,,1185,False,False,-1.0,
PAPER & BOARD,CEPB,2200,2280,ascending,sequential,down,2284,4.0,51.52,53.58,2.059999999999995,skipped_risk_gt_6pct,56.05,,2286.0,,2286,False,False,-1.0,
PAPER & BOARD,CEPB,2520,2600,ascending,sequential,up,2601,4.0,53.47,52.8,0.6700000000000017,ok,51.98,1.490000000000002,2604.0,2606.0,2604,False,False,-1.0,0.18791946308724883
TEXTILE COMPOSITE,CHBL,360,440,descending,up,up,441,1.0,10.85,9.9,0.9499999999999993,skipped_risk_gt_6pct,9.8,,,,531,False,True,0.6842105263157904,
TEXTILE COMPOSITE,CHBL,1560,1640,symmetrical,sequential,down,1659,4.0,1.51,1.8,0.29000000000000004,no_valid_consolidation,,,1662.0,,1662,False,False,-1.0,
CEMENT,CHCC,1120,1200,symmetrical,sequential,up,1201,4.0,10.3699,10.2683,0.10159999999999947,no_valid_consolidation,,,1202.0,,1202,False,False,-1.0,
CEMENT,CHCC,1560,1640,descending,sequential,down,1642,3.0,5.3047,5.6385,0.3337999999999992,skipped_risk_gt_6pct,5.85,,1660.0,,1660,False,False,-1.0,
CEMENT,CHCC,2280,2360,symmetrical,up,up,2361,1.0,58.85,58.04,0.8100000000000023,ok,56.68,2.1700000000000017,2376.0,,2376,False,False,-1.0,0.11981566820276397
FOOD & PERSONAL CARE PRODUCTS,CLOV,1480,1560,descending,up,up,1561,1.0,91.0,84.45,6.549999999999997,skipped_risk_gt_6pct,79.2,,,,1651,False,True,4.995419847328246,
REFINERY,CNERGY,2840,2920,descending,sequential,up,2937,4.0,24.29,23.36,0.9299999999999997,ok,22.96,1.3299999999999983,2944.0,2944.0,2944,True,False,-1.0,-1.0
PAPER & BOARD,CPPL,3160,3240,symmetrical,up,up,3246,2.0,168.95,160.1,8.849999999999994,skipped_risk_gt_6pct,153.45,,3291.0,,3291,False,False,-1.0,
PAPER & BOARD,CPPL,4480,4560,ascending,down,down,4561,2.0,124.0,126.9,2.9000000000000057,ok,128.17,4.1699999999999875,,,4651,False,True,7.468965517241363,5.1942446043165615
TEXTILE COMPOSITE,CRTM,2240,2320,descending,sequential,down,2326,3.0,27.5,28.49,0.9899999999999984,skipped_risk_gt_6pct,30.55,,2339.0,,2339,False,False,-1.0,
TEXTILE COMPOSITE,CRTM,3560,3640,descending,up,up,3641,1.0,18.68,18.0,0.6799999999999997,skipped_risk_gt_6pct,17.18,,3649.0,,3649,False,False,-1.0,
ENGINEERING,CSAP,4920,5000,descending,up,up,5011,1.0,106.0,103.8,2.200000000000003,ok,101.47,4.530000000000001,5024.0,5029.0,5024,False,False,-1.0,-0.45916114790286927
INSURANCE,CYAN,640,720,descending,up,up,721,1.0,10.1499,10.133,0.01690000000000147,skipped_risk_gt_6pct,9.4,,,,811,False,True,405.3372781064736,
INSURANCE,CYAN,1840,1920,symmetrical,sequential,up,1928,4.0,59.0189,58.2595,0.7593999999999994,ok,57.25,1.7689000000000021,1930.0,1932.0,1930,False,False,-1.0,-0.47000961049239703
INSURANCE,CYAN,4120,4200,descending,up,up,4201,1.0,24.01,23.75,0.26000000000000156,ok,22.88,1.1300000000000026,4206.0,,4206,False,False,-1.0,-0.21238938053097473
CHEMICAL,DAAG,840,920,symmetrical,up,up,923,2.0,18.9,17.8,1.0999999999999979,skipped_risk_gt_6pct,16.94,,929.0,,929,False,False,-1.0,
CHEMICAL,DAAG,2240,2320,descending,down,down,2322,4.0,94.01,101.86,7.849999999999994,skipped_risk_gt_6pct,103.97,,2326.0,,2326,False,False,-1.0,
CEMENT,DBCI,1840,1920,symmetrical,sequential,down,1922,4.0,2.23,2.29,0.06000000000000005,skipped_risk_gt_6pct,2.37,,1923.0,,1923,False,False,-1.0,
CEMENT,DCL,680,760,symmetrical,up,up,768,4.0,15.6,15.15,0.4499999999999993,ok,14.75,0.8499999999999996,778.0,779.0,778,False,False,-1.0,-0.47058823529411825
CEMENT,DCL,1560,1640,ascending,down,down,1641,4.0,1.3,1.41,0.10999999999999988,skipped_risk_gt_6pct,1.42,,1670.0,,1670,False,False,-1.0,
CEMENT,DCL,2520,2600,ascending,down,down,2605,1.0,14.79,15.39,0.6000000000000014,skipped_risk_gt_6pct,16.01,,,,2695,False,True,4.416666666666654,
CEMENT,DCL,4760,4840,ascending,up,up,4854,4.0,9.24,8.61,0.6300000000000008,no_valid_consolidation,,,4867.0,,4867,False,False,-1.0,
REAL ESTATE INVESTMENT TRUST,DCR,1240,1320,descending,down,down,1331,4.0,10.51,10.8,0.2900000000000009,ok,10.91,0.40000000000000036,1342.0,1351.0,1342,False,False,-1.0,-0.6
AUTOMOBILE ASSEMBLER,DFML,3840,3920,ascending,down,down,3930,4.0,6.82,7.03,0.20999999999999996,skipped_risk_gt_6pct,7.54,,3931.0,,3931,False,False,-1.0,
CEMENT,DGKC,680,760,descending,up,up,764,1.0,95.0,91.9,3.0999999999999943,ok,90.98,4.019999999999996,824.0,830.0,824,False,False,-1.0,-0.5497512437810935
CEMENT,DGKC,1480,1560,symmetrical,down,down,1573,1.0,21.86,22.97,1.1099999999999994,skipped_risk_gt_6pct,23.73,,1617.0,,1617,False,False,-1.0,
CEMENT,DGKC,2920,3000,ascending,down,down,3015,3.0,227.28,242.0,14.719999999999999,skipped_risk_gt_6pct,249.82,,,,3105,False,True,5.752717391304349,
CEMENT,DNCC,240,320,ascending,down,down,324,4.0,0.1817,0.198,0.01630000000000001,no_valid_consolidation,,,327.0,,327,False,False,-1.0,
CEMENT,DNCC,1440,1520,symmetrical,sequential,up,1522,4.0,6.15,5.45,0.7000000000000002,skipped_risk_gt_6pct,5.15,,1525.0,,1525,False,False,-1.0,
CEMENT,DNCC,2160,2240,symmetrical,sequential,up,2241,4.0,18.49,17.8,0.6899999999999977,no_valid_consolidation,,,2242.0,,2242,False,False,-1.0,
CHEMICAL,DOL,680,760,descending,down,down,761,4.0,4.61,4.65,0.040000000000000036,skipped_risk_gt_6pct,5.04,,762.0,,762,False,False,-1.0,
CHEMICAL,DOL,3200,3280,descending,whipsaw,up,3282,4.0,23.16,22.85,0.3099999999999987,skipped_risk_gt_6pct,21.2,,3283.0,,3283,False,False,-1.0,
CHEMICAL,DOL,3560,3640,symmetrical,down,down,3646,2.0,24.55,26.0,1.4499999999999993,skipped_risk_gt_6pct,26.93,,3731.0,,3731,False,False,-1.0,
ENGINEERING,DSL,2280,2360,ascending,whipsaw,down,2362,4.0,11.31,12.35,1.0399999999999991,skipped_risk_gt_6pct,12.61,,2364.0,,2364,False,False,-1.0,
ENGINEERING,DSL,3080,3160,ascending,sequential,down,3172,3.0,4.42,4.7,0.28000000000000025,skipped_risk_gt_6pct,4.98,,3186.0,,3186,False,False,-1.0,
ENGINEERING,DSL,4000,4080,descending,up,up,4091,3.0,6.12,5.55,0.5700000000000003,skipped_risk_gt_6pct,5.3,,,,4181,False,True,1.5087719298245612,
ENGINEERING,DSL,4360,4440,descending,down,down,4441,1.0,5.92,6.25,0.33000000000000007,no_valid_consolidation,,,4471.0,,4471,False,False,-1.0,
CHEMICAL,DYNO,400,480,ascending,sequential,down,481,4.0,18.0,18.3,0.3000000000000007,ok,18.94,0.9400000000000013,482.0,486.0,482,False,False,-1.0,-0.4255319148936149
CHEMICAL,DYNO,880,960,descending,down,down,992,4.0,9.61,10.25,0.6400000000000006,no_valid_consolidation,,,995.0,,995,False,False,-1.0,
MISCELLANEOUS,ECOP,280,360,descending,down,down,376,4.0,24.715,24.7889,0.07390000000000185,skipped_risk_gt_6pct,26.42,,377.0,,377,False,False,-1.0,
MISCELLANEOUS,ECOP,1040,1120,ascending,down,down,1121,4.0,4.88,5.16,0.28000000000000025,no_valid_consolidation,,,1124.0,,1124,False,False,-1.0,
MISCELLANEOUS,ECOP,4920,5000,ascending,up,up,5004,2.0,51.34,48.3,3.0400000000000063,skipped_risk_gt_6pct,46.03,,,,5026,False,True,-0.08552631578947519,
FERTILIZER,EFERT,520,600,descending,down,down,601,1.0,66.58,68.25,1.6700000000000017,ok,69.08,2.5,619.0,620.0,619,False,False,-1.0,-0.5560000000000003
FERTILIZER,EFERT,1320,1400,ascending,up,up,1401,4.0,69.02,67.0,2.019999999999996,ok,65.34,3.6799999999999926,1405.0,,1405,False,False,-1.0,-0.49184782608695815
INSURANCE,EFUG,1680,1760,symmetrical,up,up,1763,1.0,45.6791,43.8775,1.8016000000000005,ok,43.44,2.2391000000000005,,,1853,False,True,0.4483792184724689,0.3607699522129427
INSURANCE,EFUL,760,840,descending,sequential,down,841,4.0,104.5,106.0,1.5,no_valid_consolidation,,,842.0,,842,False,False,-1.0,
INSURANCE,EFUL,2760,2840,symmetrical,sequential,down,2841,4.0,206.66,212.01,5.349999999999994,skipped_risk_gt_6pct,222.2,,2850.0,,2850,False,False,-1.0,
FERTILIZER,ENGRO,80,160,descending,up,up,161,1.0,93.7758,88.8765,4.899300000000011,skipped_risk_gt_6pct,85.26,,,,251,False,True,6.9140693568468805,
FERTILIZER,ENGRO,1280,1360,descending,up,up,1381,2.0,137.5634,133.6592,3.904200000000003,ok,131.33,6.233399999999989,,,1471,False,True,4.3116899748988216,2.700564699842786
FERTILIZER,ENGRO,1320,1400,ascending,up,up,1405,2.0,141.0312,137.3337,3.6975000000000193,ok,134.75,6.2812000000000126,,,1495,False,True,4.399513184584149,2.589823600585866
FERTILIZER,ENGRO,1840,1920,symmetrical,sequential,down,1930,3.0,88.74,92.5,3.760000000000005,ok,94.03,5.290000000000006,1945.0,1948.0,1945,False,False,-1.0,-0.3081285444234419
FERTILIZER,ENGRO,1880,1960,ascending,up,up,1961,1.0,99.16,93.55,5.609999999999999,skipped_risk_gt_6pct,92.42,,,,2051,False,True,3.9946524064171123,
FERTILIZER,ENGRO,4200,4280,descending,down,down,4284,4.0,253.68,257.0,3.319999999999993,ok,261.84,8.159999999999968,4285.0,4374.0,4285,False,False,-1.0,0.16911764705882362
CHEMICAL,EPCL,2840,2920,descending,sequential,up,2923,4.0,27.57,25.99,1.5800000000000018,skipped_risk_gt_6pct,25.54,,2927.0,,2927,False,False,-1.0,
CHEMICAL,EPCLPS,280,360,descending,up,up,364,4.0,12.0,11.51,0.4900000000000002,skipped_risk_gt_6pct,11.19,,366.0,,366,False,False,-1.0,
POWER GENERATION & DISTRIBUTION,EPQL,960,1040,descending,up,up,1053,2.0,16.8362,16.3721,0.46410000000000196,ok,16.11,0.7262000000000022,1061.0,1073.0,1061,False,False,-1.0,-0.5378683558248438
POWER GENERATION & DISTRIBUTION,EPQL,1960,2040,symmetrical,sequential,up,2045,4.0,20.6677,19.071,1.5966999999999985,skipped_risk_gt_6pct,17.93,,2052.0,,2052,False,False,-1.0,
POWER GENERATION & DISTRIBUTION,EPQL,2040,2120,symmetrical,down,down,2123,4.0,17.4892,17.9992,0.509999999999998,skipped_risk_gt_6pct,18.68,,2124.0,,2124,False,False,-1.0,
AUTOMOBILE PARTS & ACCESSORIES,EXIDE,4120,4200,descending,up,up,4221,4.0,857.18,842.0,15.17999999999995,no_valid_consolidation,,,4223.0,,4223,False,False,-1.0,
AUTOMOBILE PARTS & ACCESSORIES,EXIDE,4160,4240,ascending,down,down,4242,1.0,832.81,900.0,67.19000000000005,skipped_risk_gt_6pct,909.0,,,,4332,False,True,3.040184551272508,
COMMERCIAL BANKS,FABL,600,680,ascending,down,down,681,4.0,73.0,74.85,1.8499999999999943,skipped_risk_gt_6pct,80.04,,682.0,,682,False,False,-1.0,
COMMERCIAL BANKS,FABL,2040,2120,symmetrical,sequential,down,2127,4.0,10.07,11.54,1.4699999999999989,skipped_risk_gt_6pct,11.67,,2154.0,,2154,False,False,-1.0,
TEXTILE COMPOSITE,FASM,120,200,descending,down,down,201,1.0,34.3,36.1,1.8000000000000043,no_valid_consolidation,,,,,291,False,True,0.8611111111111075,
TEXTILE COMPOSITE,FASM,360,440,symmetrical,up,up,441,1.0,47.99,47.35,0.6400000000000006,ok,46.59,1.3999999999999986,,,531,False,True,57.82812499999994,26.43571428571431
FERTILIZER,FATIMA,1240,1320,symmetrical,up,up,1323,1.0,40.68,39.25,1.4299999999999997,skipped_risk_gt_6pct,37.62,,,,1413,False,True,3.965034965034967,
FERTILIZER,FATIMA,2080,2160,ascending,down,down,2161,4.0,34.43,34.5,0.07000000000000028,ok,35.84,1.4100000000000037,2162.0,2176.0,2162,False,False,-1.0,-0.22695035460992868
CEMENT,FCCL,2520,2600,descending,up,up,2612,4.0,36.72,34.54,2.1799999999999997,skipped_risk_gt_6pct,33.71,,2634.0,,2634,False,False,-1.0,
CEMENT,FCCL,2560,2640,ascending,sequential,down,2647,4.0,34.02,34.88,0.8599999999999994,ok,35.55,1.529999999999994,2651.0,2652.0,2651,False,False,-1.0,-0.6535947712418326
CEMENT,FCCL,5080,5160,ascending,down,down,5167,4.0,56.16,58.9,2.740000000000002,skipped_risk_gt_6pct,61.7,,5168.0,,5168,False,False,-1.0,
FOOD & PERSONAL CARE PRODUCTS,FCEPL,720,800,descending,up,up,808,1.0,99.36,98.1,1.2600000000000051,ok,93.75,5.609999999999999,,,898,False,True,14.626984126984073,3.2852049910873458
FOOD & PERSONAL CARE PRODUCTS,FCEPL,1000,1080,descending,down,down,1093,4.0,139.44,149.0,9.560000000000002,skipped_risk_gt_6pct,153.52,,1101.0,,1101,False,False,-1.0,
FOOD & PERSONAL CARE PRODUCTS,FCEPL,2920,3000,descending,up,up,3004,2.0,59.23,55.1,4.1299999999999955,skipped_risk_gt_6pct,53.96,,,,3094,False,True,2.937046004842619,
FOOD & PERSONAL CARE PRODUCTS,FCEPL,3280,3360,symmetrical,sequential,up,3384,3.0,89.79,84.05,5.740000000000009,skipped_risk_gt_6pct,80.19,,3395.0,,3395,False,False,-1.0,
FOOD & PERSONAL CARE PRODUCTS,FCEPL,3480,3560,symmetrical,sequential,up,3565,4.0,93.79,85.5,8.290000000000006,skipped_risk_gt_6pct,84.64,,3581.0,,3581,False,False,-1.0,
CEMENT,FECTC,3520,3600,symmetrical,up,up,3606,2.0,35.35,34.55,0.8000000000000043,skipped_risk_gt_6pct,32.69,,3616.0,,3616,False,False,-1.0,
CEMENT,FECTC,4240,4320,descending,down,down,4323,3.0,30.0,33.3,3.299999999999997,no_valid_consolidation,,,4345.0,,4345,False,False,-1.0,
PHARMACEUTICALS,FEROZ,1240,1320,ascending,sequential,up,1333,4.0,98.53,94.03,4.5,skipped_risk_gt_6pct,91.18,,1334.0,,1334,False,False,-1.0,
FERTILIZER,FFC,360,440,descending,up,up,445,4.0,59.1387,57.8466,1.2920999999999978,ok,57.27,1.868699999999997,449.0,480.0,449,False,False,-1.0,-0.5584631026917106
FERTILIZER,FFC,400,480,ascending,down,down,481,2.0,57.0515,58.0206,0.9691000000000045,ok,59.65,2.5985000000000014,514.0,,514,False,False,-1.0,-0.36336347893015264
FERTILIZER,FFC,2760,2840,descending,down,down,2843,4.0,110.07,110.69,0.6200000000000045,ok,113.6,3.530000000000001,2844.0,2926.0,2844,False,False,-1.0,-0.5382436260623243
FERTILIZER,FFC,3520,3600,symmetrical,up,up,3603,2.0,95.68,93.4,2.280000000000001,ok,90.98,4.700000000000003,,,3693,False,True,4.311403508771927,2.091489361702126
FERTILIZER,FFC,4880,4960,symmetrical,down,down,4961,4.0,374.09,375.0,0.910000000000025,skipped_risk_gt_6pct,406.27,,4962.0,,4962,False,False,-1.0,
FOOD & PERSONAL CARE PRODUCTS,FFL,280,360,ascending,sequential,up,372,4.0,52.0,49.9,2.1000000000000014,no_valid_consolidation,,,373.0,,373,False,False,-1.0,
CEMENT,FLYNG,160,240,descending,down,down,241,1.0,11.8,12.15,0.34999999999999964,ok,12.37,0.5699999999999985,,,331,False,True,20.571428571428594,12.631578947368457
CEMENT,FLYNG,1320,1400,symmetrical,down,down,1401,3.0,3.41,3.72,0.31000000000000005,skipped_risk_gt_6pct,3.76,,1422.0,,1422,False,False,-1.0,
CEMENT,FLYNG,3680,3760,descending,down,down,3761,1.0,6.66,6.85,0.1899999999999995,skipped_risk_gt_6pct,7.27,,,,3851,False,True,4.4210526315789584,
TEXTILE COMPOSITE,FML,1720,1800,descending,down,down,1807,4.0,62.03,64.0,1.9699999999999989,skipped_risk_gt_6pct,67.67,,1818.0,,1818,False,False,-1.0,
AUTOMOBILE ASSEMBLER,GAL,520,600,symmetrical,up,up,601,4.0,475.3,465.05,10.25,skipped_risk_gt_6pct,441.54,,602.0,,602,False,False,-1.0,
TEXTILE COMPOSITE,GATM,840,920,symmetrical,sequential,up,922,4.0,23.98,22.7,1.2800000000000011,skipped_risk_gt_6pct,21.29,,927.0,,927,False,False,-1.0,
TEXTILE COMPOSITE,GATM,1000,1080,ascending,up,up,1081,2.0,22.43,21.4,1.0300000000000011,skipped_risk_gt_6pct,20.11,,1111.0,,1111,False,False,-1.0,
TEXTILE COMPOSITE,GFIL,1720,1800,ascending,down,down,1813,1.0,3.46,4.2,0.7400000000000002,no_valid_consolidation,,,1846.0,,1846,False,False,-1.0,
TEXTILE COMPOSITE,GFIL,2840,2920,descending,down,down,2923,4.0,8.38,9.3,0.9199999999999999,skipped_risk_gt_6pct,9.79,,2937.0,,2937,False,False,-1.0,
GLASS & CERAMICS,GGGL,1880,1960,ascending,down,down,1961,4.0,6.3,6.4,0.10000000000000053,skipped_risk_gt_6pct,6.75,,1963.0,,1963,False,False,-1.0,
CHEMICAL,GGL,1760,1840,descending,down,down,1841,4.0,30.75,32.19,1.4399999999999977,skipped_risk_gt_6pct,34.34,,1844.0,,1844,False,False,-1.0,
GLASS & CERAMICS,GHGL,40,120,descending,down,down,128,3.0,67.05,73.0,5.950000000000003,skipped_risk_gt_6pct,75.7,,184.0,,184,False,False,-1.0,
GLASS & CERAMICS,GHGL,1360,1440,ascending,down,down,1442,4.0,52.64,54.0,1.3599999999999994,ok,55.05,2.4099999999999966,1445.0,1446.0,1445,False,False,-1.0,-0.13278008298755217
GLASS & CERAMICS,GHGL,2480,2560,symmetrical,whipsaw,up,2565,4.0,95.83,93.7,2.1299999999999955,ok,92.07,3.760000000000005,2567.0,2567.0,2567,True,False,-1.0,-1.0
GLASS & CERAMICS,GHGL,3200,3280,descending,down,down,3292,3.0,44.99,48.05,3.059999999999995,skipped_risk_gt_6pct,49.99,,,,3382,False,True,1.3790849673202632,
GLASS & CERAMICS,GHGL,3880,3960,ascending,down,down,3991,2.0,41.26,43.0,1.740000000000002,skipped_risk_gt_6pct,44.89,,4017.0,,4017,False,False,-1.0,
GLASS & CERAMICS,GHGL,4000,4080,symmetrical,sequential,down,4086,4.0,39.81,40.8,0.9899999999999949,ok,41.28,1.4699999999999989,4090.0,4090.0,4090,True,False,-1.0,-1.0
AUTOMOBILE ASSEMBLER,GHNI,920,1000,symmetrical,down,down,1001,1.0,7.9702,8.9671,0.9969000000000001,skipped_risk_gt_6pct,9.23,,,,1091,False,True,2.587621627043836,
AUTOMOBILE ASSEMBLER,GHNI,1360,1440,descending,up,up,1447,2.0,3.3355,3.0756,0.2599,skipped_risk_gt_6pct,2.95,,,,1537,False,True,5.344363216621776,
AUTOMOBILE ASSEMBLER,GHNI,4040,4120,symmetrical,down,down,4121,2.0,85.99,88.0,2.010000000000005,ok,90.55,4.560000000000002,4149.0,4149.0,4149,True,False,-1.0,-1.0
PHARMACEUTICALS,GLAXO,1480,1560,ascending,down,down,1567,2.0,70.5,73.9,3.4000000000000057,ok,74.64,4.140000000000001,1616.0,,1616,False,False,-1.0,-0.00966183574879378
PHARMACEUTICALS,GLAXO,2440,2520,descending,up,up,2521,4.0,200.2,192.02,8.179999999999978,ok,190.1,10.099999999999994,2526.0,2545.0,2526,False,False,-1.0,-0.6376237623762377
PHARMACEUTICALS,GLAXO,2560,2640,ascending,down,down,2641,4.0,219.4,228.0,8.599999999999994,skipped_risk_gt_6pct,234.98,,2648.0,,2648,False,False,-1.0,
PHARMACEUTICALS,GLAXO,3400,3480,symmetrical,down,down,3481,1.0,116.51,118.99,2.4799999999999898,ok,121.4,4.890000000000001,,,3571,False,True,7.431451612903259,3.7689161554192236
FOOD & PERSONAL CARE PRODUCTS,GLPL,640,720,symmetrical,sequential,up,724,4.0,47.5087,46.5257,0.982999999999997,no_valid_consolidation,,,725.0,,725,False,False,-1.0,
FOOD & PERSONAL CARE PRODUCTS,GLPL,720,800,ascending,down,down,807,4.0,43.5769,45.8704,2.2934999999999945,no_valid_consolidation,,,818.0,,818,False,False,-1.0,
AUTOMOBILE PARTS & ACCESSORIES,GTYR,4640,4720,ascending,down,down,4721,4.0,37.28,38.43,1.1499999999999986,skipped_risk_gt_6pct,39.88,,4730.0,,4730,False,False,-1.0,
GLASS & CERAMICS,GVGL,720,800,symmetrical,down,down,801,1.0,15.75,16.0,0.25,no_valid_consolidation,,,804.0,,804,False,False,-1.0,
CEMENT,GWLC,960,1040,descending,up,up,1052,4.0,12.4716,11.59,0.8816000000000006,skipped_risk_gt_6pct,11.29,,1059.0,,1059,False,False,-1.0,
CEMENT,GWLC,2720,2800,descending,down,down,2814,2.0,56.8,58.49,1.6900000000000048,skipped_risk_gt_6pct,60.59,,,,2904,False,True,16.337278106508826,
PHARMACEUTICALS,HALEON,0,80,descending,up,up,84,4.0,139.71,134.0,5.710000000000008,skipped_risk_gt_6pct,130.68,,86.0,,86,False,False,-1.0,
OIL & GAS MARKETING COMPANIES,HASCOL,2600,2680,symmetrical,sequential,up,2685,4.0,12.37,12.0,0.3699999999999992,ok,11.78,0.5899999999999999,2689.0,2694.0,2689,False,False,-1.0,-0.644067796610168
COMMERCIAL BANKS,HBL,2040,2120,descending,up,up,2123,1.0,176.22,173.0,3.219999999999999,ok,170.82,5.400000000000006,2154.0,2154.0,2154,True,False,-1.0,-1.0
COMMERCIAL BANKS,HBL,3200,3280,ascending,sequential,up,3288,4.0,140.12,136.8,3.319999999999993,skipped_risk_gt_6pct,130.98,,3309.0,,3309,False,False,-1.0,
COMMERCIAL BANKS,HBL,3800,3880,descending,sequential,down,3885,3.0,70.51,72.2,1.6899999999999977,ok,74.74,4.22999999999999,3898.0,3899.0,3898,False,False,-1.0,-0.6430260047281336
AUTOMOBILE ASSEMBLER,HINO,1840,1920,descending,up,up,1935,3.0,682.2704,637.6039,44.66650000000004,skipped_risk_gt_6pct,622.41,,1952.0,,1952,False,False,-1.0,
PHARMACEUTICALS,HINOON,680,760,descending,down,down,762,4.0,79.25,87.0,7.75,skipped_risk_gt_6pct,88.88,,784.0,,784,False,False,-1.0,
COMMERCIAL BANKS,HMB,880,960,descending,up,up,966,4.0,28.07,26.3,1.7699999999999996,no_valid_consolidation,,,970.0,,970,False,False,-1.0,
COMMERCIAL BANKS,HMB,1080,1160,ascending,down,down,1175,1.0,30.94,33.19,2.2499999999999964,skipped_risk_gt_6pct,34.95,,,,1265,False,True,3.9244444444444513,
COMMERCIAL BANKS,HMB,4200,4280,descending,up,up,4292,4.0,35.48,34.5,0.9799999999999969,ok,33.46,2.019999999999996,4297.0,4297.0,4297,True,False,-1.0,-1.0
COMMERCIAL BANKS,HMB,4960,5040,descending,up,up,5045,2.0,114.36,111.01,3.3499999999999943,ok,109.01,5.349999999999994,5086.0,5091.0,5086,False,False,-1.0,-0.6056074766355137
OIL & GAS MARKETING COMPANIES,HTL,1560,1640,descending,down,down,1642,2.0,37.46,39.14,1.6799999999999997,skipped_risk_gt_6pct,40.2,,,,1732,False,True,8.589285714285715,
POWER GENERATION & DISTRIBUTION,HUBC,1320,1400,descending,up,up,1401,1.0,36.37,35.65,0.7199999999999989,skipped_risk_gt_6pct,33.07,,,,1491,False,True,1.9722222222222276,
TECHNOLOGY & COMMUNICATION,HUMNL,3640,3720,symmetrical,down,down,3725,2.0,6.57,7.22,0.6499999999999995,skipped_risk_gt_6pct,7.36,,,,3815,False,True,1.246153846153848,
PHARMACEUTICALS,IBLHL,360,440,ascending,up,up,441,4.0,9.4,9.16,0.2400000000000002,no_valid_consolidation,,,442.0,,442,False,False,-1.0,
PHARMACEUTICALS,IBLHL,3320,3400,symmetrical,down,down,3426,4.0,32.9,34.15,1.25,ok,34.83,1.9299999999999997,3428.0,3455.0,3428,False,False,-1.0,0.2746113989637312
PHARMACEUTICALS,IBLHL,3920,4000,symmetrical,down,down,4002,3.0,60.12,63.74,3.6200000000000045,skipped_risk_gt_6pct,64.38,,4042.0,,4042,False,False,-1.0,
INSURANCE,IGIL,2120,2200,descending,down,down,2203,2.0,47.09,50.9,3.809999999999995,skipped_risk_gt_6pct,56.05,,,,2293,False,True,2.664041994750661,
INSURANCE,IGIL,2640,2720,descending,sequential,down,2730,4.0,12.85,13.68,0.8300000000000001,skipped_risk_gt_6pct,13.98,,2736.0,,2736,False,False,-1.0,
TEXTILE COMPOSITE,ILP,800,880,ascending,down,down,881,2.0,60.01,62.0,1.990000000000002,skipped_risk_gt_6pct,64.53,,,,971,False,True,5.3618090452261224,
AUTOMOBILE ASSEMBLER,INDU,3000,3080,ascending,down,down,3084,4.0,1699.2,1778.97,79.76999999999998,ok,1796.76,97.55999999999995,3103.0,3104.0,3103,False,False,-1.0,-0.6169536695366963
AUTOMOBILE ASSEMBLER,INDU,3360,3440,ascending,down,down,3441,4.0,1200.31,1240.0,39.690000000000055,skipped_risk_gt_6pct,1297.85,,3469.0,,3469,False,False,-1.0,
FOOD & PERSONAL CARE PRODUCTS,ISIL,1680,1760,symmetrical,down,down,1761,4.0,1776.71,1800.0,23.289999999999964,ok,1818.0,41.289999999999964,1763.0,1769.0,1763,False,False,-1.0,0.7149430854928556
ENGINEERING,ISL,2560,2640,descending,sequential,down,2641,4.0,60.73,62.02,1.2900000000000063,skipped_risk_gt_6pct,67.66,,2643.0,,2643,False,False,-1.0,
ENGINEERING,ISL,2840,2920,symmetrical,sequential,up,2932,4.0,44.99,43.07,1.9200000000000017,skipped_risk_gt_6pct,41.42,,2934.0,,2934,False,False,-1.0,
ENGINEERING,ISL,3320,3400,descending,sequential,down,3405,3.0,77.45,82.25,4.799999999999997,skipped_risk_gt_6pct,83.07,,3434.0,,3434,False,False,-1.0,
ENGINEERING,ITTEFAQ,120,200,symmetrical,down,down,201,1.0,19.91,21.01,1.1000000000000014,skipped_risk_gt_6pct,21.61,,,,291,False,True,4.6363636363636305,
INSURANCE,JGICL,400,480,ascending,up,up,481,4.0,140.0579,135.2912,4.766699999999986,no_valid_consolidation,,,482.0,,482,False,False,-1.0,
INSURANCE,JGICL,1120,1200,ascending,up,up,1201,2.0,37.1271,35.603,1.5240999999999971,skipped_risk_gt_6pct,34.66,,,,1291,False,True,3.7322354176235213,
INSURANCE,JGICL,3640,3720,descending,sequential,up,3721,4.0,82.21,81.37,0.8399999999999892,skipped_risk_gt_6pct,77.22,,3722.0,,3722,False,False,-1.0,
INSURANCE,JLICL,1560,1640,ascending,up,up,1641,4.0,82.5,77.5,5.0,skipped_risk_gt_6pct,72.52,,1643.0,,1643,False,False,-1.0,
INSURANCE,JLICL,4280,4360,descending,up,up,4361,2.0,178.3,167.35,10.950000000000017,skipped_risk_gt_6pct,162.86,,,,4382,False,True,-0.02648401826484201,
COMMERCIAL BANKS,JSBL,160,240,symmetrical,sequential,down,242,4.0,18.8,19.35,0.5500000000000007,skipped_risk_gt_6pct,20.15,,244.0,,244,False,False,-1.0,
COMMERCIAL BANKS,JSBL,1200,1280,symmetrical,up,up,1281,4.0,5.51,5.34,0.16999999999999993,ok,5.23,0.27999999999999936,1284.0,1289.0,1284,False,False,-1.0,-0.39285714285714174
COMMERCIAL BANKS,JSBL,1600,1680,symmetrical,sequential,down,1684,4.0,4.09,4.38,0.29000000000000004,skipped_risk_gt_6pct,4.49,,1692.0,,1692,False,False,-1.0,
COMMERCIAL BANKS,JSBL,3240,3320,descending,sequential,up,3321,3.0,7.15,6.75,0.40000000000000036,skipped_risk_gt_6pct,6.68,,3333.0,,3333,False,False,-1.0,
COMMERCIAL BANKS,JSBL,3360,3440,ascending,down,down,3448,4.0,5.25,5.45,0.20000000000000018,skipped_risk_gt_6pct,5.71,,3454.0,,3454,False,False,-1.0,
TEXTILE COMPOSITE,JUBS,560,640,ascending,sequential,down,641,4.0,5.41,5.65,0.2400000000000002,skipped_risk_gt_6pct,6.06,,645.0,,645,False,False,-1.0,
PROPERTY,JVDC,1120,1200,symmetrical,up,up,1201,1.0,30.3,28.75,1.5500000000000007,skipped_risk_gt_6pct,28.15,,1249.0,,1249,False,False,-1.0,
POWER GENERATION & DISTRIBUTION,KAPCO,1680,1760,symmetrical,up,up,1762,4.0,45.45,43.75,1.7000000000000028,ok,42.87,2.5800000000000054,1765.0,,1765,False,False,-1.0,-0.4961240310077513
POWER GENERATION & DISTRIBUTION,KAPCO,2440,2520,ascending,sequential,down,2532,4.0,86.27,87.7,1.4300000000000068,ok,89.39,3.1200000000000045,2538.0,2546.0,2538,False,False,-1.0,-0.17307692307692482
POWER GENERATION & DISTRIBUTION,KAPCO,2480,2560,ascending,sequential,up,2561,3.0,93.68,89.11,4.570000000000007,ok,88.22,5.460000000000008,2597.0,2597.0,2597,True,False,-1.0,-1.0
POWER GENERATION & DISTRIBUTION,KAPCO,4200,4280,descending,up,up,4282,1.0,27.7,26.89,0.8099999999999987,skipped_risk_gt_6pct,26.03,,4338.0,,4338,False,False,-1.0,
POWER GENERATION & DISTRIBUTION,KAPCO,5160,5240,descending,up,up,5241,4.0,28.26,28.16,0.10000000000000142,ok,27.47,0.7900000000000027,5242.0,5250.0,5242,False,False,-1.0,0.025316455696201907
POWER GENERATION & DISTRIBUTION,KEL,3160,3240,ascending,sequential,up,3242,3.0,6.75,6.45,0.2999999999999998,skipped_risk_gt_6pct,6.15,,3271.0,,3271,False,False,-1.0,
TEXTILE COMPOSITE,KML,1280,1360,descending,sequential,up,1373,3.0,17.6,16.1,1.5,skipped_risk_gt_6pct,15.85,,1384.0,,1384,False,False,-1.0,
CEMENT,KOHC,2120,2200,ascending,sequential,up,2201,3.0,122.65,115.75,6.900000000000006,skipped_risk_gt_6pct,113.36,,2272.0,,2272,False,False,-1.0,
CEMENT,KOHC,3800,3880,symmetrical,whipsaw,down,3883,4.0,212.66,219.5,6.840000000000003,ok,225.23,12.569999999999993,3884.0,3884.0,3884,True,False,-1.0,-1.0
CEMENT,KOHC,4240,4320,ascending,down,down,4327,4.0,155.77,166.85,11.079999999999984,skipped_risk_gt_6pct,170.59,,4332.0,,4332,False,False,-1.0,
CEMENT,KOHC,4840,4920,ascending,down,down,4922,3.0,373.07,389.0,15.930000000000007,ok,393.9,20.829999999999984,4926.0,4927.0,4926,False,False,-1.0,-0.6711473835813744
POWER GENERATION & DISTRIBUTION,KOHE,2440,2520,ascending,up,up,2540,4.0,32.6888,32.2702,0.41859999999999786,ok,31.65,1.038800000000002,2541.0,,2541,False,False,-1.0,-0.14651520985752817
POWER GENERATION & DISTRIBUTION,KOHP,3560,3640,ascending,down,down,3649,3.0,3.72,4.14,0.4199999999999995,no_valid_consolidation,,,3688.0,,3688,False,False,-1.0,
TEXTILE COMPOSITE,KOIL,1720,1800,descending,sequential,up,1801,4.0,3.79,3.45,0.33999999999999986,no_valid_consolidation,,,1802.0,,1802,False,False,-1.0,
TEXTILE COMPOSITE,KOIL,3760,3840,descending,whipsaw,down,3855,4.0,5.5,5.99,0.4900000000000002,no_valid_consolidation,,,3857.0,,3857,False,False,-1.0,
TEXTILE COMPOSITE,KOIL,3960,4040,symmetrical,up,up,4041,3.0,5.1,4.9,0.1999999999999993,skipped_risk_gt_6pct,4.65,,4047.0,,4047,False,False,-1.0,
TEXTILE COMPOSITE,KTML,2200,2280,descending,sequential,up,2281,4.0,24.15,24.0,0.14999999999999858,ok,23.76,0.389999999999997,2282.0,2282.0,2282,True,False,-1.0,-1.0
AUTOMOBILE PARTS & ACCESSORIES,LOADS,1120,1200,symmetrical,down,down,1201,4.0,19.56,20.18,0.620000000000001,no_valid_consolidation,,,1202.0,,1202,False,False,-1.0,
AUTOMOBILE PARTS & ACCESSORIES,LOADS,2200,2280,symmetrical,down,down,2288,1.0,17.86,18.38,0.5199999999999996,no_valid_consolidation,,,,,2378,False,True,7.096153846153851,
CHEMICAL,LOTCHEM,1000,1080,descending,up,up,1084,1.0,3.03,2.91,0.11999999999999966,skipped_risk_gt_6pct,2.79,,,,1174,False,True,34.7500000000001,
CHEMICAL,LOTCHEM,1720,1800,symmetrical,down,down,1801,1.0,7.4,7.69,0.29000000000000004,skipped_risk_gt_6pct,7.98,,1819.0,,1819,False,False,-1.0,
CHEMICAL,LOTCHEM,4400,4480,descending,up,up,4484,4.0,25.91,24.81,1.1000000000000014,skipped_risk_gt_6pct,23.9,,4485.0,,4485,False,False,-1.0,
CHEMICAL,LPGL,1640,1720,symmetrical,down,down,1731,4.0,106.25,109.0,2.75,skipped_risk_gt_6pct,114.23,,1732.0,,1732,False,False,-1.0,
POWER GENERATION & DISTRIBUTION,LPL,80,160,descending,down,down,161,4.0,9.1843,9.3813,0.19699999999999918,skipped_risk_gt_6pct,10.42,,163.0,,163,False,False,-1.0,
POWER GENERATION & DISTRIBUTION,LPL,120,200,descending,down,down,207,4.0,9.1895,9.3294,0.13989999999999903,ok,9.55,0.36050000000000004,209.0,282.0,209,False,False,-1.0,-0.3880721220527018
POWER GENERATION & DISTRIBUTION,LPL,400,480,ascending,down,down,488,1.0,16.057,16.7463,0.6893000000000029,skipped_risk_gt_6pct,17.53,,541.0,,541,False,False,-1.0,
POWER GENERATION & DISTRIBUTION,LPL,720,800,descending,up,up,821,1.0,11.9987,11.3093,0.6893999999999991,skipped_risk_gt_6pct,11.16,,856.0,,856,False,False,-1.0,
CEMENT,LUCK,2040,2120,descending,up,up,2121,1.0,239.98,237.5,2.4799999999999898,ok,228.64,11.340000000000003,,,2211,False,True,39.48387096774209,8.634920634920631
MISCELLANEOUS,MACFL,3800,3880,descending,up,up,3881,4.0,16.99,15.22,1.7699999999999978,skipped_risk_gt_6pct,15.07,,3892.0,,3892,False,False,-1.0,
PHARMACEUTICALS,MACTER,360,440,symmetrical,sequential,up,441,4.0,183.0,157.0,26.0,no_valid_consolidation,,,451.0,,451,False,False,-1.0,
PHARMACEUTICALS,MACTER,1000,1080,symmetrical,down,down,1086,4.0,381.43,395.0,13.569999999999993,skipped_risk_gt_6pct,410.06,,1097.0,,1097,False,False,-1.0,
OIL & GAS EXPLORATION COMPANIES,MARI,680,760,symmetrical,whipsaw,down,763,4.0,143.7893,149.6427,5.8533999999999935,ok,151.6,7.810699999999997,767.0,795.0,767,False,False,-1.0,-0.5571587693804652
COMMERCIAL BANKS,MCB,1280,1360,ascending,up,up,1379,4.0,200.01,196.15,3.859999999999985,ok,191.76,8.25,1382.0,,1382,False,False,-1.0,-0.2315151515151511
COMMERCIAL BANKS,MCB,1800,1880,symmetrical,up,up,1882,2.0,187.99,186.0,1.990000000000009,ok,181.27,6.719999999999999,1891.0,,1891,False,False,-1.0,-0.2812500000000022
COMMERCIAL BANKS,MCB,2080,2160,ascending,whipsaw,up,2165,4.0,299.54,283.0,16.54000000000002,skipped_risk_gt_6pct,279.28,,2167.0,,2167,False,False,-1.0,
COMMERCIAL BANKS,MCB,2120,2200,ascending,down,down,2201,4.0,277.66,282.97,5.310000000000002,ok,288.61,10.949999999999989,2219.0,2265.0,2219,False,False,-1.0,-0.5369863013698631
COMMERCIAL BANKS,MCB,3080,3160,symmetrical,up,up,3162,1.0,210.14,199.5,10.639999999999986,skipped_risk_gt_6pct,193.54,,,,3252,False,True,-0.847744360902255,
COMMERCIAL BANKS,MCB,4120,4200,ascending,down,down,4201,1.0,148.81,154.0,5.189999999999998,skipped_risk_gt_6pct,162.41,,4224.0,,4224,False,False,-1.0,
COMMERCIAL BANKS,MEBL,1000,1080,descending,up,up,1082,4.0,11.58,11.24,0.33999999999999986,skipped_risk_gt_6pct,10.71,,1083.0,,1083,False,False,-1.0,
COMMERCIAL BANKS,MEBL,1560,1640,ascending,sequential,down,1645,3.0,18.92,19.4,0.4799999999999969,ok,19.7,0.7799999999999976,1676.0,1676.0,1676,True,False,-1.0,-1.0
COMMERCIAL BANKS,MEBL,2080,2160,ascending,down,down,2169,2.0,38.57,39.0,0.4299999999999997,ok,39.59,1.0200000000000031,2180.0,2201.0,2180,False,False,-1.0,-0.1470588235294099
COMMERCIAL BANKS,MEBL,2280,2360,descending,up,up,2361,4.0,53.05,50.75,2.299999999999997,skipped_risk_gt_6pct,47.51,,2365.0,,2365,False,False,-1.0,
COMMERCIAL BANKS,MEBL,4800,4880,symmetrical,up,up,4893,4.0,243.26,240.65,2.609999999999985,ok,234.13,9.129999999999995,4896.0,,4896,False,False,-1.0,-0.244249726177436
PAPER & BOARD,MERIT,720,800,symmetrical,down,down,801,2.0,17.35,18.13,0.7799999999999976,no_valid_consolidation,,,853.0,,853,False,False,-1.0,
PAPER & BOARD,MERIT,1400,1480,ascending,down,down,1493,4.0,17.71,18.46,0.75,skipped_risk_gt_6pct,19.7,,1511.0,,1511,False,False,-1.0,
PAPER & BOARD,MERIT,4240,4320,ascending,down,down,4344,2.0,12.87,13.18,0.3100000000000005,ok,13.59,0.7200000000000006,,,4434,False,True,11.741935483870945,5.055555555555549
PAPER & BOARD,MERIT,4280,4360,descending,down,down,4361,2.0,12.36,13.15,0.7900000000000009,skipped_risk_gt_6pct,13.28,,,,4451,False,True,2.8481012658227813,
FOOD & PERSONAL CARE PRODUCTS,MFFL,2040,2120,ascending,down,down,2121,4.0,261.0,273.98,12.980000000000018,skipped_risk_gt_6pct,279.75,,2131.0,,2131,False,False,-1.0,
FOOD & PERSONAL CARE PRODUCTS,MFL,1240,1320,descending,up,up,1321,4.0,30.05,29.8,0.25,ok,29.5,0.5500000000000007,1325.0,1342.0,1325,False,False,-1.0,0.10909090909090663
CEMENT,MLCF,1360,1440,symmetrical,down,down,1441,1.0,2.75,2.89,0.14000000000000012,skipped_risk_gt_6pct,2.92,,1489.0,,1489,False,False,-1.0,
CEMENT,MLCF,2560,2640,symmetrical,down,down,2643,2.0,69.04,70.94,1.8999999999999915,skipped_risk_gt_6pct,74.43,,2653.0,,2653,False,False,-1.0,
CEMENT,MLCF,4080,4160,ascending,down,down,4168,4.0,32.51,34.41,1.8999999999999986,skipped_risk_gt_6pct,36.28,,4172.0,,4172,False,False,-1.0,
ENGINEERING,MSCL,1520,1600,descending,whipsaw,down,1601,4.0,20.65,22.26,1.610000000000003,no_valid_consolidation,,,1603.0,,1603,False,False,-1.0,
TEXTILE COMPOSITE,MSOT,840,920,symmetrical,whipsaw,up,921,4.0,29.88,29.6,0.2799999999999976,ok,28.18,1.6999999999999993,922.0,923.0,922,False,False,-1.0,-0.8705882352941182
TEXTILE COMPOSITE,MSOT,960,1040,descending,up,up,1041,1.0,28.35,27.0,1.3500000000000014,no_valid_consolidation,,,,,1131,False,True,76.7777777777777,
AUTOMOBILE ASSEMBLER,MTL,200,280,symmetrical,up,up,283,1.0,65.7186,62.5698,3.1487999999999943,skipped_risk_gt_6pct,60.33,,308.0,,308,False,False,-1.0,
AUTOMOBILE ASSEMBLER,MTL,1560,1640,descending,up,up,1643,1.0,140.8413,129.3095,11.531799999999976,skipped_risk_gt_6pct,127.95,,,,1733,False,True,2.9119911895801236,
AUTOMOBILE ASSEMBLER,MTL,3360,3440,symmetrical,sequential,up,3448,4.0,321.1768,313.305,7.8718000000000075,ok,310.18,10.996800000000007,3452.0,3452.0,3452,True,False,-1.0,-1.0
AUTOMOBILE ASSEMBLER,MTL,4160,4240,ascending,down,down,4243,3.0,304.0909,309.7447,5.653800000000047,ok,316.26,12.169100000000014,4259.0,4260.0,4259,False,False,-1.0,-0.9043314624746289
AUTOMOBILE ASSEMBLER,MTL,5040,5120,ascending,sequential,up,5123,4.0,292.0763,280.5072,11.569099999999992,skipped_risk_gt_6pct,270.78,,5132.0,,5132,False,False,-1.0,
ENGINEERING,MUGHAL,1120,1200,ascending,sequential,down,1201,4.0,42.01,42.19,0.17999999999999972,ok,44.22,2.210000000000001,1202.0,1210.0,1202,False,False,-1.0,0.895927601809953
FOOD & PERSONAL CARE PRODUCTS,MUREB,2600,2680,ascending,sequential,up,2681,3.0,1008.17,960.17,48.0,no_valid_consolidation,,,2684.0,,2684,False,False,-1.0,
FOOD & PERSONAL CARE PRODUCTS,MUREB,2800,2880,ascending,up,up,2882,4.0,820.0,806.01,13.990000000000009,ok,772.2,47.799999999999955,2884.0,2909.0,2884,False,False,-1.0,-0.2092050209205023
FOOD & PERSONAL CARE PRODUCTS,MUREB,3120,3200,descending,up,up,3208,3.0,589.99,555.0,34.99000000000001,skipped_risk_gt_6pct,549.45,,3249.0,,3249,False,False,-1.0,
MISCELLANEOUS,MWMP,760,840,symmetrical,up,up,841,3.0,0.07,0.0653,0.00470000000000001,no_valid_consolidation,,,872.0,,872,False,False,-1.0,
FOOD & PERSONAL CARE PRODUCTS,NATF,680,760,descending,down,down,762,2.0,32.01,32.8819,0.8719000000000037,skipped_risk_gt_6pct,33.97,,768.0,,768,False,False,-1.0,
FOOD & PERSONAL CARE PRODUCTS,NATF,1120,1200,symmetrical,up,up,1213,4.0,32.2841,31.6364,0.6477000000000039,ok,31.32,0.964100000000002,1218.0,1218.0,1218,True,False,-1.0,-1.0
FOOD & PERSONAL CARE PRODUCTS,NATF,2000,2080,descending,whipsaw,up,2081,4.0,358.39,335.12,23.269999999999982,skipped_risk_gt_6pct,329.67,,2084.0,,2084,False,False,-1.0,
FOOD & PERSONAL CARE PRODUCTS,NATF,3440,3520,descending,down,down,3521,4.0,162.28,166.6,4.319999999999993,skipped_risk_gt_6pct,178.77,,3527.0,,3527,False,False,-1.0,
COMMERCIAL BANKS,NBP,1320,1400,symmetrical,up,up,1401,2.0,39.3505,37.8842,1.4662999999999968,skipped_risk_gt_6pct,36.59,,,,1491,False,True,3.4741867285003147,
COMMERCIAL BANKS,NBP,1760,1840,descending,down,down,1842,4.0,33.9481,34.4876,0.5395000000000039,ok,34.91,0.9619,1843.0,1846.0,1843,False,False,-1.0,-0.41667533007589547
COMMERCIAL BANKS,NBP,3160,3240,ascending,sequential,up,3242,4.0,52.26,51.01,1.25,ok,50.29,1.9699999999999989,3243.0,3246.0,3243,False,False,-1.0,-0.5076142131979698
COMMERCIAL BANKS,NBP,4840,4920,descending,up,up,4921,1.0,64.69,62.56,2.1299999999999955,skipped_risk_gt_6pct,58.9,,,,5011,False,True,19.85446009389676,
TEXTILE COMPOSITE,NCL,360,440,symmetrical,down,down,444,4.0,46.9,47.75,0.8500000000000014,skipped_risk_gt_6pct,49.89,,447.0,,447,False,False,-1.0,
TEXTILE COMPOSITE,NCL,1280,1360,symmetrical,whipsaw,up,1361,4.0,16.51,16.5,0.010000000000001563,ok,15.74,0.7700000000000014,1362.0,1366.0,1362,False,False,-1.0,0.8311688311688258
TEXTILE COMPOSITE,NCL,2640,2720,descending,up,up,2740,2.0,34.47,33.15,1.3200000000000003,ok,32.67,1.7999999999999972,2793.0,,2793,False,False,-1.0,-0.7333333333333346
TEXTILE COMPOSITE,NCL,3360,3440,symmetrical,down,down,3476,2.0,50.79,52.39,1.6000000000000014,ok,52.91,2.1199999999999974,,,3566,False,True,12.599999999999989,9.509433962264163
POWER GENERATION & DISTRIBUTION,NCPL,0,80,symmetrical,down,down,81,4.0,9.15,9.61,0.4599999999999991,skipped_risk_gt_6pct,10.1,,86.0,,86,False,False,-1.0,
POWER GENERATION & DISTRIBUTION,NCPL,1240,1320,ascending,whipsaw,down,1333,4.0,49.04,52.0,2.960000000000001,skipped_risk_gt_6pct,53.38,,1335.0,,1335,False,False,-1.0,
FOOD & PERSONAL CARE PRODUCTS,NESTLE,2720,2800,ascending,up,up,2828,2.0,6290.0,5850.0,440.0,skipped_risk_gt_6pct,5742.01,,2843.0,,2843,False,False,-1.0,
TECHNOLOGY & COMMUNICATION,NETSOL,1200,1280,ascending,up,up,1281,4.0,25.39,24.79,0.6000000000000014,no_valid_consolidation,,,1282.0,,1282,False,False,-1.0,
CHEMICAL,NICL,2560,2640,ascending,down,down,2643,1.0,25.69,27.0,1.3099999999999987,skipped_risk_gt_6pct,28.38,,2693.0,,2693,False,False,-1.0,
TEXTILE COMPOSITE,NML,3400,3480,ascending,down,down,3481,4.0,122.55,128.0,5.450000000000003,skipped_risk_gt_6pct,135.33,,3484.0,,3484,False,False,-1.0,
REFINERY,NRL,2360,2440,ascending,sequential,up,2441,4.0,207.33,205.0,2.3300000000000125,ok,200.97,6.360000000000014,2442.0,2442.0,2442,True,False,-1.0,-1.0
CHEMICAL,NRSL,4720,4800,ascending,sequential,down,4806,4.0,21.26,21.65,0.389999999999997,skipped_risk_gt_6pct,23.73,,4808.0,,4808,False,False,-1.0,
OIL & GAS MARKETING COMPANIES,OBOY,440,520,symmetrical,down,down,527,4.0,5.94,6.2,0.2599999999999998,skipped_risk_gt_6pct,6.42,,532.0,,532,False,False,-1.0,
OIL & GAS EXPLORATION COMPANIES,OGDC,360,440,descending,up,up,441,4.0,135.85,135.55,0.29999999999998295,skipped_risk_gt_6pct,125.88,,442.0,,442,False,False,-1.0,
OIL & GAS EXPLORATION COMPANIES,OGDC,480,560,ascending,up,up,562,4.0,124.55,119.05,5.5,ok,117.86,6.689999999999998,574.0,579.0,574,False,False,-1.0,-0.8295964125560537
OIL & GAS EXPLORATION COMPANIES,OGDC,520,600,ascending,down,down,607,4.0,120.5,121.75,1.25,ok,125.04,4.540000000000006,614.0,680.0,614,False,False,-1.0,-0.3303964757709247
OIL & GAS EXPLORATION COMPANIES,OGDC,2400,2480,descending,down,down,2482,1.0,197.74,205.3,7.560000000000002,ok,207.56,9.819999999999993,,,2572,False,True,5.370370370370372,4.134419551934832
OIL & GAS EXPLORATION COMPANIES,OGDC,3760,3840,ascending,down,down,3841,4.0,108.86,113.0,4.140000000000001,ok,115.14,6.280000000000001,3848.0,3922.0,3848,False,False,-1.0,-0.5557324840764322
MISCELLANEOUS,PABC,480,560,symmetrical,up,up,561,1.0,54.13,53.03,1.1000000000000014,skipped_risk_gt_6pct,48.91,,,,651,False,True,14.427272727272706,
PROPERTY,PACE,2240,2320,symmetrical,up,up,2333,1.0,7.17,6.5,0.6699999999999999,skipped_risk_gt_6pct,6.4,,,,2423,False,True,6.985074626865672,
CABLE & ELECTRICAL GOODS,PAEL,1000,1080,descending,down,down,1085,4.0,13.4691,14.1692,0.7001000000000008,skipped_risk_gt_6pct,14.81,,1088.0,,1088,False,False,-1.0,
CABLE & ELECTRICAL GOODS,PAEL,2160,2240,symmetrical,up,up,2243,1.0,22.1,20.0,2.1000000000000014,skipped_risk_gt_6pct,19.7,,,,2333,False,True,3.347619047619044,
CABLE & ELECTRICAL GOODS,PAEL,2680,2760,descending,up,up,2761,4.0,65.59,63.97,1.6200000000000045,skipped_risk_gt_6pct,61.13,,2775.0,,2775,False,False,-1.0,
CABLE & ELECTRICAL GOODS,PAEL,4200,4280,descending,sequential,down,4293,4.0,14.5,15.25,0.75,no_valid_consolidation,,,4297.0,,4297,False,False,-1.0,
CABLE & ELECTRICAL GOODS,PAEL,4240,4320,ascending,sequential,down,4334,4.0,15.68,16.24,0.5599999999999987,skipped_risk_gt_6pct,16.7,,4342.0,,4342,False,False,-1.0,
CABLE & ELECTRICAL GOODS,PAEL,4640,4720,symmetrical,up,up,4728,4.0,23.92,22.44,1.4800000000000004,skipped_risk_gt_6pct,22.03,,4733.0,,4733,False,False,-1.0,
CABLE & ELECTRICAL GOODS,PAEL,4760,4840,descending,up,up,4859,4.0,26.23,25.0,1.2300000000000004,skipped_risk_gt_6pct,24.16,,4861.0,,4861,False,False,-1.0,
CABLE & ELECTRICAL GOODS,PAEL,4800,4880,ascending,up,up,4881,1.0,32.38,30.5,1.8800000000000026,no_valid_consolidation,,,,,4971,False,True,7.563829787234032,
CABLE & ELECTRICAL GOODS,PAEL,4960,5040,descending,up,up,5044,2.0,42.49,40.8,1.6900000000000048,skipped_risk_gt_6pct,39.4,,,,5134,False,True,7.781065088757374,
TECHNOLOGY & COMMUNICATION,PAKD,40,120,symmetrical,up,up,121,2.0,55.3,53.95,1.3499999999999943,skipped_risk_gt_6pct,49.5,,134.0,,134,False,False,-1.0,
TECHNOLOGY & COMMUNICATION,PAKD,600,680,descending,down,down,700,4.0,111.0,114.0,3.0,skipped_risk_gt_6pct,117.67,,701.0,,701,False,False,-1.0,
TECHNOLOGY & COMMUNICATION,PAKD,2960,3040,symmetrical,down,down,3041,1.0,69.99,74.75,4.760000000000005,no_valid_consolidation,,,,,3131,False,True,2.195378151260501,
CHEMICAL,PAKOXY,2080,2160,descending,up,up,2163,1.0,117.9081,112.3779,5.530200000000008,skipped_risk_gt_6pct,109.13,,,,2253,False,True,6.0293841090738045,
CHEMICAL,PAKOXY,3000,3080,descending,down,down,3090,4.0,163.3546,170.0455,6.690899999999999,skipped_risk_gt_6pct,174.72,,3091.0,,3091,False,False,-1.0,
CHEMICAL,PAKOXY,3800,3880,descending,up,up,3887,2.0,156.05,151.0,5.050000000000011,ok,146.93,9.120000000000005,3936.0,3936.0,3936,True,False,-1.0,-1.0
CHEMICAL,PAKOXY,4400,4480,descending,up,up,4481,1.0,86.01,80.0,6.010000000000005,skipped_risk_gt_6pct,77.48,,,,4571,False,True,11.279534109816963,
INSURANCE,PAKRI,2280,2360,descending,up,up,2364,2.0,26.47,25.6,0.8699999999999974,ok,24.97,1.5,,,2454,False,True,4.264367816091967,2.473333333333334
INSURANCE,PAKRI,3680,3760,symmetrical,up,up,3762,2.0,24.99,24.15,0.8399999999999999,ok,23.88,1.1099999999999994,3797.0,,3797,False,False,-1.0,-0.4504504504504507
CABLE & ELECTRICAL GOODS,PCAL,1720,1800,symmetrical,sequential,down,1808,4.0,67.01,71.49,4.47999999999999,skipped_risk_gt_6pct,78.17,,1810.0,,1810,False,False,-1.0,
ENGINEERING,PECO,0,80,ascending,up,up,82,1.0,80.4,76.65,3.75,skipped_risk_gt_6pct,72.27,,,,172,False,True,7.093333333333332,
ENGINEERING,PECO,1560,1640,descending,sequential,up,1649,3.0,236.95,216.0,20.94999999999999,skipped_risk_gt_6pct,213.84,,1673.0,,1673,False,False,-1.0,
TRANSPORT,PIBTL,1640,1720,symmetrical,down,down,1725,4.0,12.64,12.93,0.28999999999999915,ok,13.33,0.6899999999999995,1729.0,1729.0,1729,True,False,-1.0,-1.0
TRANSPORT,PICT,680,760,ascending,sequential,up,761,4.0,77.35,72.5,4.849999999999994,skipped_risk_gt_6pct,68.31,,773.0,,773,False,False,-1.0,
TRANSPORT,PICT,2600,2680,ascending,up,up,2681,4.0,368.2,363.0,5.199999999999989,skipped_risk_gt_6pct,338.58,,2684.0,,2684,False,False,-1.0,
TRANSPORT,PICT,4680,4760,descending,up,up,4771,4.0,44.07,42.0,2.0700000000000003,skipped_risk_gt_6pct,41.09,,4775.0,,4775,False,False,-1.0,
TRANSPORT,PICT,4720,4800,descending,down,down,4801,1.0,39.05,40.26,1.2100000000000009,skipped_risk_gt_6pct,41.86,,4861.0,,4861,False,False,-1.0,
INSURANCE,PIL,1040,1120,symmetrical,up,up,1132,4.0,3.0552,2.6659,0.3893,no_valid_consolidation,,,1135.0,,1135,False,False,-1.0,
INSURANCE,PIL,3080,3160,descending,up,up,3170,4.0,0.7248,0.6631,0.06169999999999998,no_valid_consolidation,,,3194.0,,3194,False,False,-1.0,
CEMENT,PIOC,2560,2640,descending,up,up,2641,4.0,87.64,87.0,0.6400000000000006,ok,83.7,3.9399999999999977,2642.0,2660.0,2642,False,False,-1.0,-0.01776649746193082
CEMENT,PIOC,3880,3960,descending,up,up,3965,4.0,135.35,127.0,8.349999999999994,skipped_risk_gt_6pct,125.73,,3985.0,,3985,False,False,-1.0,
CEMENT,PIOC,4480,4560,descending,up,up,4561,4.0,99.57,99.5,0.06999999999999318,ok,96.44,3.1299999999999955,4562.0,,4562,False,False,-1.0,0.7092651757188551
INSURANCE,PKGI,640,720,descending,up,up,733,4.0,1.1105,0.9733,0.1372,no_valid_consolidation,,,735.0,,735,False,False,-1.0,
INSURANCE,PKGI,1320,1400,descending,sequential,down,1402,3.0,1.2685,1.4185,0.15000000000000013,skipped_risk_gt_6pct,1.43,,1411.0,,1411,False,False,-1.0,
POWER GENERATION & DISTRIBUTION,PKGP,1440,1520,ascending,up,up,1521,4.0,14.6209,13.7536,0.8673000000000002,no_valid_consolidation,,,1523.0,,1523,False,False,-1.0,
POWER GENERATION & DISTRIBUTION,PKGP,1960,2040,symmetrical,up,up,2041,1.0,11.1323,10.5822,0.5501000000000005,skipped_risk_gt_6pct,10.27,,2085.0,,2085,False,False,-1.0,
POWER GENERATION & DISTRIBUTION,PKGP,2960,3040,descending,up,up,3051,4.0,51.63,50.01,1.6200000000000045,ok,49.5,2.1300000000000026,3053.0,,3053,False,False,-1.0,-0.7652582159624416
POWER GENERATION & DISTRIBUTION,PKGP,3080,3160,ascending,sequential,down,3161,4.0,80.95,86.99,6.039999999999992,no_valid_consolidation,,,3163.0,,3163,False,False,-1.0,
PAPER & BOARD,PKGS,1000,1080,ascending,sequential,up,1092,4.0,175.78,166.5,9.280000000000001,skipped_risk_gt_6pct,155.43,,1098.0,,1098,False,False,-1.0,
PAPER & BOARD,PKGS,1320,1400,symmetrical,up,up,1401,4.0,132.55,129.0,3.5500000000000114,skipped_risk_gt_6pct,121.87,,1404.0,,1404,False,False,-1.0,
PAPER & BOARD,PKGS,3480,3560,symmetrical,up,up,3570,1.0,306.76,288.0,18.75999999999999,skipped_risk_gt_6pct,279.18,,,,3660,False,True,0.24626865671641826,
PAPER & BOARD,PKGS,4040,4120,symmetrical,down,down,4130,4.0,472.19,479.98,7.7900000000000205,ok,489.69,17.5,4131.0,,4131,False,False,-1.0,-0.4102857142857147
TRANSPORT,PNSC,920,1000,symmetrical,sequential,down,1001,4.0,25.5076,26.986,1.4784000000000006,skipped_risk_gt_6pct,27.64,,1004.0,,1004,False,False,-1.0,
TRANSPORT,PNSC,1240,1320,descending,sequential,up,1326,4.0,26.2629,24.5327,1.7302,skipped_risk_gt_6pct,23.68,,1332.0,,1332,False,False,-1.0,
TRANSPORT,PNSC,1280,1360,descending,sequential,down,1361,4.0,22.6411,23.1705,0.529399999999999,ok,23.81,1.1688999999999972,1379.0,1380.0,1379,False,False,-1.0,-0.6462486098040893
TRANSPORT,PNSC,4640,4720,ascending,up,up,4746,1.0,225.7073,206.5912,19.116100000000017,skipped_risk_gt_6pct,201.33,,,,4836,False,True,10.853296435988502,
OIL & GAS EXPLORATION COMPANIES,POL,360,440,symmetrical,up,up,446,2.0,354.6,331.9,22.700000000000045,skipped_risk_gt_6pct,322.74,,532.0,,532,False,False,-1.0,
OIL & GAS EXPLORATION COMPANIES,POL,400,480,ascending,sequential,down,493,4.0,344.75,353.0,8.25,ok,359.61,14.860000000000014,495.0,511.0,495,False,False,-1.0,-0.29609690444145176
OIL & GAS EXPLORATION COMPANIES,POL,1640,1720,ascending,sequential,up,1721,3.0,379.17,374.25,4.920000000000016,ok,366.3,12.870000000000005,1730.0,1731.0,1730,False,False,-1.0,-0.760683760683762
OIL & GAS EXPLORATION COMPANIES,POL,1720,1800,descending,up,up,1809,1.0,375.35,368.99,6.360000000000014,ok,355.41,19.939999999999998,,,1899,False,True,7.855345911949666,2.505516549648946
OIL & GAS EXPLORATION COMPANIES,POL,2440,2520,descending,sequential,up,2525,3.0,388.12,380.8,7.319999999999993,ok,370.76,17.360000000000014,2552.0,2553.0,2552,False,False,-1.0,-0.6186635944700462
CEMENT,POWER,160,240,ascending,sequential,down,241,3.0,16.6368,17.4512,0.8143999999999991,skipped_risk_gt_6pct,19.04,,254.0,,254,False,False,-1.0,
CEMENT,POWER,4560,4640,descending,up,up,4659,4.0,5.52,5.22,0.2999999999999998,skipped_risk_gt_6pct,5.04,,4664.0,,4664,False,False,-1.0,
CEMENT,POWER,4920,5000,symmetrical,up,up,5001,1.0,15.65,15.0,0.6500000000000004,skipped_risk_gt_6pct,14.56,,,,5091,False,True,3.2769230769230764,
CEMENT,POWERPS,40,120,symmetrical,up,up,130,4.0,11.0,10.58,0.41999999999999993,ok,10.39,0.6099999999999994,142.0,142.0,142,True,False,-1.0,-1.0
CEMENT,POWERPS,400,480,symmetrical,up,up,481,4.0,30.3,28.77,1.5300000000000011,no_valid_consolidation,,,484.0,,484,False,False,-1.0,
OIL & GAS EXPLORATION COMPANIES,PPL,400,480,ascending,sequential,down,483,4.0,230.5,243.5,13.0,skipped_risk_gt_6pct,247.55,,499.0,,499,False,False,-1.0,
OIL & GAS EXPLORATION COMPANIES,PPL,520,600,ascending,down,down,613,4.0,262.45,268.5,6.050000000000011,ok,271.19,8.740000000000009,615.0,617.0,615,False,False,-1.0,-0.12013729977116823
OIL & GAS EXPLORATION COMPANIES,PPL,2760,2840,ascending,down,down,2856,4.0,156.48,160.9,4.420000000000016,skipped_risk_gt_6pct,167.66,,2862.0,,2862,False,False,-1.0,
OIL & GAS EXPLORATION COMPANIES,PPL,3000,3080,ascending,up,up,3087,4.0,178.83,170.62,8.210000000000008,skipped_risk_gt_6pct,167.81,,3100.0,,3100,False,False,-1.0,
PAPER & BOARD,PPP,80,160,symmetrical,whipsaw,down,162,4.0,35.223,35.4783,0.2552999999999983,skipped_risk_gt_6pct,38.67,,163.0,,163,False,False,-1.0,
PAPER & BOARD,PPP,320,400,symmetrical,down,down,411,2.0,25.2687,25.6516,0.38289999999999935,skipped_risk_gt_6pct,27.07,,417.0,,417,False,False,-1.0,
CHEMICAL,PPVC,960,1040,symmetrical,up,up,1042,4.0,1.3813,1.3354,0.04590000000000005,ok,1.3,0.08129999999999993,1046.0,,1046,False,False,-1.0,-0.5227552275522758
REFINERY,PRL,1680,1760,symmetrical,down,down,1765,2.0,46.9895,47.9314,0.9418999999999969,skipped_risk_gt_6pct,50.71,,1792.0,,1792,False,False,-1.0,
REFINERY,PRL,2480,2560,descending,down,down,2561,4.0,35.8182,36.005,0.18680000000000518,no_valid_consolidation,,,2562.0,,2562,False,False,-1.0,
REFINERY,PRL,2640,2720,symmetrical,up,up,2721,4.0,37.0482,35.1098,1.9384000000000015,skipped_risk_gt_6pct,32.91,,2725.0,,2725,False,False,-1.0,
REFINERY,PRL,2760,2840,descending,down,down,2849,4.0,31.5287,33.5528,2.024099999999997,skipped_risk_gt_6pct,35.45,,2853.0,,2853,False,False,-1.0,
REFINERY,PRL,2840,2920,ascending,down,down,2921,4.0,33.6696,33.7863,0.11669999999999447,ok,34.91,1.240399999999994,2922.0,2923.0,2922,False,False,-1.0,-0.35141889712995705
REFINERY,PRL,3920,4000,ascending,down,down,4005,1.0,25.02,25.88,0.8599999999999994,skipped_risk_gt_6pct,27.27,,,,4095,False,True,9.01162790697675,
REFINERY,PRL,4120,4200,descending,up,up,4204,1.0,14.09,12.31,1.7799999999999994,skipped_risk_gt_6pct,11.88,,,,4294,False,True,2.7471910112359565,
MISCELLANEOUS,PSEL,920,1000,ascending,up,up,1002,1.0,551.25,525.0,26.25,skipped_risk_gt_6pct,495.0,,,,1092,False,True,15.914285714285715,
OIL & GAS MARKETING COMPANIES,PSO,1160,1240,ascending,down,down,1265,1.0,303.54,316.75,13.20999999999998,ok,320.62,17.079999999999984,,,1355,False,True,2.9288417865253638,2.265222482435599
OIL & GAS MARKETING COMPANIES,PSO,1200,1280,ascending,down,down,1281,4.0,255.0,268.99,13.990000000000009,no_valid_consolidation,,,1284.0,,1284,False,False,-1.0,
OIL & GAS MARKETING COMPANIES,PSO,1480,1560,ascending,down,down,1561,1.0,268.06,269.0,0.9399999999999977,ok,276.22,8.160000000000025,1622.0,,1622,False,False,-1.0,0.2745098039215689
OIL & GAS MARKETING COMPANIES,PSO,1600,1680,descending,up,up,1685,4.0,237.62,233.0,4.6200000000000045,ok,227.7,9.920000000000016,1686.0,,1686,False,False,-1.0,-0.0786290322580645
TECHNOLOGY & COMMUNICATION,PTC,2680,2760,ascending,sequential,up,2767,4.0,16.21,15.2,1.0100000000000016,skipped_risk_gt_6pct,14.76,,2783.0,,2783,False,False,-1.0,
TEXTILE COMPOSITE,QUET,1280,1360,symmetrical,up,up,1361,1.0,18.66,16.16,2.5,no_valid_consolidation,,,1376.0,,1376,False,False,-1.0,
FOOD & PERSONAL CARE PRODUCTS,QUICE,3400,3480,descending,down,down,3483,2.0,3.21,3.48,0.27,no_valid_consolidation,,,3530.0,,3530,False,False,-1.0,
FOOD & PERSONAL CARE PRODUCTS,QUICE,3640,3720,ascending,down,down,3746,2.0,4.58,5.0,0.41999999999999993,skipped_risk_gt_6pct,5.05,,3780.0,,3780,False,False,-1.0,
FOOD & PERSONAL CARE PRODUCTS,QUICE,4760,4840,ascending,up,up,4843,2.0,8.43,8.13,0.29999999999999893,skipped_risk_gt_6pct,7.92,,4877.0,,4877,False,False,-1.0,
TEXTILE COMPOSITE,REDCO,2040,2120,symmetrical,down,down,2129,4.0,3.05,3.2,0.15000000000000036,no_valid_consolidation,,,2130.0,,2130,False,False,-1.0,
INSURANCE,RICL,840,920,ascending,sequential,down,922,4.0,7.58,8.01,0.4299999999999997,skipped_risk_gt_6pct,8.33,,925.0,,925,False,False,-1.0,
FOOD & PERSONAL CARE PRODUCTS,RMPL,2400,2480,descending,down,down,2485,4.0,8800.0,9024.0,224.0,ok,9114.24,314.2399999999998,2488.0,2488.0,2488,True,False,-1.0,-1.0
CHEMICAL,SARC,1320,1400,symmetrical,sequential,down,1401,4.0,14.75,15.4,0.6500000000000004,ok,15.63,0.8800000000000008,1402.0,1402.0,1402,True,False,-1.0,-1.0
AUTOMOBILE ASSEMBLER,SAZEW,2000,2080,descending,up,up,2085,1.0,24.4019,23.2399,1.1620000000000026,skipped_risk_gt_6pct,22.77,,,,2175,False,True,1.3699655765920786,
COMMERCIAL BANKS,SBL,2880,2960,descending,up,up,2975,4.0,8.16,7.0,1.1600000000000001,no_valid_consolidation,,,3000.0,,3000,False,False,-1.0,
FOOD & PERSONAL CARE PRODUCTS,SCL,1800,1880,symmetrical,sequential,down,1894,4.0,195.858,220.9723,25.114299999999986,no_valid_consolidation,,,1905.0,,1905,False,False,-1.0,
PHARMACEUTICALS,SEARL,1040,1120,descending,down,down,1122,3.0,23.4085,24.4394,1.030899999999999,skipped_risk_gt_6pct,25.09,,1128.0,,1128,False,False,-1.0,
PHARMACEUTICALS,SEARL,1280,1360,descending,up,up,1361,4.0,28.1809,27.6654,0.5154999999999994,no_valid_consolidation,,,1362.0,,1362,False,False,-1.0,
PHARMACEUTICALS,SEARL,1560,1640,descending,up,up,1651,2.0,20.4135,19.596,0.817499999999999,ok,19.4,1.0135000000000005,,,1741,False,True,4.381162079510711,3.5338924518993586
PHARMACEUTICALS,SEARL,4160,4240,descending,down,down,4248,1.0,83.5,104.3,20.799999999999997,skipped_risk_gt_6pct,105.55,,,,4338,False,True,1.4177884615384617,
PHARMACEUTICALS,SEARL,4640,4720,descending,sequential,down,4729,4.0,56.09,58.21,2.1199999999999974,ok,59.07,2.979999999999997,4731.0,4733.0,4731,False,False,-1.0,-0.36577181208053605
POWER GENERATION & DISTRIBUTION,SEL,880,960,descending,up,up,970,4.0,19.76,19.75,0.010000000000001563,ok,19.3,0.46000000000000085,973.0,974.0,973,False,False,-1.0,-0.5434782608695642
PAPER & BOARD,SEPL,320,400,symmetrical,up,up,401,4.0,58.17,55.7609,2.4091000000000022,skipped_risk_gt_6pct,53.61,,404.0,,404,False,False,-1.0,
PAPER & BOARD,SEPL,3760,3840,descending,up,up,3871,2.0,117.38,112.6,4.780000000000001,no_valid_consolidation,,,3893.0,,3893,False,False,-1.0,
PAPER & BOARD,SEPL,4200,4280,ascending,down,down,4282,4.0,135.16,138.9,3.740000000000009,ok,141.5,6.340000000000003,4284.0,4324.0,4284,False,False,-1.0,0.14668769716088428
OIL & GAS MARKETING COMPANIES,SHEL,480,560,descending,up,up,561,1.0,213.8553,208.9703,4.884999999999991,ok,206.88,6.975300000000004,577.0,649.0,577,False,False,-1.0,0.879302682321906
OIL & GAS MARKETING COMPANIES,SHEL,960,1040,descending,up,up,1042,4.0,171.2073,166.3182,4.889100000000013,ok,164.29,6.9173000000000116,1045.0,,1045,False,False,-1.0,-0.22699608228644083
OIL & GAS MARKETING COMPANIES,SHEL,3360,3440,ascending,down,down,3441,1.0,191.7087,202.0375,10.328800000000001,no_valid_consolidation,,,,,3531,False,True,6.525966230346215,
FOOD & PERSONAL CARE PRODUCTS,SHEZ,600,680,ascending,down,down,681,4.0,118.86,121.0,2.1400000000000006,skipped_risk_gt_6pct,126.25,,683.0,,683,False,False,-1.0,
FOOD & PERSONAL CARE PRODUCTS,SHEZ,3040,3120,descending,up,up,3121,1.0,175.74,151.01,24.730000000000018,no_valid_consolidation,,,3132.0,,3132,False,False,-1.0,
FOOD & PERSONAL CARE PRODUCTS,SHEZ,3320,3400,symmetrical,up,up,3406,1.0,239.36,226.0,13.360000000000014,skipped_risk_gt_6pct,222.75,,,,3426,False,True,-0.4184131736526944,
MISCELLANEOUS,SHFA,40,120,descending,sequential,down,133,4.0,14.5,15.5,1.0,skipped_risk_gt_6pct,16.01,,136.0,,136,False,False,-1.0,
MISCELLANEOUS,SHFA,720,800,descending,down,down,803,3.0,19.25,21.45,2.1999999999999993,no_valid_consolidation,,,,,893,False,True,1.5227272727272732,
MISCELLANEOUS,SHFA,1120,1200,descending,up,up,1208,2.0,32.9,31.0,1.8999999999999986,skipped_risk_gt_6pct,29.53,,1292.0,,1292,False,False,-1.0,
MISCELLANEOUS,SHFA,4280,4360,descending,sequential,up,4361,3.0,550.02,542.0,8.019999999999982,ok,534.6,15.419999999999959,4383.0,4383.0,4383,True,False,-1.0,-1.0
INSURANCE,SHNI,1080,1160,descending,down,down,1165,4.0,6.0005,7.0044,1.0039000000000007,no_valid_consolidation,,,1168.0,,1168,False,False,-1.0,
COMMERCIAL BANKS,SILK,1320,1400,descending,up,up,1417,2.0,2.1274,1.9814,0.14600000000000013,skipped_risk_gt_6pct,1.94,,1433.0,,1433,False,False,-1.0,
COMMERCIAL BANKS,SILK,1760,1840,ascending,sequential,up,1841,4.0,1.7971,1.7357,0.0613999999999999,skipped_risk_gt_6pct,1.65,,1844.0,,1844,False,False,-1.0,
COMMERCIAL BANKS,SILK,1800,1880,descending,sequential,up,1887,4.0,1.728,1.705,0.02299999999999991,skipped_risk_gt_6pct,1.57,,1888.0,,1888,False,False,-1.0,
CHEMICAL,SITC,520,600,symmetrical,up,up,627,3.0,330.65,305.0,25.649999999999977,skipped_risk_gt_6pct,301.95,,648.0,,648,False,False,-1.0,
CHEMICAL,SITC,800,880,ascending,up,up,881,4.0,178.99,175.0,3.990000000000009,no_valid_consolidation,,,882.0,,882,False,False,-1.0,
CHEMICAL,SITC,3800,3880,descending,sequential,down,3884,4.0,218.68,233.05,14.370000000000005,no_valid_consolidation,,,3885.0,,3885,False,False,-1.0,
CEMENT,SMCPL,1160,1240,symmetrical,down,down,1241,4.0,9.8,10.08,0.27999999999999936,skipped_risk_gt_6pct,10.5,,1243.0,,1243,False,False,-1.0,
CEMENT,SMCPL,2520,2600,ascending,sequential,up,2601,4.0,16.65,15.61,1.0399999999999991,no_valid_consolidation,,,2602.0,,2602,False,False,-1.0,
CEMENT,SMCPL,2640,2720,descending,up,up,2737,4.0,13.5,13.1,0.40000000000000036,skipped_risk_gt_6pct,12.09,,2738.0,,2738,False,False,-1.0,
CEMENT,SMCPL,3080,3160,descending,up,up,3161,3.0,46.34,44.2,2.1400000000000006,no_valid_consolidation,,,3169.0,,3169,False,False,-1.0,
COMMERCIAL BANKS,SNBL,1920,2000,descending,up,up,2001,1.0,5.3814,5.1237,0.2576999999999998,no_valid_consolidation,,,,,2091,False,True,4.11757857974389,
COMMERCIAL BANKS,SNBL,4280,4360,ascending,down,down,4361,4.0,6.7381,7.0792,0.34109999999999996,skipped_risk_gt_6pct,7.23,,4362.0,,4362,False,False,-1.0,
OIL & GAS MARKETING COMPANIES,SNGP,560,640,descending,down,down,642,1.0,66.25,70.3,4.049999999999997,skipped_risk_gt_6pct,72.52,,683.0,,683,False,False,-1.0,
MISCELLANEOUS,SPEL,680,760,descending,down,down,769,4.0,26.0184,28.5858,2.5673999999999992,skipped_risk_gt_6pct,29.4,,773.0,,773,False,False,-1.0,
POWER GENERATION & DISTRIBUTION,SPWL,920,1000,ascending,down,down,1023,2.0,13.9048,14.46,0.555200000000001,ok,14.6,0.6951999999999998,,,1113,False,True,5.969560518731976,4.7674050632911396
OIL & GAS MARKETING COMPANIES,SSGC,400,480,descending,sequential,down,481,3.0,25.75,26.4,0.6499999999999986,ok,27.22,1.4699999999999989,503.0,504.0,503,False,False,-1.0,-0.8503401360544224
OIL & GAS MARKETING COMPANIES,SSGC,520,600,ascending,up,up,618,3.0,28.6,27.5,1.1000000000000014,skipped_risk_gt_6pct,25.49,,639.0,,639,False,False,-1.0,
OIL & GAS MARKETING COMPANIES,SSGC,680,760,ascending,sequential,up,761,4.0,28.95,28.05,0.8999999999999986,ok,27.77,1.1799999999999997,771.0,776.0,771,False,False,-1.0,-0.46610169491525494
OIL & GAS MARKETING COMPANIES,SSGC,920,1000,ascending,down,down,1011,4.0,13.5,13.95,0.4499999999999993,ok,14.29,0.7899999999999991,1012.0,1044.0,1012,False,False,-1.0,-0.632911392405064
OIL & GAS MARKETING COMPANIES,SSGC,2080,2160,descending,up,up,2163,2.0,25.29,24.0,1.2899999999999991,skipped_risk_gt_6pct,23.76,,,,2253,False,True,6.418604651162796,
OIL & GAS MARKETING COMPANIES,SSGC,3000,3080,descending,down,down,3088,3.0,34.86,36.85,1.990000000000002,skipped_risk_gt_6pct,38.03,,3115.0,,3115,False,False,-1.0,
OIL & GAS MARKETING COMPANIES,SSGC,3840,3920,ascending,down,down,3922,4.0,13.96,14.7,0.7399999999999984,skipped_risk_gt_6pct,15.25,,3924.0,,3924,False,False,-1.0,
OIL & GAS MARKETING COMPANIES,SSGC,4760,4840,descending,up,up,4841,1.0,16.68,15.16,1.5199999999999996,no_valid_consolidation,,,,,4931,False,True,13.500000000000005,
OIL & GAS MARKETING COMPANIES,SSGC,5080,5160,symmetrical,down,down,5161,1.0,32.59,33.24,0.6499999999999986,ok,34.48,1.8899999999999935,5245.0,,5245,False,False,-1.0,-0.18518518518518282
GLASS & CERAMICS,STCL,3480,3560,symmetrical,down,down,3566,4.0,14.36,14.85,0.4900000000000002,skipped_risk_gt_6pct,15.71,,3568.0,,3568,False,False,-1.0,
GLASS & CERAMICS,STCL,3640,3720,symmetrical,up,up,3722,4.0,8.79,8.45,0.33999999999999986,skipped_risk_gt_6pct,8.17,,3724.0,,3724,False,False,-1.0,
MISCELLANEOUS,STPL,120,200,symmetrical,down,down,202,1.0,22.3392,25.2664,2.927199999999999,skipped_risk_gt_6pct,25.67,,,,292,False,True,1.1315933315113422,
TECHNOLOGY & COMMUNICATION,SYS,120,200,descending,down,down,201,4.0,31.7097,32.5702,0.8604999999999983,skipped_risk_gt_6pct,34.52,,208.0,,208,False,False,-1.0,
TECHNOLOGY & COMMUNICATION,SYS,2280,2360,descending,up,up,2384,4.0,416.97,413.02,3.9500000000000455,ok,403.43,13.54000000000002,2385.0,,2385,False,False,-1.0,-0.22304283604136146
TECHNOLOGY & COMMUNICATION,TELE,360,440,symmetrical,down,down,444,4.0,10.85,11.15,0.3000000000000007,skipped_risk_gt_6pct,12.22,,446.0,,446,False,False,-1.0,
TECHNOLOGY & COMMUNICATION,TELE,3200,3280,ascending,sequential,down,3283,3.0,1.91,2.0,0.09000000000000008,skipped_risk_gt_6pct,2.05,,3310.0,,3310,False,False,-1.0,
GLASS & CERAMICS,TGL,3360,3440,descending,up,up,3443,2.0,90.12,84.25,5.8700000000000045,skipped_risk_gt_6pct,78.21,,3455.0,,3455,False,False,-1.0,
GLASS & CERAMICS,TGL,3560,3640,descending,sequential,down,3658,3.0,91.09,102.69,11.599999999999994,skipped_risk_gt_6pct,104.03,,3665.0,,3665,False,False,-1.0,
GLASS & CERAMICS,TGL,4280,4360,ascending,sequential,down,4363,4.0,111.33,114.84,3.510000000000005,skipped_risk_gt_6pct,118.16,,4365.0,,4365,False,False,-1.0,
AUTOMOBILE PARTS & ACCESSORIES,THALL,2400,2480,ascending,up,up,2484,4.0,295.05,288.0,7.050000000000011,skipped_risk_gt_6pct,277.21,,2486.0,,2486,False,False,-1.0,
CEMENT,THCCL,880,960,symmetrical,up,up,964,4.0,26.5,24.15,2.3500000000000014,no_valid_consolidation,,,966.0,,966,False,False,-1.0,
CEMENT,THCCL,920,1000,symmetrical,sequential,down,1005,4.0,24.0,24.9,0.8999999999999986,skipped_risk_gt_6pct,25.75,,1008.0,,1008,False,False,-1.0,
CEMENT,THCCL,960,1040,descending,up,up,1041,4.0,30.4,27.02,3.379999999999999,no_valid_consolidation,,,1044.0,,1044,False,False,-1.0,
TEXTILE COMPOSITE,TOWL,360,440,descending,sequential,down,441,4.0,105.11,109.0,3.8900000000000006,skipped_risk_gt_6pct,116.15,,442.0,,442,False,False,-1.0,
TEXTILE COMPOSITE,TOWL,1840,1920,ascending,whipsaw,up,1930,4.0,180.35,161.1,19.25,skipped_risk_gt_6pct,159.49,,1932.0,,1932,False,False,-1.0,
PROPERTY,TPLP,400,480,ascending,down,down,481,4.0,7.15,7.41,0.2599999999999998,no_valid_consolidation,,,483.0,,483,False,False,-1.0,
PROPERTY,TPLP,720,800,descending,sequential,down,808,4.0,8.61,9.5,0.8900000000000006,skipped_risk_gt_6pct,9.6,,811.0,,811,False,False,-1.0,
FOOD & PERSONAL CARE PRODUCTS,TREET,3720,3800,symmetrical,up,up,3801,1.0,17.2,16.2,1.0,skipped_risk_gt_6pct,16.04,,3814.0,,3814,False,False,-1.0,
TECHNOLOGY & COMMUNICATION,TRG,960,1040,symmetrical,down,down,1041,4.0,1.54,1.57,0.030000000000000027,no_valid_consolidation,,,1042.0,,1042,False,False,-1.0,
TECHNOLOGY & COMMUNICATION,TRG,2320,2400,symmetrical,up,up,2408,1.0,12.33,11.36,0.9700000000000006,skipped_risk_gt_6pct,10.64,,,,2498,False,True,6.463917525773193,
TECHNOLOGY & COMMUNICATION,TRG,3400,3480,descending,down,down,3487,2.0,22.12,23.57,1.4499999999999993,skipped_risk_gt_6pct,24.23,,,,3577,False,True,5.282758620689658,
MISCELLANEOUS,TRIPF,3640,3720,descending,sequential,down,3723,4.0,159.5,166.99,7.490000000000009,skipped_risk_gt_6pct,169.68,,3730.0,,3730,False,False,-1.0,
POWER GENERATION & DISTRIBUTION,TSPL,3400,3480,symmetrical,down,down,3489,4.0,2.91,3.29,0.3799999999999999,no_valid_consolidation,,,3493.0,,3493,False,False,-1.0,
MISCELLANEOUS,UBDL,1000,1080,symmetrical,sequential,up,1081,4.0,35.8,33.5,2.299999999999997,skipped_risk_gt_6pct,32.48,,1083.0,,1083,False,False,-1.0,
COMMERCIAL BANKS,UBL,1600,1680,ascending,up,up,1684,2.0,40.7806,39.7068,1.0737999999999985,skipped_risk_gt_6pct,38.32,,1713.0,,1713,False,False,-1.0,
COMMERCIAL BANKS,UBL,2000,2080,ascending,down,down,2088,1.0,66.5825,67.9261,1.3436000000000092,ok,69.74,3.157499999999999,2090.0,2090.0,2090,True,False,-1.0,-1.0
COMMERCIAL BANKS,UBL,2360,2440,ascending,sequential,up,2441,4.0,92.6991,91.6502,1.0489000000000033,ok,88.51,4.189099999999996,2444.0,2449.0,2444,False,False,-1.0,-0.2420328948938931
COMMERCIAL BANKS,UBL,4520,4600,descending,up,up,4601,4.0,102.7232,101.3896,1.3336000000000041,skipped_risk_gt_6pct,94.77,,4602.0,,4602,False,False,-1.0,
MISCELLANEOUS,UDPL,2880,2960,symmetrical,up,up,2964,2.0,117.84,115.64,2.200000000000003,ok,112.38,5.460000000000008,,,2978,False,True,1.904545454545451,0.7673992673992659
INSURANCE,UNIC,2480,2560,symmetrical,sequential,down,2575,3.0,7.62,8.23,0.6100000000000003,no_valid_consolidation,,,2583.0,,2583,False,False,-1.0,
INSURANCE,UNIC,2520,2600,symmetrical,up,up,2601,1.0,8.99,8.32,0.6699999999999999,skipped_risk_gt_6pct,8.22,,2670.0,,2670,False,False,-1.0,
INSURANCE,UNIC,2680,2760,ascending,sequential,up,2772,3.0,8.44,7.46,0.9799999999999995,skipped_risk_gt_6pct,7.39,,2791.0,,2791,False,False,-1.0,
INSURANCE,UNIC,3120,3200,ascending,down,down,3201,4.0,7.36,7.69,0.33000000000000007,no_valid_consolidation,,,3207.0,,3207,False,False,-1.0,
INSURANCE,UNIC,3640,3720,ascending,sequential,up,3723,4.0,16.5,15.9,0.5999999999999996,skipped_risk_gt_6pct,14.85,,3731.0,,3731,False,False,-1.0,
FOOD & PERSONAL CARE PRODUCTS,UPFL,400,480,symmetrical,up,up,490,2.0,1776.23,1700.0,76.23000000000002,ok,1683.0,93.23000000000002,,,580,False,True,14.610651974288334,11.946476456076368
INSURANCE,UVIC,1280,1360,symmetrical,whipsaw,up,1361,4.0,3.7722,3.3833,0.3889,no_valid_consolidation,,,1363.0,,1363,False,False,-1.0,
CHEMICAL,WAHN,1080,1160,descending,down,down,1172,4.0,34.76,36.7,1.9400000000000048,skipped_risk_gt_6pct,38.28,,1189.0,,1189,False,False,-1.0,
CABLE & ELECTRICAL GOODS,WAVES,920,1000,symmetrical,up,up,1002,1.0,19.88,18.9,0.9800000000000004,skipped_risk_gt_6pct,17.64,,1017.0,,1017,False,False,-1.0,
CABLE & ELECTRICAL GOODS,WAVES,3840,3920,symmetrical,up,up,3925,4.0,7.57,7.25,0.3200000000000003,skipped_risk_gt_6pct,6.69,,3928.0,,3928,False,False,-1.0,
TECHNOLOGY & COMMUNICATION,WTL,2440,2520,symmetrical,up,up,2527,4.0,1.57,1.51,0.06000000000000005,skipped_risk_gt_6pct,1.45,,2531.0,,2531,False,False,-1.0,
TEXTILE COMPOSITE,ZAHID,560,640,symmetrical,sequential,down,643,4.0,14.0,14.5,0.5,no_valid_consolidation,,,647.0,,647,False,False,-1.0,
FOOD & PERSONAL CARE PRODUCTS,ZIL,2360,2440,ascending,down,down,2441,1.0,106.14,108.0,1.8599999999999994,skipped_risk_gt_6pct,113.12,,2447.0,,2447,False,False,-1.0,
FOOD & PERSONAL CARE PRODUCTS,ZIL,2920,3000,symmetrical,sequential,down,3014,4.0,212.0,226.0,14.0,skipped_risk_gt_6pct,232.3,,3017.0,,3017,False,False,-1.0,
