id,created_date,direction,symbol,sector,sector_momentum,stock_perf_30d,stock_perf_10d,latest_close,support_level,resistance_level,entry_price,stop_loss,target_1r,target_2r,risk_pct,atr_pct,status,outcome,notes,quality_score,quality_checks,range_width_pct,range_window,sector_rank,breadth_score,source,actual_exit,actual_pl_pkr,actual_pl_pct,actual_rr,holding_days,exit_date,actual_entry,trade_source,reason_notes,quantity,trade_execution
261,2026-05-07,SHORT,BAFL,COMMERCIAL BANKS,Rolling Over,-44.14,-2.37,59.82,57.01,61.2,56.72,61.81,51.63,46.54,8.97,4.63,Pending,,,2,"{""Support tested >=2x"": false, ""Rising lows"": false, ""Volatility contracting"": true, ""Price near resistance"": true}",7.35,5,19,87.9,System,,,,,,,,System,,,Paper
262,2026-05-08,LONG,HTL,OIL & GAS MARKETING COMPANIES,Cooling Down,20.51,-11.54,43.84,41.5,45.5,45.73,41.09,50.37,55.01,10.15,4.96,Pending,,,2,"{""Resistance tested >=2x"": false, ""Declining highs"": false, ""Volatility contracting"": true, ""Price pulled back"": true}",9.64,5,2,84.6,System,,,,,,,,System,,,Paper
263,2026-05-08,SHORT,BAFL,COMMERCIAL BANKS,Rolling Over,-46.64,-7.67,59.08,57.01,61.2,56.72,61.81,51.63,46.54,8.97,4.91,Pending,,,2,"{""Support tested >=2x"": false, ""Rising lows"": false, ""Volatility contracting"": true, ""Price near resistance"": true}",7.35,5,22,84.6,System,,,,,,,,System,,,Paper
264,2026-05-11,LONG,HTL,OIL & GAS MARKETING COMPANIES,Cooling Down,20.51,-11.54,43.84,41.5,45.5,45.73,41.09,50.37,55.01,10.15,4.96,Pending,,,2,"{""Resistance tested >=2x"": false, ""Declining highs"": false, ""Volatility contracting"": true, ""Price pulled back"": true}",9.64,5,2,84.7,System,,,,,,,,System,,,Paper
265,2026-05-11,SHORT,BAFL,COMMERCIAL BANKS,Rolling Over,-46.64,-7.67,59.08,57.01,61.2,56.72,61.81,51.63,46.54,8.97,4.91,Pending,,,2,"{""Support tested >=2x"": false, ""Rising lows"": false, ""Volatility contracting"": true, ""Price near resistance"": true}",7.35,5,22,84.7,System,,,,,,,,System,,,Paper
267,2026-05-12,LONG,KOHE,POWER GENERATION & DISTRIBUTION,Cooling Down,18.87,14.99,16.57,15.65,17.5,17.59,15.49,19.69,21.79,11.94,3.19,Pending,,,2,"{""Resistance tested >=2x"": false, ""Declining highs"": false, ""Volatility contracting"": true, ""Price pulled back"": true}",11.82,5,1,86.8,System,,,,,,,,System,,,Paper
268,2026-05-12,LONG,MDTL,TECHNOLOGY & COMMUNICATION,Cooling Down,15.56,2.95,5.94,5.67,6.12,6.15,5.61,6.69,7.23,8.78,2.47,Pending,,,2,"{""Resistance tested >=2x"": false, ""Declining highs"": false, ""Volatility contracting"": true, ""Price pulled back"": true}",7.94,5,3,86.8,System,,,,,,,,System,,,Paper
269,2026-05-13,LONG,HCAR,AUTOMOBILE ASSEMBLER,Cooling Down,49.88,23.37,224.16,217.22,239.9,241.1,215.05,267.15,293.2,10.8,4.3,Pending,,,3,"{""Resistance tested >=2x"": false, ""Declining highs"": true, ""Volatility contracting"": true, ""Price pulled back"": true}",10.44,5,6,90.0,System,,,,,,,,System,,,Paper
270,2026-05-13,LONG,WTL,TECHNOLOGY & COMMUNICATION,Cooling Down,16.38,-6.9,1.35,1.32,1.41,1.42,1.31,1.53,1.64,7.75,1.72,Pending,,,3,"{""Resistance tested >=2x"": false, ""Declining highs"": true, ""Volatility contracting"": true, ""Price pulled back"": true}",6.82,5,3,90.0,System,,,,,,,,System,,,Paper
272,2026-05-14,LONG,NML,TEXTILE COMPOSITE,Cooling Down,21.5,-2.03,146.55,145.8,156.0,156.78,144.34,169.22,181.66,7.93,2.71,Pending,,,2,"{""Resistance tested >=2x"": false, ""Declining highs"": true, ""Volatility contracting"": true, ""Price pulled back"": false}",7.0,5,8,87.5,System,,,,,,,,System,,,Paper
273,2026-05-14,LONG,AIRLINK,TECHNOLOGY & COMMUNICATION,Cooling Down,20.25,6.87,149.11,140.0,155.01,155.79,138.6,172.98,190.17,11.03,2.46,Pending,,,2,"{""Resistance tested >=2x"": false, ""Declining highs"": false, ""Volatility contracting"": true, ""Price pulled back"": true}",10.72,5,3,87.5,System,,,,,,,,System,,,Paper
274,2026-05-14,LONG,ANL,TEXTILE COMPOSITE,Cooling Down,18.86,-0.19,10.46,10.26,11.18,11.24,10.16,12.32,13.4,9.61,2.34,Pending,,,2,"{""Resistance tested >=2x"": false, ""Declining highs"": true, ""Volatility contracting"": true, ""Price pulled back"": false}",8.97,5,8,87.5,System,,,,,,,,System,,,Paper
275,2026-05-14,LONG,TELE,TECHNOLOGY & COMMUNICATION,Cooling Down,16.62,-2.24,8.28,8.25,9.22,9.27,8.17,10.37,11.47,11.87,2.03,Pending,,,2,"{""Resistance tested >=2x"": false, ""Declining highs"": true, ""Volatility contracting"": true, ""Price pulled back"": false}",11.76,5,3,87.5,System,,,,,,,,System,,,Paper
278,2026-05-19,LONG,NETSOL,TECHNOLOGY & COMMUNICATION,Cooling Down,25.48,1.86,126.9,123.0,136.8,137.48,121.77,153.19,168.9,11.43,4.1,Pending,,,3,"{""Resistance tested >=2x"": false, ""Declining highs"": true, ""Volatility contracting"": true, ""Price pulled back"": true}",11.22,5,4,85.4,System,,,,,,,,System,,,Paper
279,2026-05-19,LONG,TPLT,TECHNOLOGY & COMMUNICATION,Cooling Down,118.01,33.16,17.79,17.2,18.49,18.58,17.03,20.13,21.68,8.34,3.1,Pending,,,2,"{""Resistance tested >=2x"": false, ""Declining highs"": false, ""Volatility contracting"": true, ""Price pulled back"": true}",7.5,5,4,85.4,System,,,,,,,,System,,,Paper
280,2026-05-20,LONG,TPL,TECHNOLOGY & COMMUNICATION,Cooling Down,70.26,9.19,11.05,10.51,11.55,11.61,10.4,12.82,14.03,10.42,2.67,Pending,,,3,"{""Resistance tested >=2x"": false, ""Declining highs"": true, ""Volatility contracting"": true, ""Price pulled back"": true}",9.9,5,2,85.3,System,,,,,,,,System,,,Paper
281,2026-05-20,LONG,HASCOL,OIL & GAS MARKETING COMPANIES,Cooling Down,41.19,6.73,23.0,22.0,23.88,24.0,21.78,26.22,28.44,9.25,3.24,Pending,,,3,"{""Resistance tested >=2x"": false, ""Declining highs"": true, ""Volatility contracting"": true, ""Price pulled back"": true}",8.55,5,1,85.3,System,,,,,,,,System,,,Paper
282,2026-05-20,LONG,BECO,ENGINEERING,Cooling Down,27.42,4.86,5.39,5.2,5.66,5.69,5.15,6.23,6.77,9.49,2.84,Pending,,,3,"{""Resistance tested >=2x"": false, ""Declining highs"": true, ""Volatility contracting"": true, ""Price pulled back"": true}",8.85,5,8,85.3,System,,,,,,,,System,,,Paper
283,2026-05-20,LONG,MUGHAL,ENGINEERING,Cooling Down,15.41,1.66,71.53,69.95,73.0,73.36,69.25,77.47,81.58,5.6,2.38,Pending,,,3,"{""Resistance tested >=2x"": false, ""Declining highs"": true, ""Volatility contracting"": true, ""Price pulled back"": true}",4.36,5,8,85.3,System,,,,,,,,System,,,Paper
