symbol,sector,tier,n_rows,n_placeholder_dropped,coverage,min_positive_close
ABL,COMMERCIAL BANKS,liquid,5030,0,0.955,20.8
ABOT,PHARMACEUTICALS,liquid,5130,1,0.946,67.15
ACPL,CEMENT,liquid,5181,0,0.955,17.2075
ADMM,TEXTILE COMPOSITE,mid,4332,0,0.799,14.5
AGHA,ENGINEERING,liquid,1407,0,0.98,6.03
AGIC,INSURANCE,mid,4322,1,0.797,5.7357
AGIL,AUTOMOBILE PARTS & ACCESSORIES,mid,4714,4,0.869,18.08
AGL,CHEMICAL,liquid,3819,0,0.932,1.9
AGLNCPS,CHEMICAL,thin,156,6,0.045,2.0
AGP,PHARMACEUTICALS,liquid,2062,0,0.979,47.21
AGTL,AUTOMOBILE ASSEMBLER,liquid,5052,0,0.931,77.8955
AHCL,FERTILIZER,liquid,5110,1,0.942,9.55
AHTM,TEXTILE COMPOSITE,thin,932,22,0.172,11.0
AICL,INSURANCE,liquid,5224,0,0.963,21.7
AIRLINK,TECHNOLOGY & COMMUNICATION,liquid,1189,0,0.981,18.09
AKBL,COMMERCIAL BANKS,liquid,5279,0,0.973,8.76
AKDHL,MISCELLANEOUS,mid,1340,0,0.815,82.51
AKGL,MISCELLANEOUS,thin,1667,22,0.307,0.4867
ALAC,INSURANCE,thin,3334,5,0.615,0.2356
ALIFE,INSURANCE,liquid,599,0,0.939,19.97
ALTN,POWER GENERATION & DISTRIBUTION,thin,3428,5,0.632,1.4352
ANL,TEXTILE COMPOSITE,liquid,5255,0,0.969,2.8
ANLNV,TEXTILE COMPOSITE,thin,56,5,0.015,7.0
ANTM,TEXTILE COMPOSITE,thin,1782,9,0.329,2.01
APL,OIL & GAS MARKETING COMPANIES,liquid,5222,0,0.97,48.3356
ARPAK,MISCELLANEOUS,thin,1136,24,0.209,0.3982
ARPL,CHEMICAL,liquid,5032,0,0.928,72.5647
ARUJ,TEXTILE COMPOSITE,thin,2061,8,0.38,3.5
ASC,FOOD & PERSONAL CARE PRODUCTS,liquid,2695,0,0.982,4.88
ASIC,INSURANCE,thin,290,5,0.067,12.5
ASL,ENGINEERING,liquid,3423,0,0.975,4.99
ASLCPS,ENGINEERING,thin,338,11,0.121,10.4
ASLPS,ENGINEERING,thin,1440,29,0.41,3.3673
ASTL,ENGINEERING,liquid,2627,0,0.982,14.13
ATBA,AUTOMOBILE PARTS & ACCESSORIES,liquid,4955,0,0.913,36.189
ATIL,INSURANCE,mid,4471,1,0.824,3.7635
ATLH,AUTOMOBILE ASSEMBLER,mid,4691,0,0.865,57.0
ATRL,REFINERY,liquid,5273,0,0.972,40.95
AVN,TECHNOLOGY & COMMUNICATION,liquid,3073,0,0.982,8.2966
BAFL,COMMERCIAL BANKS,liquid,5270,0,0.972,3.9947
BAHL,COMMERCIAL BANKS,liquid,5273,0,0.972,12.6816
BAPL,CHEMICAL,mid,3900,3,0.72,1.288
BCL,ENGINEERING,mid,3880,2,0.715,22.0
BECO,ENGINEERING,liquid,1511,1,0.918,1.1667
BELA,AUTOMOBILE PARTS & ACCESSORIES,thin,975,6,0.18,0.249
BERG,CHEMICAL,mid,4776,0,0.88,11.02
BGL,GLASS & CERAMICS,mid,4782,0,0.882,0.163
BHAT,TEXTILE COMPOSITE,thin,1477,8,0.272,67.2
BIFO,CHEMICAL,mid,4305,0,0.794,8.25
BIPL,COMMERCIAL BANKS,liquid,4902,0,0.954,2.6
BNL,FOOD & PERSONAL CARE PRODUCTS,thin,1957,1,0.365,2.7873
BOK,COMMERCIAL BANKS,liquid,4706,1,0.909,2.81
BOP,COMMERCIAL BANKS,liquid,5275,0,0.972,3.19
BPL,OIL & GAS MARKETING COMPANIES,mid,3966,3,0.734,14.51
BTL,TEXTILE COMPOSITE,thin,2356,9,0.434,32.71
BUXL,CHEMICAL,thin,3213,5,0.592,5.11
BWCL,CEMENT,thin,3780,0,0.697,8.11
BWHL,AUTOMOBILE PARTS & ACCESSORIES,thin,3386,20,0.624,18.0393
CENI,INSURANCE,mid,4060,6,0.748,6.51
CEPB,PAPER & BOARD,liquid,5122,0,0.944,11.24
CHBL,TEXTILE COMPOSITE,thin,3509,5,0.662,1.01
CHCC,CEMENT,liquid,5257,0,0.969,4.7532
CLCPS,TEXTILE COMPOSITE,thin,2017,5,0.377,0.3
CLOV,FOOD & PERSONAL CARE PRODUCTS,mid,4473,0,0.825,6.89
CLVL,TRANSPORT,liquid,1539,1,0.935,4.6
CNERGY,REFINERY,liquid,5282,0,0.974,2.79
COLG,CHEMICAL,thin,3791,0,0.699,52.3987
CPHL,PHARMACEUTICALS,liquid,1238,0,0.98,19.39
CPPL,PAPER & BOARD,liquid,5090,0,0.938,13.6933
CRTM,TEXTILE COMPOSITE,mid,4599,0,0.848,7.27
CSAP,ENGINEERING,liquid,5217,0,0.962,12.85
CSIL,INSURANCE,mid,3975,0,0.733,0.1425
CYAN,INSURANCE,mid,4550,0,0.852,8.5688
DAAG,CHEMICAL,mid,2507,9,0.709,2.13
DADX,ENGINEERING,thin,2444,16,0.451,15.66
DBCI,CEMENT,thin,2925,5,0.539,0.9021
DCL,CEMENT,liquid,5253,0,0.968,1.11
DCR,REAL ESTATE INVESTMENT TRUST,liquid,2728,0,0.98,9.53
DFML,AUTOMOBILE ASSEMBLER,liquid,5276,0,0.973,0.9183
DGKC,CEMENT,liquid,5267,0,0.971,12.51
DIIL,MISCELLANEOUS,thin,1236,12,0.228,7.0051
DNCC,CEMENT,mid,3890,3,0.717,0.0448
DOL,CHEMICAL,liquid,4371,0,0.966,3.56
DSL,ENGINEERING,liquid,4525,0,0.956,0.4852
DWAE,AUTOMOBILE PARTS & ACCESSORIES,thin,1832,5,0.338,0.0001
DYNO,CHEMICAL,mid,4311,0,0.795,7.5
ECOP,MISCELLANEOUS,liquid,5026,0,0.927,1.18
EFERT,FERTILIZER,liquid,3089,0,0.982,31.14
EFUG,INSURANCE,mid,4640,7,0.855,17.1907
EFUL,INSURANCE,mid,4193,9,0.773,51.02
EMCO,CABLE & ELECTRICAL GOODS,mid,3816,6,0.704,0.358
ENGRO,FERTILIZER,liquid,4902,0,0.973,70.4046
EPCL,CHEMICAL,liquid,4430,0,0.971,7.23
EPCLPS,CHEMICAL,mid,506,0,0.793,9.82
EPQL,POWER GENERATION & DISTRIBUTION,liquid,2895,0,0.981,9.4848
EWIC,INSURANCE,thin,347,15,0.075,35.54
EXIDE,AUTOMOBILE PARTS & ACCESSORIES,mid,4478,0,0.826,44.1847
FABL,COMMERCIAL BANKS,liquid,5261,0,0.97,8.07
FASM,TEXTILE COMPOSITE,thin,2336,2,0.431,21.05
FATIMA,FERTILIZER,liquid,4047,0,0.982,9.17
FCCL,CEMENT,liquid,5275,0,0.972,3.0
FCEPL,FOOD & PERSONAL CARE PRODUCTS,liquid,3689,0,0.981,21.8
FECTC,CEMENT,mid,4833,1,0.891,3.88
FEROZ,PHARMACEUTICALS,liquid,4975,0,0.917,65.39
FFC,FERTILIZER,liquid,5280,0,0.973,28.3816
FFL,FOOD & PERSONAL CARE PRODUCTS,mid,4118,0,0.759,4.39
FLYNG,CEMENT,liquid,4646,0,0.96,0.79
FML,TEXTILE COMPOSITE,thin,2515,2,0.484,5.5
FRCL,GLASS & CERAMICS,thin,3310,12,0.61,0.0001
FSWL,TEXTILE COMPOSITE,thin,396,6,0.073,2.05
FZCM,TEXTILE COMPOSITE,thin,2553,6,0.471,15.6
GAL,AUTOMOBILE ASSEMBLER,liquid,624,0,0.978,61.06
GAMON,MISCELLANEOUS,thin,3285,0,0.606,0.0012
GATM,TEXTILE COMPOSITE,mid,4331,0,0.798,16.5
GCIL,CHEMICAL,liquid,1607,0,0.976,2.5
GEMPAPL,PAPER & BOARD,thin,277,0,0.435,6.75
GEMSPNL,TECHNOLOGY & COMMUNICATION,thin,390,0,0.7,9.31
GFIL,TEXTILE COMPOSITE,thin,3272,0,0.603,1.0
GGGL,GLASS & CERAMICS,liquid,2743,0,0.978,3.103
GGL,CHEMICAL,liquid,4091,0,0.983,6.74
GHGL,GLASS & CERAMICS,liquid,5063,0,0.933,23.55
GHNI,AUTOMOBILE ASSEMBLER,liquid,4897,0,0.903,2.5985
GLAXO,PHARMACEUTICALS,liquid,5257,0,0.969,61.63
GLPL,FOOD & PERSONAL CARE PRODUCTS,thin,2806,1,0.521,22.6993
GOC,MISCELLANEOUS,thin,2474,34,0.457,21.26
GRR,REAL ESTATE INVESTMENT TRUST,liquid,849,0,0.951,9.2
GTYR,AUTOMOBILE PARTS & ACCESSORIES,liquid,5167,0,0.953,7.0
GVGL,GLASS & CERAMICS,thin,3491,0,0.644,5.5281
GWLC,CEMENT,liquid,5042,0,0.93,2.68
HAEL,TEXTILE COMPOSITE,thin,2489,6,0.459,2.0
HAFL,TEXTILE COMPOSITE,thin,533,7,0.098,9.5
HALEON,PHARMACEUTICALS,liquid,845,0,0.971,120.23
HASCOL,OIL & GAS MARKETING COMPANIES,liquid,3009,0,0.981,3.67
HBL,COMMERCIAL BANKS,liquid,4648,0,0.971,51.1
HCAR,AUTOMOBILE ASSEMBLER,liquid,5266,0,0.971,8.39
HCL,TECHNOLOGY & COMMUNICATION,thin,378,32,0.077,1.4444
HICL,INSURANCE,mid,4260,2,0.785,4.51
HINO,AUTOMOBILE ASSEMBLER,mid,4424,3,0.816,35.8655
HINOON,PHARMACEUTICALS,liquid,5137,0,0.947,23.06
HMB,COMMERCIAL BANKS,liquid,5173,0,0.954,14.61
HTL,OIL & GAS MARKETING COMPANIES,liquid,2563,0,0.981,16.7
HUBC,POWER GENERATION & DISTRIBUTION,liquid,5272,0,0.972,13.38
HUMNL,TECHNOLOGY & COMMUNICATION,mid,4668,0,0.879,1.82
HUSI,TEXTILE COMPOSITE,thin,1439,10,0.265,1.71
IBLHL,PHARMACEUTICALS,liquid,4202,0,0.964,6.62
ICL,CHEMICAL,mid,3959,0,0.73,17.38
IGIHL,INSURANCE,liquid,4954,1,0.914,34.2073
IGIL,INSURANCE,thin,3148,5,0.58,7.52
ILP,TEXTILE COMPOSITE,liquid,1796,0,0.98,32.03
INDU,AUTOMOBILE ASSEMBLER,liquid,5207,0,0.96,51.81
INIL,ENGINEERING,liquid,5249,0,0.968,25.7
INKL,TEXTILE COMPOSITE,thin,1826,5,0.337,2.5
ISIL,FOOD & PERSONAL CARE PRODUCTS,thin,2090,39,0.386,19.0177
ISL,ENGINEERING,liquid,3720,0,0.976,9.14
ITTEFAQ,ENGINEERING,liquid,2232,0,0.981,4.2
JGICL,INSURANCE,mid,3856,7,0.711,23.19
JLICL,INSURANCE,mid,4383,1,0.808,17.35
JSBL,COMMERCIAL BANKS,liquid,4649,0,0.954,1.57
JUBS,TEXTILE COMPOSITE,thin,2783,1,0.513,0.51
JVDC,PROPERTY,thin,3566,0,0.657,15.5
JVDCPS,CEMENT,thin,186,26,0.054,8.0
KAPCO,POWER GENERATION & DISTRIBUTION,liquid,5255,0,0.974,15.0
KCL,GLASS & CERAMICS,thin,1277,22,0.235,1.722
KEL,POWER GENERATION & DISTRIBUTION,liquid,5291,0,0.975,1.3585
KHYT,TEXTILE COMPOSITE,thin,670,53,0.124,11.5
KML,TEXTILE COMPOSITE,thin,3756,3,0.692,1.0
KOHC,CEMENT,liquid,5222,0,0.963,5.0
KOHE,POWER GENERATION & DISTRIBUTION,mid,4769,0,0.879,10.7618
KOHP,POWER GENERATION & DISTRIBUTION,mid,4525,3,0.834,0.143
KOIL,TEXTILE COMPOSITE,mid,4870,0,0.898,0.56
KSBP,ENGINEERING,mid,4262,5,0.786,22.45
KTML,TEXTILE COMPOSITE,liquid,5102,1,0.941,2.28
LCI,CHEMICAL,liquid,860,0,0.975,218.97
LOADS,AUTOMOBILE PARTS & ACCESSORIES,liquid,2401,0,0.983,5.64
LOTCHEM,CHEMICAL,liquid,5277,0,0.973,1.32
LPGL,CHEMICAL,thin,1926,5,0.361,4.1276
LPL,POWER GENERATION & DISTRIBUTION,liquid,3148,0,0.969,4.2397
LUCK,CEMENT,liquid,5261,0,0.97,26.5
MACFL,MISCELLANEOUS,mid,4814,2,0.887,0.7772
MACTER,PHARMACEUTICALS,thin,1325,4,0.604,53.1
MARI,OIL & GAS EXPLORATION COMPANIES,liquid,5251,0,0.968,38.5559
MCB,COMMERCIAL BANKS,liquid,5273,0,0.972,53.0
MDTL,TECHNOLOGY & COMMUNICATION,mid,3816,0,0.862,0.6
MEBL,COMMERCIAL BANKS,liquid,5219,0,0.962,10.05
MEHT,TEXTILE COMPOSITE,thin,1911,21,0.352,45.59
MERIT,PAPER & BOARD,mid,4463,0,0.823,6.22
MFFL,FOOD & PERSONAL CARE PRODUCTS,mid,3916,4,0.722,45.13
MFL,FOOD & PERSONAL CARE PRODUCTS,liquid,2056,0,0.97,14.12
MLCF,CEMENT,liquid,5274,0,0.972,1.6
MSCL,ENGINEERING,thin,2258,22,0.416,4.9292
MSOT,TEXTILE COMPOSITE,thin,3160,11,0.583,14.0
MTL,AUTOMOBILE ASSEMBLER,liquid,5229,0,0.964,25.7572
MUGHAL,ENGINEERING,liquid,2781,0,0.981,18.97
MUREB,FOOD & PERSONAL CARE PRODUCTS,mid,4498,1,0.829,58.1
MWMP,MISCELLANEOUS,thin,2488,5,0.459,0.0011
NATF,FOOD & PERSONAL CARE PRODUCTS,mid,4693,0,0.865,18.213
NBP,COMMERCIAL BANKS,liquid,5279,0,0.973,18.89
NCL,TEXTILE COMPOSITE,liquid,5275,0,0.972,7.25
NCPL,POWER GENERATION & DISTRIBUTION,liquid,4127,0,0.979,8.49
NESTLE,FOOD & PERSONAL CARE PRODUCTS,thin,3708,3,0.684,475.0
NETSOL,TECHNOLOGY & COMMUNICATION,liquid,5113,0,0.972,8.37
NICL,CHEMICAL,mid,4816,3,0.888,1.13
NML,TEXTILE COMPOSITE,liquid,5275,0,0.972,21.71
NPL,POWER GENERATION & DISTRIBUTION,liquid,4115,1,0.974,7.2049
NRL,REFINERY,liquid,5268,0,0.971,74.89
NRSL,CHEMICAL,liquid,5228,0,0.964,1.35
OBOY,OIL & GAS MARKETING COMPANIES,mid,1339,5,0.813,1.6
OCTOPUS,TECHNOLOGY & COMMUNICATION,liquid,1181,0,0.982,24.89
OGDC,OIL & GAS EXPLORATION COMPANIES,liquid,5286,0,0.975,40.75
OML,MISCELLANEOUS,thin,2551,17,0.479,0.0024
OTSU,PHARMACEUTICALS,thin,3318,13,0.612,26.5568
PABC,MISCELLANEOUS,liquid,1232,0,0.979,25.98
PACE,PROPERTY,liquid,4773,0,0.971,1.16
PAEL,CABLE & ELECTRICAL GOODS,liquid,5277,0,0.973,2.2137
PAKD,TECHNOLOGY & COMMUNICATION,mid,4229,0,0.78,22.83
PAKOXY,CHEMICAL,liquid,4959,0,0.914,49.7346
PAKRI,INSURANCE,liquid,5181,1,0.955,5.66
PASM,TEXTILE COMPOSITE,thin,1741,5,0.321,2.02
PCAL,CABLE & ELECTRICAL GOODS,mid,4632,0,0.854,27.54
PECO,ENGINEERING,thin,2730,34,0.503,34.44
PHDL,MISCELLANEOUS,thin,1943,0,0.385,1.01
PIBTL,TRANSPORT,liquid,3086,0,0.976,3.47
PICT,TRANSPORT,liquid,4909,0,0.905,20.35
PIL,INSURANCE,mid,4123,0,0.826,0.2016
PINL,INSURANCE,mid,3956,1,0.729,3.5
PIOC,CEMENT,liquid,5232,0,0.965,3.2
PKGI,INSURANCE,thin,3390,2,0.625,0.2659
PKGP,POWER GENERATION & DISTRIBUTION,liquid,3605,2,0.955,6.9771
PKGS,PAPER & BOARD,liquid,5209,0,0.96,70.3
PNSC,TRANSPORT,liquid,5193,0,0.957,7.5922
POL,OIL & GAS EXPLORATION COMPANIES,liquid,5277,0,0.973,81.53
POWER,CEMENT,liquid,5219,0,0.962,1.71
POWERPS,CEMENT,mid,499,0,0.782,8.7
PPL,OIL & GAS EXPLORATION COMPANIES,liquid,5271,0,0.972,51.05
PPP,PAPER & BOARD,thin,3135,8,0.578,18.6325
PPVC,CHEMICAL,thin,2588,3,0.497,0.0007
PREMA,FOOD & PERSONAL CARE PRODUCTS,liquid,1961,0,0.978,12.05
PRL,REFINERY,liquid,5253,0,0.968,9.3418
PSEL,MISCELLANEOUS,thin,1948,25,0.359,102.21
PSO,OIL & GAS MARKETING COMPANIES,liquid,5272,0,0.972,96.0
PTC,TECHNOLOGY & COMMUNICATION,liquid,5276,0,0.973,5.59
PTL,AUTOMOBILE PARTS & ACCESSORIES,liquid,1330,0,0.98,15.17
QUET,TEXTILE COMPOSITE,thin,2104,8,0.388,4.0
QUICE,FOOD & PERSONAL CARE PRODUCTS,liquid,5062,0,0.933,0.4899
REDCO,TEXTILE COMPOSITE,thin,3516,1,0.648,0.25
REWM,TEXTILE COMPOSITE,thin,3670,1,0.677,2.76
RICL,INSURANCE,mid,3974,4,0.733,3.05
RMPL,FOOD & PERSONAL CARE PRODUCTS,thin,2799,12,0.517,600.95
RPL,PAPER & BOARD,liquid,2317,0,0.981,8.8
SAPT,TEXTILE COMPOSITE,thin,2143,12,0.395,53.6
SARC,CHEMICAL,thin,2447,14,0.451,0.5062
SAZEW,AUTOMOBILE ASSEMBLER,mid,4847,0,0.894,7.292
SBL,COMMERCIAL BANKS,mid,4477,4,0.825,1.3
SCBPL,COMMERCIAL BANKS,mid,4357,0,0.898,6.08
SCL,FOOD & PERSONAL CARE PRODUCTS,thin,2234,33,0.413,16.2378
SEARL,PHARMACEUTICALS,liquid,5169,0,0.953,10.6644
SEL,POWER GENERATION & DISTRIBUTION,thin,3308,3,0.61,6.0
SEPL,PAPER & BOARD,mid,4811,1,0.888,18.9082
SFL,TEXTILE COMPOSITE,thin,2505,21,0.462,75.1
SGPL,POWER GENERATION & DISTRIBUTION,thin,2437,1,0.449,0.0001
SHEL,OIL & GAS MARKETING COMPANIES,liquid,4915,0,0.968,68.36
SHEZ,FOOD & PERSONAL CARE PRODUCTS,thin,3428,2,0.632,82.38
SHFA,MISCELLANEOUS,mid,4479,0,0.826,13.05
SHNI,INSURANCE,thin,3692,3,0.681,1.8056
SIEM,CABLE & ELECTRICAL GOODS,mid,4202,5,0.775,449.36
SILK,COMMERCIAL BANKS,liquid,4934,0,0.969,0.63
SITC,CHEMICAL,mid,4524,0,0.834,68.62
SMCPL,CEMENT,mid,3290,4,0.8,3.21
SNBL,COMMERCIAL BANKS,liquid,5116,0,0.943,2.8044
SNGP,OIL & GAS MARKETING COMPANIES,liquid,5285,0,0.974,15.64
SPEL,MISCELLANEOUS,liquid,2723,0,0.946,7.2523
SPL,CHEMICAL,liquid,4651,0,0.965,8.15
SPWL,POWER GENERATION & DISTRIBUTION,liquid,2832,0,0.971,7.2879
SSGC,OIL & GAS MARKETING COMPANIES,liquid,5259,0,0.97,8.36
STCL,GLASS & CERAMICS,mid,4512,0,0.832,5.23
STML,TEXTILE COMPOSITE,thin,1824,37,0.336,5.63
STPL,MISCELLANEOUS,liquid,4941,0,0.952,4.3292
SURC,TEXTILE COMPOSITE,thin,3100,19,0.572,12.7
SYS,TECHNOLOGY & COMMUNICATION,liquid,2817,0,0.978,22.3293
TELE,TECHNOLOGY & COMMUNICATION,liquid,5273,0,0.972,0.75
TGL,GLASS & CERAMICS,mid,4829,0,0.891,5.93
THALL,AUTOMOBILE PARTS & ACCESSORIES,liquid,5153,0,0.95,42.5
THCCL,CEMENT,mid,3782,0,0.822,6.07
TOMCL,FOOD & PERSONAL CARE PRODUCTS,liquid,1470,0,0.981,18.33
TOWL,TEXTILE COMPOSITE,thin,2041,5,0.378,3.52
TPL,TECHNOLOGY & COMMUNICATION,liquid,3451,0,0.979,2.83
TPLI,INSURANCE,thin,2412,8,0.646,5.3886
TPLP,PROPERTY,mid,2114,0,0.837,3.5
TPLT,TECHNOLOGY & COMMUNICATION,liquid,1421,0,0.952,4.81
TREET,FOOD & PERSONAL CARE PRODUCTS,mid,4473,0,0.825,10.32
TRG,TECHNOLOGY & COMMUNICATION,liquid,5284,0,0.974,1.07
TRIPF,MISCELLANEOUS,liquid,4984,0,0.919,40.4
TSPL,POWER GENERATION & DISTRIBUTION,liquid,5030,0,0.927,0.0153
UBDL,MISCELLANEOUS,thin,2262,1,0.418,3.5
UBL,COMMERCIAL BANKS,liquid,5149,0,0.967,14.2295
UDPL,MISCELLANEOUS,thin,2986,8,0.55,2.4155
UNIC,INSURANCE,mid,4117,0,0.767,0.9385
UNITY,FOOD & PERSONAL CARE PRODUCTS,thin,2986,0,0.556,0.4189
UPFL,FOOD & PERSONAL CARE PRODUCTS,thin,2290,14,0.423,285.0
UVIC,INSURANCE,thin,2998,6,0.553,0.1465
WAHN,CHEMICAL,mid,3994,9,0.736,24.25
WAVES,CABLE & ELECTRICAL GOODS,mid,4587,0,0.846,6.0
WTL,TECHNOLOGY & COMMUNICATION,liquid,5086,0,0.964,0.55
ZAHID,TEXTILE COMPOSITE,thin,2820,5,0.52,1.34
ZIL,FOOD & PERSONAL CARE PRODUCTS,thin,3347,6,0.617,19.9461
