sector,symbol,start,end,kind,outcome,up_idx,down_idx,gap
COMMERCIAL BANKS,ABL,1000,1080,ascending,down,,1091.0,
COMMERCIAL BANKS,ABL,3640,3720,descending,sequential,3721.0,3735.0,14.0
PHARMACEUTICALS,ABOT,2520,2600,descending,sequential,2620.0,2604.0,16.0
PHARMACEUTICALS,ABOT,3840,3920,ascending,down,,3928.0,
CEMENT,ACPL,80,160,ascending,up,161.0,,
CEMENT,ACPL,600,680,descending,down,,695.0,
CEMENT,ACPL,2440,2520,ascending,down,,2521.0,
CEMENT,ACPL,3720,3800,descending,up,3801.0,,
CEMENT,ACPL,3880,3960,ascending,down,,3961.0,
TEXTILE COMPOSITE,ADMM,160,240,symmetrical,down,,241.0,
TEXTILE COMPOSITE,ADMM,520,600,descending,down,,601.0,
TEXTILE COMPOSITE,ADMM,1960,2040,descending,up,2041.0,,
TEXTILE COMPOSITE,ADMM,2520,2600,ascending,down,,2613.0,
ENGINEERING,AGHA,1200,1280,symmetrical,sequential,1284.0,1310.0,26.0
INSURANCE,AGIC,1280,1360,descending,up,1361.0,,
INSURANCE,AGIC,1960,2040,symmetrical,up,2046.0,,
INSURANCE,AGIC,2520,2600,ascending,up,2601.0,,
AUTOMOBILE PARTS & ACCESSORIES,AGIL,1240,1320,descending,up,1324.0,,
AUTOMOBILE PARTS & ACCESSORIES,AGIL,1400,1480,descending,down,,1481.0,
AUTOMOBILE PARTS & ACCESSORIES,AGIL,1520,1600,symmetrical,up,1602.0,,
AUTOMOBILE PARTS & ACCESSORIES,AGIL,1920,2000,symmetrical,down,,2001.0,
CHEMICAL,AGL,40,120,descending,sequential,152.0,125.0,27.0
CHEMICAL,AGL,640,720,symmetrical,down,,733.0,
CHEMICAL,AGL,2640,2720,symmetrical,sequential,2721.0,2734.0,13.0
PHARMACEUTICALS,AGP,1840,1920,descending,up,1932.0,,
AUTOMOBILE ASSEMBLER,AGTL,1640,1720,descending,up,1737.0,,
AUTOMOBILE ASSEMBLER,AGTL,3680,3760,descending,sequential,3785.0,3761.0,24.0
AUTOMOBILE ASSEMBLER,AGTL,4480,4560,descending,sequential,4587.0,4575.0,12.0
FERTILIZER,AHCL,3240,3320,descending,down,,3323.0,
INSURANCE,AICL,1800,1880,ascending,sequential,1881.0,1918.0,37.0
INSURANCE,AICL,3800,3880,descending,up,3881.0,,
INSURANCE,AICL,3920,4000,ascending,down,,4009.0,
TECHNOLOGY & COMMUNICATION,AIRLINK,160,240,descending,down,,241.0,
COMMERCIAL BANKS,AKBL,1800,1880,ascending,up,1884.0,,
MISCELLANEOUS,AKDHL,240,320,descending,whipsaw,321.0,323.0,2.0
MISCELLANEOUS,AKDHL,880,960,descending,whipsaw,970.0,965.0,5.0
MISCELLANEOUS,AKGL,640,720,descending,sequential,753.0,725.0,28.0
INSURANCE,ALAC,2720,2800,symmetrical,down,,2801.0,
POWER GENERATION & DISTRIBUTION,ALTN,2200,2280,descending,whipsaw,2294.0,2292.0,2.0
POWER GENERATION & DISTRIBUTION,ALTN,2400,2480,descending,up,2481.0,,
POWER GENERATION & DISTRIBUTION,ALTN,2520,2600,descending,down,,2601.0,
POWER GENERATION & DISTRIBUTION,ALTN,2600,2680,symmetrical,up,2681.0,,
TEXTILE COMPOSITE,ANL,2360,2440,symmetrical,down,,2441.0,
TEXTILE COMPOSITE,ANL,3600,3680,symmetrical,down,,3681.0,
TEXTILE COMPOSITE,ANTM,440,520,descending,sequential,521.0,538.0,17.0
OIL & GAS MARKETING COMPANIES,APL,1400,1480,symmetrical,up,1483.0,,
OIL & GAS MARKETING COMPANIES,APL,1560,1640,ascending,up,1644.0,,
OIL & GAS MARKETING COMPANIES,APL,3160,3240,ascending,down,,3241.0,
OIL & GAS MARKETING COMPANIES,APL,3880,3960,descending,up,3961.0,,
OIL & GAS MARKETING COMPANIES,APL,3920,4000,descending,sequential,4001.0,4027.0,26.0
OIL & GAS MARKETING COMPANIES,APL,4120,4200,symmetrical,up,4216.0,,
OIL & GAS MARKETING COMPANIES,APL,4640,4720,ascending,up,4722.0,,
CHEMICAL,ARPL,4720,4800,ascending,up,4801.0,,
TEXTILE COMPOSITE,ARUJ,640,720,symmetrical,up,721.0,,
FOOD & PERSONAL CARE PRODUCTS,ASC,80,160,symmetrical,up,171.0,,
ENGINEERING,ASL,0,80,ascending,down,,87.0,
ENGINEERING,ASL,160,240,descending,whipsaw,245.0,241.0,4.0
ENGINEERING,ASL,1320,1400,descending,down,,1401.0,
ENGINEERING,ASL,2400,2480,descending,down,,2481.0,
ENGINEERING,ASLPS,360,440,ascending,up,448.0,,
AUTOMOBILE PARTS & ACCESSORIES,ATBA,2600,2680,descending,up,2681.0,,
AUTOMOBILE PARTS & ACCESSORIES,ATBA,4040,4120,symmetrical,sequential,4121.0,4128.0,7.0
INSURANCE,ATIL,1320,1400,ascending,up,1413.0,,
INSURANCE,ATIL,2480,2560,descending,up,2570.0,,
AUTOMOBILE ASSEMBLER,ATLH,3640,3720,descending,sequential,3736.0,3721.0,15.0
REFINERY,ATRL,1440,1520,ascending,sequential,1530.0,1547.0,17.0
REFINERY,ATRL,2560,2640,descending,whipsaw,2641.0,2646.0,5.0
REFINERY,ATRL,2640,2720,ascending,up,2721.0,,
REFINERY,ATRL,5000,5080,ascending,sequential,5081.0,5096.0,15.0
TECHNOLOGY & COMMUNICATION,AVN,560,640,descending,up,643.0,,
TECHNOLOGY & COMMUNICATION,AVN,1920,2000,ascending,down,,2001.0,
TECHNOLOGY & COMMUNICATION,AVN,2200,2280,descending,sequential,2281.0,2288.0,7.0
COMMERCIAL BANKS,BAFL,1840,1920,ascending,down,,1924.0,
COMMERCIAL BANKS,BAFL,3040,3120,ascending,down,,3139.0,
COMMERCIAL BANKS,BAFL,3840,3920,ascending,sequential,3921.0,3932.0,11.0
COMMERCIAL BANKS,BAFL,4520,4600,descending,up,4608.0,,
COMMERCIAL BANKS,BAHL,4120,4200,ascending,down,,4208.0,
ENGINEERING,BCL,760,840,ascending,down,,845.0,
ENGINEERING,BCL,3400,3480,descending,up,3481.0,,
ENGINEERING,BECO,400,480,descending,up,496.0,,
CHEMICAL,BERG,2280,2360,symmetrical,down,,2362.0,
CHEMICAL,BERG,2840,2920,symmetrical,down,,2934.0,
GLASS & CERAMICS,BGL,3800,3880,symmetrical,whipsaw,3890.0,3887.0,3.0
TEXTILE COMPOSITE,BHAT,1160,1240,descending,up,1250.0,,
TEXTILE COMPOSITE,BHAT,1240,1320,symmetrical,down,,1321.0,
COMMERCIAL BANKS,BIPL,2240,2320,symmetrical,sequential,2337.0,2327.0,10.0
COMMERCIAL BANKS,BIPL,3920,4000,descending,up,4001.0,,
FOOD & PERSONAL CARE PRODUCTS,BNL,1280,1360,descending,whipsaw,1364.0,1361.0,3.0
COMMERCIAL BANKS,BOK,440,520,descending,down,,530.0,
COMMERCIAL BANKS,BOK,3680,3760,ascending,down,,3773.0,
COMMERCIAL BANKS,BOK,4280,4360,ascending,sequential,4363.0,4369.0,6.0
COMMERCIAL BANKS,BOK,4600,4680,symmetrical,up,4702.0,,
COMMERCIAL BANKS,BOP,3840,3920,symmetrical,sequential,3921.0,3939.0,18.0
OIL & GAS MARKETING COMPANIES,BPL,720,800,descending,down,,802.0,
CEMENT,BWCL,1000,1080,symmetrical,whipsaw,1086.0,1081.0,5.0
AUTOMOBILE PARTS & ACCESSORIES,BWHL,0,80,descending,up,81.0,,
AUTOMOBILE PARTS & ACCESSORIES,BWHL,1400,1480,ascending,up,1492.0,,
AUTOMOBILE PARTS & ACCESSORIES,BWHL,1880,1960,descending,down,,1961.0,
AUTOMOBILE PARTS & ACCESSORIES,BWHL,2280,2360,symmetrical,sequential,2380.0,2373.0,7.0
INSURANCE,CENI,3480,3560,symmetrical,up,3595.0,,
PAPER & BOARD,CEPB,840,920,descending,down,,921.0,
PAPER & BOARD,CEPB,1080,1160,ascending,sequential,1195.0,1179.0,16.0
PAPER & BOARD,CEPB,2200,2280,ascending,sequential,2291.0,2284.0,7.0
PAPER & BOARD,CEPB,2520,2600,ascending,sequential,2601.0,2616.0,15.0
TEXTILE COMPOSITE,CHBL,360,440,descending,up,441.0,,
TEXTILE COMPOSITE,CHBL,1560,1640,symmetrical,sequential,1678.0,1659.0,19.0
CEMENT,CHCC,1120,1200,symmetrical,sequential,1201.0,1211.0,10.0
CEMENT,CHCC,1560,1640,descending,sequential,1660.0,1642.0,18.0
CEMENT,CHCC,2280,2360,symmetrical,up,2361.0,,
FOOD & PERSONAL CARE PRODUCTS,CLOV,1480,1560,descending,up,1561.0,,
REFINERY,CNERGY,2840,2920,descending,sequential,2937.0,2948.0,11.0
PAPER & BOARD,CPPL,3160,3240,symmetrical,up,3246.0,,
PAPER & BOARD,CPPL,4480,4560,ascending,down,,4561.0,
TEXTILE COMPOSITE,CRTM,2240,2320,descending,sequential,2346.0,2326.0,20.0
TEXTILE COMPOSITE,CRTM,3560,3640,descending,up,3641.0,,
ENGINEERING,CSAP,4920,5000,descending,up,5011.0,,
INSURANCE,CYAN,640,720,descending,up,721.0,,
INSURANCE,CYAN,1840,1920,symmetrical,sequential,1928.0,1934.0,6.0
INSURANCE,CYAN,4120,4200,descending,up,4201.0,,
CHEMICAL,DAAG,840,920,symmetrical,up,923.0,,
CHEMICAL,DAAG,2240,2320,descending,down,,2322.0,
CEMENT,DBCI,1840,1920,symmetrical,sequential,1929.0,1922.0,7.0
CEMENT,DCL,680,760,symmetrical,up,768.0,,
CEMENT,DCL,1560,1640,ascending,down,,1641.0,
CEMENT,DCL,2520,2600,ascending,down,,2605.0,
CEMENT,DCL,4760,4840,ascending,up,4854.0,,
REAL ESTATE INVESTMENT TRUST,DCR,1240,1320,descending,down,,1331.0,
AUTOMOBILE ASSEMBLER,DFML,3840,3920,ascending,down,,3930.0,
AUTOMOBILE ASSEMBLER,DFML,3880,3960,descending,down,,3961.0,
CEMENT,DGKC,680,760,descending,up,764.0,,
CEMENT,DGKC,1480,1560,symmetrical,down,,1573.0,
CEMENT,DGKC,2920,3000,ascending,down,,3015.0,
CEMENT,DNCC,240,320,ascending,down,,324.0,
CEMENT,DNCC,1440,1520,symmetrical,sequential,1522.0,1553.0,31.0
CEMENT,DNCC,2160,2240,symmetrical,sequential,2241.0,2247.0,6.0
CHEMICAL,DOL,680,760,descending,down,,761.0,
CHEMICAL,DOL,3200,3280,descending,whipsaw,3282.0,3285.0,3.0
CHEMICAL,DOL,3560,3640,symmetrical,down,,3646.0,
CHEMICAL,DOL,4080,4160,ascending,sequential,4161.0,4186.0,25.0
ENGINEERING,DSL,2280,2360,ascending,whipsaw,2366.0,2362.0,4.0
ENGINEERING,DSL,3080,3160,ascending,sequential,3188.0,3172.0,16.0
ENGINEERING,DSL,4000,4080,descending,up,4091.0,,
ENGINEERING,DSL,4360,4440,descending,down,,4441.0,
CHEMICAL,DYNO,400,480,ascending,sequential,507.0,481.0,26.0
CHEMICAL,DYNO,880,960,descending,down,,992.0,
MISCELLANEOUS,ECOP,280,360,descending,down,,376.0,
MISCELLANEOUS,ECOP,1040,1120,ascending,down,,1121.0,
MISCELLANEOUS,ECOP,4920,5000,ascending,up,5004.0,,
FERTILIZER,EFERT,520,600,descending,down,,601.0,
FERTILIZER,EFERT,1320,1400,ascending,up,1401.0,,
INSURANCE,EFUG,1680,1760,symmetrical,up,1763.0,,
INSURANCE,EFUG,1800,1880,descending,up,1881.0,,
INSURANCE,EFUL,120,200,descending,up,201.0,,
INSURANCE,EFUL,760,840,descending,sequential,853.0,841.0,12.0
INSURANCE,EFUL,2760,2840,symmetrical,sequential,2869.0,2841.0,28.0
FERTILIZER,ENGRO,80,160,descending,up,161.0,,
FERTILIZER,ENGRO,1280,1360,descending,up,1381.0,,
FERTILIZER,ENGRO,1320,1400,ascending,up,1405.0,,
FERTILIZER,ENGRO,1840,1920,symmetrical,sequential,1948.0,1930.0,18.0
FERTILIZER,ENGRO,1880,1960,ascending,up,1961.0,,
FERTILIZER,ENGRO,4200,4280,descending,down,,4284.0,
CHEMICAL,EPCL,2840,2920,descending,sequential,2923.0,2929.0,6.0
CHEMICAL,EPCLPS,280,360,descending,up,364.0,,
POWER GENERATION & DISTRIBUTION,EPQL,960,1040,descending,up,1053.0,,
POWER GENERATION & DISTRIBUTION,EPQL,1960,2040,symmetrical,sequential,2045.0,2053.0,8.0
POWER GENERATION & DISTRIBUTION,EPQL,2040,2120,symmetrical,down,,2123.0,
AUTOMOBILE PARTS & ACCESSORIES,EXIDE,4120,4200,descending,up,4221.0,,
AUTOMOBILE PARTS & ACCESSORIES,EXIDE,4160,4240,ascending,down,,4242.0,
COMMERCIAL BANKS,FABL,600,680,ascending,down,,681.0,
COMMERCIAL BANKS,FABL,2040,2120,symmetrical,sequential,2157.0,2127.0,30.0
TEXTILE COMPOSITE,FASM,120,200,descending,down,,201.0,
TEXTILE COMPOSITE,FASM,360,440,symmetrical,up,441.0,,
FERTILIZER,FATIMA,1240,1320,symmetrical,up,1323.0,,
FERTILIZER,FATIMA,2080,2160,ascending,down,,2161.0,
CEMENT,FCCL,2520,2600,descending,up,2612.0,,
CEMENT,FCCL,2560,2640,ascending,sequential,2667.0,2647.0,20.0
CEMENT,FCCL,3920,4000,symmetrical,none,,,
CEMENT,FCCL,5080,5160,ascending,down,,5167.0,
FOOD & PERSONAL CARE PRODUCTS,FCEPL,720,800,descending,up,808.0,,
FOOD & PERSONAL CARE PRODUCTS,FCEPL,1000,1080,descending,down,,1093.0,
FOOD & PERSONAL CARE PRODUCTS,FCEPL,2920,3000,descending,up,3004.0,,
FOOD & PERSONAL CARE PRODUCTS,FCEPL,3280,3360,symmetrical,sequential,3384.0,3396.0,12.0
FOOD & PERSONAL CARE PRODUCTS,FCEPL,3480,3560,symmetrical,sequential,3565.0,3592.0,27.0
CEMENT,FECTC,3520,3600,symmetrical,up,3606.0,,
CEMENT,FECTC,4240,4320,descending,down,,4323.0,
PHARMACEUTICALS,FEROZ,1240,1320,ascending,sequential,1333.0,1343.0,10.0
FERTILIZER,FFC,360,440,descending,up,445.0,,
FERTILIZER,FFC,400,480,ascending,down,,481.0,
FERTILIZER,FFC,2760,2840,descending,down,,2843.0,
FERTILIZER,FFC,3520,3600,symmetrical,up,3603.0,,
FERTILIZER,FFC,4880,4960,symmetrical,down,,4961.0,
FOOD & PERSONAL CARE PRODUCTS,FFL,280,360,ascending,sequential,372.0,399.0,27.0
CEMENT,FLYNG,160,240,descending,down,,241.0,
CEMENT,FLYNG,1320,1400,symmetrical,down,,1401.0,
CEMENT,FLYNG,3680,3760,descending,down,,3761.0,
TEXTILE COMPOSITE,FML,1720,1800,descending,down,,1807.0,
AUTOMOBILE ASSEMBLER,GAL,520,600,symmetrical,up,601.0,,
TEXTILE COMPOSITE,GATM,840,920,symmetrical,sequential,922.0,958.0,36.0
TEXTILE COMPOSITE,GATM,1000,1080,ascending,up,1081.0,,
TEXTILE COMPOSITE,GFIL,1720,1800,ascending,down,,1813.0,
TEXTILE COMPOSITE,GFIL,2840,2920,descending,down,,2923.0,
GLASS & CERAMICS,GGGL,1880,1960,ascending,down,,1961.0,
CHEMICAL,GGL,1760,1840,descending,down,,1841.0,
GLASS & CERAMICS,GHGL,40,120,descending,down,,128.0,
GLASS & CERAMICS,GHGL,1360,1440,ascending,down,,1442.0,
GLASS & CERAMICS,GHGL,2480,2560,symmetrical,whipsaw,2565.0,2567.0,2.0
GLASS & CERAMICS,GHGL,3200,3280,descending,down,,3292.0,
GLASS & CERAMICS,GHGL,3880,3960,ascending,down,,3991.0,
GLASS & CERAMICS,GHGL,4000,4080,symmetrical,sequential,4095.0,4086.0,9.0
AUTOMOBILE ASSEMBLER,GHNI,920,1000,symmetrical,down,,1001.0,
AUTOMOBILE ASSEMBLER,GHNI,1360,1440,descending,up,1447.0,,
AUTOMOBILE ASSEMBLER,GHNI,4040,4120,symmetrical,down,,4121.0,
PHARMACEUTICALS,GLAXO,1480,1560,ascending,down,,1567.0,
PHARMACEUTICALS,GLAXO,2440,2520,descending,up,2521.0,,
PHARMACEUTICALS,GLAXO,2560,2640,ascending,down,,2641.0,
PHARMACEUTICALS,GLAXO,3400,3480,symmetrical,down,,3481.0,
FOOD & PERSONAL CARE PRODUCTS,GLPL,640,720,symmetrical,sequential,724.0,731.0,7.0
FOOD & PERSONAL CARE PRODUCTS,GLPL,720,800,ascending,down,,807.0,
AUTOMOBILE PARTS & ACCESSORIES,GTYR,4640,4720,ascending,down,,4721.0,
GLASS & CERAMICS,GVGL,720,800,symmetrical,down,,801.0,
CEMENT,GWLC,960,1040,descending,up,1052.0,,
CEMENT,GWLC,2720,2800,descending,down,,2814.0,
PHARMACEUTICALS,HALEON,0,80,descending,up,84.0,,
OIL & GAS MARKETING COMPANIES,HASCOL,2600,2680,symmetrical,sequential,2685.0,2694.0,9.0
COMMERCIAL BANKS,HBL,2040,2120,descending,up,2123.0,,
COMMERCIAL BANKS,HBL,3200,3280,ascending,sequential,3288.0,3315.0,27.0
COMMERCIAL BANKS,HBL,3800,3880,descending,sequential,3898.0,3885.0,13.0
AUTOMOBILE ASSEMBLER,HINO,1840,1920,descending,up,1935.0,,
PHARMACEUTICALS,HINOON,680,760,descending,down,,762.0,
COMMERCIAL BANKS,HMB,880,960,descending,up,966.0,,
COMMERCIAL BANKS,HMB,1080,1160,ascending,down,,1175.0,
COMMERCIAL BANKS,HMB,4200,4280,descending,up,4292.0,,
COMMERCIAL BANKS,HMB,4960,5040,descending,up,5045.0,,
OIL & GAS MARKETING COMPANIES,HTL,1560,1640,descending,down,,1642.0,
POWER GENERATION & DISTRIBUTION,HUBC,1320,1400,descending,up,1401.0,,
TECHNOLOGY & COMMUNICATION,HUMNL,360,440,symmetrical,down,,441.0,
TECHNOLOGY & COMMUNICATION,HUMNL,3640,3720,symmetrical,down,,3725.0,
PHARMACEUTICALS,IBLHL,360,440,ascending,up,441.0,,
PHARMACEUTICALS,IBLHL,3320,3400,symmetrical,down,,3426.0,
PHARMACEUTICALS,IBLHL,3920,4000,symmetrical,down,,4002.0,
INSURANCE,IGIL,2120,2200,descending,down,,2203.0,
INSURANCE,IGIL,2640,2720,descending,sequential,2758.0,2730.0,28.0
TEXTILE COMPOSITE,ILP,800,880,ascending,down,,881.0,
AUTOMOBILE ASSEMBLER,INDU,3000,3080,ascending,down,,3084.0,
AUTOMOBILE ASSEMBLER,INDU,3360,3440,ascending,down,,3441.0,
FOOD & PERSONAL CARE PRODUCTS,ISIL,1680,1760,symmetrical,down,,1761.0,
ENGINEERING,ISL,2560,2640,descending,sequential,2675.0,2641.0,34.0
ENGINEERING,ISL,2840,2920,symmetrical,sequential,2932.0,2947.0,15.0
ENGINEERING,ISL,3320,3400,descending,sequential,3433.0,3405.0,28.0
ENGINEERING,ITTEFAQ,120,200,symmetrical,down,,201.0,
INSURANCE,JGICL,400,480,ascending,up,481.0,,
INSURANCE,JGICL,1120,1200,ascending,up,1201.0,,
INSURANCE,JGICL,3640,3720,descending,sequential,3721.0,3755.0,34.0
INSURANCE,JLICL,720,800,descending,sequential,801.0,831.0,30.0
INSURANCE,JLICL,1560,1640,ascending,up,1641.0,,
INSURANCE,JLICL,2160,2240,ascending,down,,2241.0,
INSURANCE,JLICL,4200,4280,descending,up,4281.0,,
INSURANCE,JLICL,4280,4360,descending,up,4361.0,,
COMMERCIAL BANKS,JSBL,160,240,symmetrical,sequential,257.0,242.0,15.0
COMMERCIAL BANKS,JSBL,1200,1280,symmetrical,up,1281.0,,
COMMERCIAL BANKS,JSBL,1600,1680,symmetrical,sequential,1703.0,1684.0,19.0
COMMERCIAL BANKS,JSBL,3240,3320,descending,sequential,3321.0,3348.0,27.0
COMMERCIAL BANKS,JSBL,3360,3440,ascending,down,,3448.0,
TEXTILE COMPOSITE,JUBS,560,640,ascending,sequential,678.0,641.0,37.0
PROPERTY,JVDC,1120,1200,symmetrical,up,1201.0,,
PROPERTY,JVDC,1960,2040,symmetrical,up,2041.0,,
POWER GENERATION & DISTRIBUTION,KAPCO,1680,1760,symmetrical,up,1762.0,,
POWER GENERATION & DISTRIBUTION,KAPCO,2440,2520,ascending,sequential,2549.0,2532.0,17.0
POWER GENERATION & DISTRIBUTION,KAPCO,2480,2560,ascending,sequential,2561.0,2599.0,38.0
POWER GENERATION & DISTRIBUTION,KAPCO,3920,4000,symmetrical,sequential,4001.0,4020.0,19.0
POWER GENERATION & DISTRIBUTION,KAPCO,4200,4280,descending,up,4282.0,,
POWER GENERATION & DISTRIBUTION,KAPCO,5160,5240,descending,up,5241.0,,
POWER GENERATION & DISTRIBUTION,KEL,3160,3240,ascending,sequential,3242.0,3273.0,31.0
TEXTILE COMPOSITE,KML,1280,1360,descending,sequential,1373.0,1393.0,20.0
CEMENT,KOHC,2120,2200,ascending,sequential,2201.0,2220.0,19.0
CEMENT,KOHC,3800,3880,symmetrical,whipsaw,3884.0,3883.0,1.0
CEMENT,KOHC,4240,4320,ascending,down,,4327.0,
CEMENT,KOHC,4840,4920,ascending,down,,4922.0,
POWER GENERATION & DISTRIBUTION,KOHE,2440,2520,ascending,up,2540.0,,
POWER GENERATION & DISTRIBUTION,KOHP,3560,3640,ascending,down,,3649.0,
TEXTILE COMPOSITE,KOIL,1720,1800,descending,sequential,1801.0,1822.0,21.0
TEXTILE COMPOSITE,KOIL,3760,3840,descending,whipsaw,3858.0,3855.0,3.0
TEXTILE COMPOSITE,KOIL,3960,4040,symmetrical,up,4041.0,,
TEXTILE COMPOSITE,KTML,2200,2280,descending,sequential,2281.0,2291.0,10.0
AUTOMOBILE PARTS & ACCESSORIES,LOADS,1120,1200,symmetrical,down,,1201.0,
AUTOMOBILE PARTS & ACCESSORIES,LOADS,2200,2280,symmetrical,down,,2288.0,
CHEMICAL,LOTCHEM,1000,1080,descending,up,1084.0,,
CHEMICAL,LOTCHEM,1720,1800,symmetrical,down,,1801.0,
CHEMICAL,LOTCHEM,4400,4480,descending,up,4484.0,,
CHEMICAL,LPGL,1640,1720,symmetrical,down,,1731.0,
POWER GENERATION & DISTRIBUTION,LPL,80,160,descending,down,,161.0,
POWER GENERATION & DISTRIBUTION,LPL,120,200,descending,down,,207.0,
POWER GENERATION & DISTRIBUTION,LPL,400,480,ascending,down,,488.0,
POWER GENERATION & DISTRIBUTION,LPL,720,800,descending,up,821.0,,
CEMENT,LUCK,2040,2120,descending,up,2121.0,,
MISCELLANEOUS,MACFL,560,640,descending,down,,641.0,
MISCELLANEOUS,MACFL,3800,3880,descending,up,3881.0,,
PHARMACEUTICALS,MACTER,360,440,symmetrical,sequential,441.0,456.0,15.0
PHARMACEUTICALS,MACTER,1000,1080,symmetrical,down,,1086.0,
OIL & GAS EXPLORATION COMPANIES,MARI,680,760,symmetrical,whipsaw,768.0,763.0,5.0
COMMERCIAL BANKS,MCB,1280,1360,ascending,up,1379.0,,
COMMERCIAL BANKS,MCB,1800,1880,symmetrical,up,1882.0,,
COMMERCIAL BANKS,MCB,2080,2160,ascending,whipsaw,2165.0,2167.0,2.0
COMMERCIAL BANKS,MCB,2120,2200,ascending,down,,2201.0,
COMMERCIAL BANKS,MCB,3080,3160,symmetrical,up,3162.0,,
COMMERCIAL BANKS,MCB,4120,4200,ascending,down,,4201.0,
COMMERCIAL BANKS,MEBL,1000,1080,descending,up,1082.0,,
COMMERCIAL BANKS,MEBL,1560,1640,ascending,sequential,1676.0,1645.0,31.0
COMMERCIAL BANKS,MEBL,2080,2160,ascending,down,,2169.0,
COMMERCIAL BANKS,MEBL,2280,2360,descending,up,2361.0,,
COMMERCIAL BANKS,MEBL,4800,4880,symmetrical,up,4893.0,,
PAPER & BOARD,MERIT,720,800,symmetrical,down,,801.0,
PAPER & BOARD,MERIT,1400,1480,ascending,down,,1493.0,
PAPER & BOARD,MERIT,4240,4320,ascending,down,,4344.0,
PAPER & BOARD,MERIT,4280,4360,descending,down,,4361.0,
FOOD & PERSONAL CARE PRODUCTS,MFFL,2040,2120,ascending,down,,2121.0,
FOOD & PERSONAL CARE PRODUCTS,MFL,520,600,symmetrical,up,601.0,,
FOOD & PERSONAL CARE PRODUCTS,MFL,1240,1320,descending,up,1321.0,,
CEMENT,MLCF,1360,1440,symmetrical,down,,1441.0,
CEMENT,MLCF,2560,2640,symmetrical,down,,2643.0,
CEMENT,MLCF,4080,4160,ascending,down,,4168.0,
ENGINEERING,MSCL,1520,1600,descending,whipsaw,1605.0,1601.0,4.0
TEXTILE COMPOSITE,MSOT,840,920,symmetrical,whipsaw,921.0,923.0,2.0
TEXTILE COMPOSITE,MSOT,960,1040,descending,up,1041.0,,
AUTOMOBILE ASSEMBLER,MTL,200,280,symmetrical,up,283.0,,
AUTOMOBILE ASSEMBLER,MTL,1560,1640,descending,up,1643.0,,
AUTOMOBILE ASSEMBLER,MTL,3360,3440,symmetrical,sequential,3448.0,3456.0,8.0
AUTOMOBILE ASSEMBLER,MTL,4160,4240,ascending,down,,4243.0,
AUTOMOBILE ASSEMBLER,MTL,5040,5120,ascending,sequential,5123.0,5137.0,14.0
ENGINEERING,MUGHAL,1120,1200,ascending,sequential,1211.0,1201.0,10.0
FOOD & PERSONAL CARE PRODUCTS,MUREB,2600,2680,ascending,sequential,2681.0,2695.0,14.0
FOOD & PERSONAL CARE PRODUCTS,MUREB,2800,2880,ascending,up,2882.0,,
FOOD & PERSONAL CARE PRODUCTS,MUREB,3120,3200,descending,up,3208.0,,
MISCELLANEOUS,MWMP,760,840,symmetrical,up,841.0,,
FOOD & PERSONAL CARE PRODUCTS,NATF,680,760,descending,down,,762.0,
FOOD & PERSONAL CARE PRODUCTS,NATF,1120,1200,symmetrical,up,1213.0,,
FOOD & PERSONAL CARE PRODUCTS,NATF,2000,2080,descending,whipsaw,2081.0,2085.0,4.0
FOOD & PERSONAL CARE PRODUCTS,NATF,3440,3520,descending,down,,3521.0,
COMMERCIAL BANKS,NBP,1320,1400,symmetrical,up,1401.0,,
COMMERCIAL BANKS,NBP,1760,1840,descending,down,,1842.0,
COMMERCIAL BANKS,NBP,3160,3240,ascending,sequential,3242.0,3262.0,20.0
COMMERCIAL BANKS,NBP,4840,4920,descending,up,4921.0,,
TEXTILE COMPOSITE,NCL,360,440,symmetrical,down,,444.0,
TEXTILE COMPOSITE,NCL,1280,1360,symmetrical,whipsaw,1361.0,1366.0,5.0
TEXTILE COMPOSITE,NCL,2640,2720,descending,up,2740.0,,
TEXTILE COMPOSITE,NCL,3360,3440,symmetrical,down,,3476.0,
POWER GENERATION & DISTRIBUTION,NCPL,0,80,symmetrical,down,,81.0,
POWER GENERATION & DISTRIBUTION,NCPL,1240,1320,ascending,whipsaw,1336.0,1333.0,3.0
FOOD & PERSONAL CARE PRODUCTS,NESTLE,2720,2800,ascending,up,2828.0,,
TECHNOLOGY & COMMUNICATION,NETSOL,1200,1280,ascending,up,1281.0,,
CHEMICAL,NICL,2480,2560,ascending,up,2561.0,,
CHEMICAL,NICL,2560,2640,ascending,down,,2643.0,
TEXTILE COMPOSITE,NML,3400,3480,ascending,down,,3481.0,
REFINERY,NRL,2360,2440,ascending,sequential,2441.0,2466.0,25.0
CHEMICAL,NRSL,4720,4800,ascending,sequential,4820.0,4806.0,14.0
OIL & GAS MARKETING COMPANIES,OBOY,440,520,symmetrical,down,,527.0,
OIL & GAS EXPLORATION COMPANIES,OGDC,360,440,descending,up,441.0,,
OIL & GAS EXPLORATION COMPANIES,OGDC,480,560,ascending,up,562.0,,
OIL & GAS EXPLORATION COMPANIES,OGDC,520,600,ascending,down,,607.0,
OIL & GAS EXPLORATION COMPANIES,OGDC,2400,2480,descending,down,,2482.0,
OIL & GAS EXPLORATION COMPANIES,OGDC,3760,3840,ascending,down,,3841.0,
MISCELLANEOUS,PABC,480,560,symmetrical,up,561.0,,
PROPERTY,PACE,2240,2320,symmetrical,up,2333.0,,
CABLE & ELECTRICAL GOODS,PAEL,1000,1080,descending,down,,1085.0,
CABLE & ELECTRICAL GOODS,PAEL,2160,2240,symmetrical,up,2243.0,,
CABLE & ELECTRICAL GOODS,PAEL,2680,2760,descending,up,2761.0,,
CABLE & ELECTRICAL GOODS,PAEL,4200,4280,descending,sequential,4304.0,4293.0,11.0
CABLE & ELECTRICAL GOODS,PAEL,4240,4320,ascending,sequential,4348.0,4334.0,14.0
CABLE & ELECTRICAL GOODS,PAEL,4640,4720,symmetrical,up,4728.0,,
CABLE & ELECTRICAL GOODS,PAEL,4760,4840,descending,up,4859.0,,
CABLE & ELECTRICAL GOODS,PAEL,4800,4880,ascending,up,4881.0,,
CABLE & ELECTRICAL GOODS,PAEL,4960,5040,descending,up,5044.0,,
TECHNOLOGY & COMMUNICATION,PAKD,40,120,symmetrical,up,121.0,,
TECHNOLOGY & COMMUNICATION,PAKD,600,680,descending,down,,700.0,
TECHNOLOGY & COMMUNICATION,PAKD,2960,3040,symmetrical,down,,3041.0,
CHEMICAL,PAKOXY,2080,2160,descending,up,2163.0,,
CHEMICAL,PAKOXY,3000,3080,descending,down,,3090.0,
CHEMICAL,PAKOXY,3800,3880,descending,up,3887.0,,
CHEMICAL,PAKOXY,4400,4480,descending,up,4481.0,,
INSURANCE,PAKRI,2280,2360,descending,up,2364.0,,
INSURANCE,PAKRI,3680,3760,symmetrical,up,3762.0,,
CABLE & ELECTRICAL GOODS,PCAL,1720,1800,symmetrical,sequential,1824.0,1808.0,16.0
ENGINEERING,PECO,0,80,ascending,up,82.0,,
ENGINEERING,PECO,1560,1640,descending,sequential,1649.0,1672.0,23.0
TRANSPORT,PIBTL,1640,1720,symmetrical,down,,1725.0,
TRANSPORT,PICT,680,760,ascending,sequential,761.0,775.0,14.0
TRANSPORT,PICT,2600,2680,ascending,up,2681.0,,
TRANSPORT,PICT,4680,4760,descending,up,4771.0,,
TRANSPORT,PICT,4720,4800,descending,down,,4801.0,
INSURANCE,PIL,1040,1120,symmetrical,up,1132.0,,
INSURANCE,PIL,3080,3160,descending,up,3170.0,,
CEMENT,PIOC,2560,2640,descending,up,2641.0,,
CEMENT,PIOC,3880,3960,descending,up,3965.0,,
CEMENT,PIOC,4480,4560,descending,up,4561.0,,
INSURANCE,PKGI,640,720,descending,up,733.0,,
INSURANCE,PKGI,1320,1400,descending,sequential,1411.0,1402.0,9.0
POWER GENERATION & DISTRIBUTION,PKGP,1440,1520,ascending,up,1521.0,,
POWER GENERATION & DISTRIBUTION,PKGP,1960,2040,symmetrical,up,2041.0,,
POWER GENERATION & DISTRIBUTION,PKGP,2960,3040,descending,up,3051.0,,
POWER GENERATION & DISTRIBUTION,PKGP,3080,3160,ascending,sequential,3180.0,3161.0,19.0
PAPER & BOARD,PKGS,1000,1080,ascending,sequential,1092.0,1100.0,8.0
PAPER & BOARD,PKGS,1320,1400,symmetrical,up,1401.0,,
PAPER & BOARD,PKGS,3480,3560,symmetrical,up,3570.0,,
PAPER & BOARD,PKGS,4040,4120,symmetrical,down,,4130.0,
TRANSPORT,PNSC,920,1000,symmetrical,sequential,1010.0,1001.0,9.0
TRANSPORT,PNSC,1240,1320,descending,sequential,1326.0,1351.0,25.0
TRANSPORT,PNSC,1280,1360,descending,sequential,1381.0,1361.0,20.0
TRANSPORT,PNSC,4640,4720,ascending,up,4746.0,,
OIL & GAS EXPLORATION COMPANIES,POL,360,440,symmetrical,up,446.0,,
OIL & GAS EXPLORATION COMPANIES,POL,400,480,ascending,sequential,512.0,493.0,19.0
OIL & GAS EXPLORATION COMPANIES,POL,1640,1720,ascending,sequential,1721.0,1734.0,13.0
OIL & GAS EXPLORATION COMPANIES,POL,1720,1800,descending,up,1809.0,,
OIL & GAS EXPLORATION COMPANIES,POL,2440,2520,descending,sequential,2525.0,2557.0,32.0
CEMENT,POWER,160,240,ascending,sequential,269.0,241.0,28.0
CEMENT,POWER,4560,4640,descending,up,4659.0,,
CEMENT,POWER,4920,5000,symmetrical,up,5001.0,,
CEMENT,POWERPS,40,120,symmetrical,up,130.0,,
CEMENT,POWERPS,400,480,symmetrical,up,481.0,,
OIL & GAS EXPLORATION COMPANIES,PPL,400,480,ascending,sequential,507.0,483.0,24.0
OIL & GAS EXPLORATION COMPANIES,PPL,520,600,ascending,down,,613.0,
OIL & GAS EXPLORATION COMPANIES,PPL,1160,1240,ascending,sequential,1241.0,1266.0,25.0
OIL & GAS EXPLORATION COMPANIES,PPL,2760,2840,ascending,down,,2856.0,
OIL & GAS EXPLORATION COMPANIES,PPL,3000,3080,ascending,up,3087.0,,
PAPER & BOARD,PPP,80,160,symmetrical,whipsaw,167.0,162.0,5.0
PAPER & BOARD,PPP,320,400,symmetrical,down,,411.0,
CHEMICAL,PPVC,960,1040,symmetrical,up,1042.0,,
REFINERY,PRL,1680,1760,symmetrical,down,,1765.0,
REFINERY,PRL,2480,2560,descending,down,,2561.0,
REFINERY,PRL,2640,2720,symmetrical,up,2721.0,,
REFINERY,PRL,2760,2840,descending,down,,2849.0,
REFINERY,PRL,2840,2920,ascending,down,,2921.0,
REFINERY,PRL,3920,4000,ascending,down,,4005.0,
REFINERY,PRL,4120,4200,descending,up,4204.0,,
MISCELLANEOUS,PSEL,920,1000,ascending,up,1002.0,,
OIL & GAS MARKETING COMPANIES,PSO,1160,1240,ascending,down,,1265.0,
OIL & GAS MARKETING COMPANIES,PSO,1200,1280,ascending,down,,1281.0,
OIL & GAS MARKETING COMPANIES,PSO,1480,1560,ascending,down,,1561.0,
OIL & GAS MARKETING COMPANIES,PSO,1600,1680,descending,up,1685.0,,
TECHNOLOGY & COMMUNICATION,PTC,2680,2760,ascending,sequential,2767.0,2783.0,16.0
TEXTILE COMPOSITE,QUET,1280,1360,symmetrical,up,1361.0,,
FOOD & PERSONAL CARE PRODUCTS,QUICE,3400,3480,descending,down,,3483.0,
FOOD & PERSONAL CARE PRODUCTS,QUICE,3640,3720,ascending,down,,3746.0,
FOOD & PERSONAL CARE PRODUCTS,QUICE,4760,4840,ascending,up,4843.0,,
TEXTILE COMPOSITE,REDCO,2040,2120,symmetrical,down,,2129.0,
INSURANCE,RICL,840,920,ascending,sequential,939.0,922.0,17.0
FOOD & PERSONAL CARE PRODUCTS,RMPL,1800,1880,descending,up,1881.0,,
FOOD & PERSONAL CARE PRODUCTS,RMPL,2400,2480,descending,down,,2485.0,
CHEMICAL,SARC,1320,1400,symmetrical,sequential,1416.0,1401.0,15.0
AUTOMOBILE ASSEMBLER,SAZEW,2000,2080,descending,up,2085.0,,
COMMERCIAL BANKS,SBL,2880,2960,descending,up,2975.0,,
FOOD & PERSONAL CARE PRODUCTS,SCL,1280,1360,symmetrical,down,,1361.0,
FOOD & PERSONAL CARE PRODUCTS,SCL,1800,1880,symmetrical,sequential,1911.0,1894.0,17.0
PHARMACEUTICALS,SEARL,1040,1120,descending,down,,1122.0,
PHARMACEUTICALS,SEARL,1280,1360,descending,up,1361.0,,
PHARMACEUTICALS,SEARL,1560,1640,descending,up,1651.0,,
PHARMACEUTICALS,SEARL,4160,4240,descending,down,,4248.0,
PHARMACEUTICALS,SEARL,4640,4720,descending,sequential,4737.0,4729.0,8.0
POWER GENERATION & DISTRIBUTION,SEL,880,960,descending,up,970.0,,
PAPER & BOARD,SEPL,320,400,symmetrical,up,401.0,,
PAPER & BOARD,SEPL,3760,3840,descending,up,3871.0,,
PAPER & BOARD,SEPL,4200,4280,ascending,down,,4282.0,
PAPER & BOARD,SEPL,4720,4800,ascending,none,,,
POWER GENERATION & DISTRIBUTION,SGPL,1480,1560,symmetrical,sequential,1567.0,1583.0,16.0
OIL & GAS MARKETING COMPANIES,SHEL,480,560,descending,up,561.0,,
OIL & GAS MARKETING COMPANIES,SHEL,960,1040,descending,up,1042.0,,
OIL & GAS MARKETING COMPANIES,SHEL,3360,3440,ascending,down,,3441.0,
FOOD & PERSONAL CARE PRODUCTS,SHEZ,600,680,ascending,down,,681.0,
FOOD & PERSONAL CARE PRODUCTS,SHEZ,3040,3120,descending,up,3121.0,,
FOOD & PERSONAL CARE PRODUCTS,SHEZ,3320,3400,symmetrical,up,3406.0,,
MISCELLANEOUS,SHFA,40,120,descending,sequential,142.0,133.0,9.0
MISCELLANEOUS,SHFA,720,800,descending,down,,803.0,
MISCELLANEOUS,SHFA,1120,1200,descending,up,1208.0,,
MISCELLANEOUS,SHFA,4280,4360,descending,sequential,4361.0,4392.0,31.0
INSURANCE,SHNI,1080,1160,descending,down,,1165.0,
COMMERCIAL BANKS,SILK,1320,1400,descending,up,1417.0,,
COMMERCIAL BANKS,SILK,1760,1840,ascending,sequential,1841.0,1860.0,19.0
COMMERCIAL BANKS,SILK,1800,1880,descending,sequential,1887.0,1920.0,33.0
CHEMICAL,SITC,520,600,symmetrical,up,627.0,,
CHEMICAL,SITC,800,880,ascending,up,881.0,,
CHEMICAL,SITC,3800,3880,descending,sequential,3896.0,3884.0,12.0
CEMENT,SMCPL,120,200,descending,up,201.0,,
CEMENT,SMCPL,1160,1240,symmetrical,down,,1241.0,
CEMENT,SMCPL,2520,2600,ascending,sequential,2601.0,2621.0,20.0
CEMENT,SMCPL,2640,2720,descending,up,2737.0,,
CEMENT,SMCPL,3080,3160,descending,up,3161.0,,
COMMERCIAL BANKS,SNBL,1920,2000,descending,up,2001.0,,
COMMERCIAL BANKS,SNBL,4280,4360,ascending,down,,4361.0,
OIL & GAS MARKETING COMPANIES,SNGP,560,640,descending,down,,642.0,
MISCELLANEOUS,SPEL,680,760,descending,down,,769.0,
POWER GENERATION & DISTRIBUTION,SPWL,920,1000,ascending,down,,1023.0,
OIL & GAS MARKETING COMPANIES,SSGC,360,440,descending,sequential,441.0,471.0,30.0
OIL & GAS MARKETING COMPANIES,SSGC,400,480,descending,sequential,504.0,481.0,23.0
OIL & GAS MARKETING COMPANIES,SSGC,520,600,ascending,up,618.0,,
OIL & GAS MARKETING COMPANIES,SSGC,680,760,ascending,sequential,761.0,788.0,27.0
OIL & GAS MARKETING COMPANIES,SSGC,920,1000,ascending,down,,1011.0,
OIL & GAS MARKETING COMPANIES,SSGC,2080,2160,descending,up,2163.0,,
OIL & GAS MARKETING COMPANIES,SSGC,3000,3080,descending,down,,3088.0,
OIL & GAS MARKETING COMPANIES,SSGC,3840,3920,ascending,down,,3922.0,
OIL & GAS MARKETING COMPANIES,SSGC,4760,4840,descending,up,4841.0,,
OIL & GAS MARKETING COMPANIES,SSGC,5080,5160,symmetrical,down,,5161.0,
GLASS & CERAMICS,STCL,3480,3560,symmetrical,down,,3566.0,
GLASS & CERAMICS,STCL,3640,3720,symmetrical,up,3722.0,,
MISCELLANEOUS,STPL,120,200,symmetrical,down,,202.0,
TECHNOLOGY & COMMUNICATION,SYS,120,200,descending,down,,201.0,
TECHNOLOGY & COMMUNICATION,SYS,2280,2360,descending,up,2384.0,,
TECHNOLOGY & COMMUNICATION,TELE,360,440,symmetrical,down,,444.0,
TECHNOLOGY & COMMUNICATION,TELE,3200,3280,ascending,sequential,3311.0,3283.0,28.0
GLASS & CERAMICS,TGL,3360,3440,descending,up,3443.0,,
GLASS & CERAMICS,TGL,3560,3640,descending,sequential,3665.0,3658.0,7.0
GLASS & CERAMICS,TGL,4280,4360,ascending,sequential,4375.0,4363.0,12.0
AUTOMOBILE PARTS & ACCESSORIES,THALL,2400,2480,ascending,up,2484.0,,
CEMENT,THCCL,880,960,symmetrical,up,964.0,,
CEMENT,THCCL,920,1000,symmetrical,sequential,1025.0,1005.0,20.0
CEMENT,THCCL,960,1040,descending,up,1041.0,,
TEXTILE COMPOSITE,TOWL,360,440,descending,sequential,459.0,441.0,18.0
TEXTILE COMPOSITE,TOWL,1840,1920,ascending,whipsaw,1930.0,1933.0,3.0
PROPERTY,TPLP,400,480,ascending,down,,481.0,
PROPERTY,TPLP,720,800,descending,sequential,824.0,808.0,16.0
FOOD & PERSONAL CARE PRODUCTS,TREET,3720,3800,symmetrical,up,3801.0,,
TECHNOLOGY & COMMUNICATION,TRG,960,1040,symmetrical,down,,1041.0,
TECHNOLOGY & COMMUNICATION,TRG,2320,2400,symmetrical,up,2408.0,,
TECHNOLOGY & COMMUNICATION,TRG,3400,3480,descending,down,,3487.0,
MISCELLANEOUS,TRIPF,3640,3720,descending,sequential,3731.0,3723.0,8.0
POWER GENERATION & DISTRIBUTION,TSPL,3400,3480,symmetrical,down,,3489.0,
MISCELLANEOUS,UBDL,1000,1080,symmetrical,sequential,1081.0,1111.0,30.0
COMMERCIAL BANKS,UBL,1600,1680,ascending,up,1684.0,,
COMMERCIAL BANKS,UBL,2000,2080,ascending,down,,2088.0,
COMMERCIAL BANKS,UBL,2360,2440,ascending,sequential,2441.0,2454.0,13.0
COMMERCIAL BANKS,UBL,3360,3440,ascending,down,,3441.0,
COMMERCIAL BANKS,UBL,4520,4600,descending,up,4601.0,,
MISCELLANEOUS,UDPL,2880,2960,symmetrical,up,2964.0,,
INSURANCE,UNIC,2480,2560,symmetrical,sequential,2582.0,2575.0,7.0
INSURANCE,UNIC,2520,2600,symmetrical,up,2601.0,,
INSURANCE,UNIC,2680,2760,ascending,sequential,2772.0,2789.0,17.0
INSURANCE,UNIC,3120,3200,ascending,down,,3201.0,
INSURANCE,UNIC,3640,3720,ascending,sequential,3723.0,3731.0,8.0
FOOD & PERSONAL CARE PRODUCTS,UPFL,400,480,symmetrical,up,490.0,,
INSURANCE,UVIC,1280,1360,symmetrical,whipsaw,1361.0,1365.0,4.0
CHEMICAL,WAHN,1080,1160,descending,down,,1172.0,
CABLE & ELECTRICAL GOODS,WAVES,920,1000,symmetrical,up,1002.0,,
CABLE & ELECTRICAL GOODS,WAVES,3840,3920,symmetrical,up,3925.0,,
TECHNOLOGY & COMMUNICATION,WTL,2440,2520,symmetrical,up,2527.0,,
TEXTILE COMPOSITE,ZAHID,560,640,symmetrical,sequential,649.0,643.0,6.0
FOOD & PERSONAL CARE PRODUCTS,ZIL,2360,2440,ascending,down,,2441.0,
FOOD & PERSONAL CARE PRODUCTS,ZIL,2920,3000,symmetrical,sequential,3038.0,3014.0,24.0
