symbol,signal_date,entry_date,entry_price,exit_date,exit_price,outcome,return_pct,holding_days,rs_rating,rs_score
AATM,2025-06-18,2025-06-19,92.99,2025-06-20,85.5508,sl,-8.0,1,99.8,558.44
AATM,2025-07-01,2025-07-02,117.99,2025-07-03,108.5508,sl,-8.0,1,98.8,280.37
ACPL,2023-06-26,2023-06-27,85.02,2023-07-31,87.9148,sl,3.4048,34,95.8,26.95
ACPL,2023-08-01,2023-08-02,93.0,2023-08-08,88.3335,sl,-5.0177,6,95.6,25.23
ACPL,2025-03-07,2025-03-10,268.0,2025-04-03,247.3035,sl,-7.7226,24,96.3,87.48
ACPL,2025-04-10,2025-04-11,263.2,2025-04-30,250.8262,sl,-4.7013,19,96.6,91.41
ACPL,2025-05-14,2025-05-15,295.02,2025-06-12,294.2568,sl,-0.2587,28,95.5,78.45
ADOS,2022-10-07,2022-10-10,33.5,2022-10-13,30.82,sl,-8.0,3,99.2,48.85
AEL,2021-06-08,2021-06-23,14.0,2021-08-31,13.1952,sl,-5.7485,69,96.9,147.0
AEL,2021-10-28,2021-10-29,25.0,2021-11-10,23.0,sl,-8.0,12,99.2,189.97
AEL,2023-07-03,2023-07-04,22.5,2023-07-26,25.8887,sl,15.061,22,97.6,47.11
AEL,2024-01-04,2024-01-05,32.0,2024-01-05,33.68,time,5.25,0,95.1,57.26
AGL,2022-08-05,2022-08-10,8.35,2022-08-22,7.682,sl,-8.0,12,97.9,62.76
AGL,2023-11-24,2023-11-27,11.71,2023-12-20,11.7726,sl,0.5343,23,95.8,58.36
AGL,2024-01-10,2024-01-11,15.89,2024-01-30,14.6409,sl,-7.8607,19,98.8,131.66
AGL,2024-03-04,2024-03-05,17.48,2024-04-24,22.4799,sl,28.6037,50,97.5,142.42
AGL,2024-08-22,2024-08-23,26.87,2024-10-18,37.98,time,41.3472,56,95.3,111.69
AGL,2024-10-21,2024-10-22,38.75,2024-10-29,36.6753,sl,-5.3541,7,97.4,150.76
AGL,2024-11-05,2024-11-06,37.83,2024-11-26,38.439,sl,1.6098,20,96.7,145.25
AGL,2025-01-27,2025-01-28,58.43,2025-01-29,53.7556,sl,-8.0,1,96.7,109.99
AGL,2025-02-12,2025-02-13,59.0,2025-02-14,54.28,sl,-8.0,1,96.6,135.34
AGL,2025-03-10,2025-03-11,55.31,2025-04-17,64.1285,sl,15.9438,37,96.4,91.66
AIRLINK,2023-11-16,2023-11-17,53.75,2023-12-18,60.0468,sl,11.715,31,98.1,70.67
AIRLINK,2024-03-11,2024-03-12,67.0,2024-03-13,61.64,sl,-8.0,1,96.4,102.35
AIRLINK,2024-04-09,2024-04-15,62.61,2024-06-07,72.5606,sl,15.8929,53,96.7,81.93
AIRLINK,2024-06-20,2024-06-21,87.98,2024-08-20,141.23,time,60.5251,60,96.7,89.77
ALAC,2025-09-16,2025-09-17,15.27,2025-10-01,14.0484,sl,-8.0,14,95.9,126.78
ANTM,2025-08-01,2025-08-04,32.67,2025-08-07,30.0564,sl,-8.0,3,95.5,97.09
ANTM,2025-08-08,2025-08-11,40.75,2025-08-12,37.49,sl,-8.0,1,97.2,178.09
ANTM,2025-10-24,2025-10-27,43.0,2025-10-28,39.56,sl,-8.0,1,95.2,173.85
ARUJ,2024-06-28,2024-07-01,20.0,2024-07-30,27.6339,sl,38.1693,29,95.5,83.88
ASC,2025-08-25,2025-08-26,20.7,2025-08-28,19.044,sl,-8.0,2,95.6,149.2
ASL,2021-01-28,2021-01-29,26.68,2021-02-01,24.5456,sl,-8.0,3,95.9,110.51
ASLPS,2025-08-20,2025-08-21,25.0,2025-09-12,24.6661,sl,-1.3357,22,96.5,148.63
ATBA,2023-04-27,2023-04-28,217.98,2023-05-04,200.5416,sl,-8.0,6,95.9,31.92
ATBA,2023-08-04,2023-08-07,253.4,2023-08-30,245.0868,sl,-3.2807,23,97.0,26.03
ATRL,2023-07-26,2023-07-27,227.0,2023-08-29,236.9544,sl,4.3852,33,96.7,33.72
ATRL,2023-10-09,2023-10-10,265.07,2023-11-07,280.2506,sl,5.727,28,97.1,42.58
ATRL,2023-12-05,2023-12-06,348.25,2023-12-19,320.39,sl,-8.0,13,95.7,41.99
BAFL,2023-08-03,2023-08-04,42.49,2023-08-10,39.0908,sl,-8.0,6,95.7,20.2
BAPL,2024-05-16,2024-05-17,26.4,2024-07-12,32.8957,sl,24.605,56,95.0,88.35
BAPL,2025-05-19,2025-05-20,48.45,2025-05-22,44.574,sl,-8.0,2,95.2,74.74
BCL,2024-03-18,2024-03-19,92.7,2024-05-21,141.832,sl,53.0011,63,97.0,112.05
BECO,2021-04-27,2021-04-28,22.0,2021-04-29,20.24,sl,-8.0,1,99.0,325.59
BECO,2021-05-21,2021-05-24,22.0,2021-06-08,20.24,sl,-8.0,15,99.1,257.56
BECO,2022-02-03,2022-02-04,24.85,2022-02-07,22.862,sl,-8.0,3,98.3,53.04
BECO,2025-07-04,2025-07-07,28.0,2025-07-09,25.76,sl,-8.0,2,98.1,225.65
BECO,2025-09-22,2025-09-23,31.7,2025-11-17,55.622,sl,75.4637,55,97.9,219.94
BFMOD,2025-11-19,2025-11-20,30.5,2025-11-21,28.06,sl,-8.0,1,95.1,161.05
BGL,2021-04-16,2021-04-19,12.05,2021-06-21,15.23,time,26.39,63,95.5,108.7
BGL,2023-03-21,2023-03-22,13.67,2023-03-24,12.5764,sl,-8.0,2,97.8,61.47
BIFO,2023-11-20,2023-11-21,116.97,2023-12-20,121.2263,sl,3.6388,29,95.7,55.0
BILF,2025-04-21,2025-04-22,22.0,2025-05-09,20.24,sl,-8.0,17,98.9,212.3
BILF,2025-08-06,2025-08-07,25.12,2025-08-11,23.1104,sl,-8.0,4,98.6,336.08
BIPL,2023-06-14,2023-06-15,16.94,2023-06-22,15.5848,sl,-8.0,7,95.1,33.49
BIPL,2023-06-27,2023-07-03,18.99,2023-07-18,17.4708,sl,-8.0,15,98.2,49.3
BIPL,2023-10-24,2023-10-25,19.61,2023-11-29,20.6339,sl,5.2211,35,95.5,37.03
BNL,2025-04-25,2025-04-28,34.79,2025-04-29,32.0068,sl,-8.0,1,96.7,101.78
BNL,2025-05-16,2025-05-19,30.52,2025-07-16,99.62,time,226.4089,58,95.2,81.53
BNL,2025-07-18,2025-07-21,110.0,2025-07-22,101.2,sl,-8.0,1,99.5,613.54
BNL,2025-08-07,2025-08-08,138.44,2025-08-18,127.3648,sl,-8.0,10,99.8,607.63
BNL,2025-09-15,2025-09-16,150.0,2025-09-19,138.0,sl,-8.0,3,99.5,664.35
BNWM,2025-06-25,2025-06-26,76.0,2025-06-27,69.92,sl,-8.0,1,96.1,106.39
BNWM,2025-06-30,2025-07-01,92.9,2025-07-02,85.468,sl,-8.0,1,96.6,153.27
BNWM,2025-07-15,2025-07-16,109.1,2025-07-17,100.372,sl,-8.0,1,97.3,199.14
BOP,2025-09-17,2025-09-18,22.5,2025-10-30,33.3794,sl,48.353,42,95.4,122.07
BOP,2025-12-24,2025-12-26,39.15,2025-12-29,38.88,time,-0.6897,3,97.3,181.89
BUXL,2022-02-04,2022-02-07,164.89,2022-02-10,151.6988,sl,-8.0,3,99.2,56.71
BUXL,2022-04-19,2022-04-20,164.5,2022-04-21,151.34,sl,-8.0,1,98.7,70.89
BWHL,2023-08-10,2023-08-11,124.76,2023-09-18,143.9776,sl,15.4037,38,97.1,52.18
BWHL,2023-10-09,2023-10-10,162.5,2023-11-08,157.0866,sl,-3.3313,29,99.6,110.97
BWHL,2023-12-13,2023-12-14,195.0,2024-01-09,179.4,sl,-8.0,26,97.0,74.36
CENI,2022-04-11,2022-04-12,25.9,2022-04-20,23.828,sl,-8.0,8,97.7,43.78
CHBL,2025-07-24,2025-07-25,12.75,2025-09-19,22.6658,sl,77.7709,56,96.9,151.27
CHCC,2023-07-11,2023-07-12,137.5,2023-07-18,126.5,sl,-8.0,6,95.5,27.08
CLOV,2024-03-25,2024-03-26,39.9,2024-03-27,36.708,sl,-8.0,1,96.6,89.73
CLOV,2024-04-15,2024-04-16,40.0,2024-04-23,36.8,sl,-8.0,7,96.4,83.67
CLOV,2024-04-26,2024-04-29,41.48,2024-06-07,46.7421,sl,12.6858,39,96.1,85.61
CLVL,2021-02-25,2021-03-01,17.15,2021-03-04,15.778,sl,-8.0,3,96.2,132.64
CLVL,2021-06-02,2021-06-03,27.75,2021-06-04,25.53,sl,-8.0,1,96.0,148.72
CLVL,2021-06-29,2021-06-30,24.5,2021-08-02,25.5842,sl,4.4254,33,96.0,144.61
CPHL,2025-01-17,2025-01-20,78.98,2025-02-28,93.6234,sl,18.5407,39,96.4,103.0
CPHL,2025-04-14,2025-04-15,102.0,2025-04-18,93.84,sl,-8.0,3,98.3,145.91
CSAP,2024-02-29,2024-03-01,57.9,2024-03-28,64.187,sl,10.8584,27,96.0,55.73
CSAP,2024-08-16,2024-08-19,93.49,2024-08-20,86.0108,sl,-8.0,1,96.2,110.75
CSAP,2024-08-22,2024-08-23,96.0,2024-08-26,88.32,sl,-8.0,3,96.4,126.32
CSAP,2024-10-02,2024-10-03,92.79,2024-10-14,85.3668,sl,-8.0,11,96.3,105.27
CSAP,2024-10-17,2024-10-18,110.49,2024-10-29,101.6508,sl,-8.0,11,96.4,111.61
CSIL,2023-08-16,2023-08-17,2.18,2023-08-29,2.0056,sl,-8.0,12,95.0,25.32
DAAG,2024-05-20,2024-05-21,41.72,2024-07-22,277.1194,sl,564.2364,62,96.1,103.71
DAAG,2024-12-17,2024-12-18,139.24,2024-12-19,128.1008,sl,-8.0,1,99.3,238.17
DADX,2022-08-05,2022-08-10,102.11,2022-08-23,93.9412,sl,-8.0,13,100.0,152.75
DCR,2022-03-31,2022-04-01,14.85,2022-04-25,14.7246,sl,-0.8442,24,95.9,35.48
DFML,2022-10-20,2022-10-21,9.75,2022-10-27,8.97,sl,-8.0,6,99.6,75.86
DFML,2022-11-24,2022-11-25,11.32,2022-12-20,12.7958,sl,13.037,25,98.8,99.84
DFML,2023-07-06,2023-07-07,11.88,2023-08-08,12.3899,sl,4.2923,32,98.7,55.97
DFML,2023-08-11,2023-08-15,13.5,2023-10-05,15.9631,sl,18.2455,51,98.8,68.18
DFML,2024-04-24,2024-04-25,33.19,2024-05-02,30.5348,sl,-8.0,7,96.1,85.47
DFML,2024-05-16,2024-05-17,37.78,2024-05-20,34.7576,sl,-8.0,3,97.7,130.26
DFML,2024-05-24,2024-05-27,42.84,2024-05-30,39.4128,sl,-8.0,3,98.1,150.31
DFML,2024-05-31,2024-06-03,47.3,2024-06-05,43.516,sl,-8.0,2,99.3,196.57
DFML,2024-08-26,2024-08-27,46.51,2024-09-19,45.4697,sl,-2.2367,23,95.9,126.98
DFML,2024-09-25,2024-09-26,50.52,2024-09-30,46.4784,sl,-8.0,4,95.5,117.7
DNCC,2023-05-23,2023-05-24,11.9,2023-05-31,10.948,sl,-8.0,7,97.7,47.25
DNCC,2023-11-06,2023-11-07,15.6,2023-11-08,14.352,sl,-8.0,1,97.2,56.0
DOL,2022-11-02,2022-11-03,25.35,2022-11-28,24.1571,sl,-4.7058,25,95.6,34.43
DOL,2023-03-17,2023-03-20,26.15,2023-04-19,25.3194,sl,-3.1765,30,95.4,30.22
DOL,2023-07-19,2023-07-20,28.0,2023-07-24,25.76,sl,-8.0,4,95.7,29.05
DSL,2022-09-01,2022-09-02,6.1,2022-09-21,5.612,sl,-8.0,19,95.9,33.16
DWAE,2025-06-10,2025-06-11,41.67,2025-06-12,38.3364,sl,-8.0,1,99.2,394.25
ECOP,2025-05-21,2025-05-22,41.0,2025-06-23,63.5794,sl,55.0716,32,95.8,83.63
EFERT,2022-03-31,2022-04-01,91.07,2022-04-28,92.0086,sl,1.0307,27,95.5,32.51
EMCO,2025-07-23,2025-07-24,91.89,2025-07-28,84.5388,sl,-8.0,4,95.5,127.83
ENGRO,2023-02-02,2023-02-03,308.0,2023-03-15,297.1236,sl,-3.5313,40,95.7,25.62
EPCL,2022-04-14,2022-04-15,85.01,2022-04-18,78.2092,sl,-8.0,3,96.6,42.41
EPCL,2022-04-19,2022-04-20,87.0,2022-04-28,80.04,sl,-8.0,8,97.9,44.46
EPQL,2022-02-10,2022-02-11,27.48,2022-03-11,27.4436,sl,-0.1326,28,95.9,34.12
EPQL,2022-08-11,2022-08-12,27.5,2022-08-15,25.3,sl,-8.0,3,95.3,38.77
EPQL,2022-10-19,2022-10-20,27.99,2022-10-25,25.7508,sl,-8.0,5,98.3,38.34
EPQL,2022-11-08,2022-11-10,27.6,2022-12-09,26.2686,sl,-4.8238,29,96.0,33.64
ESBL,2025-12-01,2025-12-02,16.38,2025-12-03,15.0696,sl,-8.0,1,95.8,160.7
ESBL,2025-12-04,2025-12-05,17.8,2025-12-08,16.376,sl,-8.0,3,95.1,140.64
ESBL,2025-12-12,2025-12-15,16.8,2025-12-17,15.456,sl,-8.0,2,95.1,136.35
EXIDE,2023-08-04,2023-08-07,354.4,2023-08-09,326.048,sl,-8.0,2,96.6,23.46
EXIDE,2023-08-17,2023-08-18,390.0,2023-08-22,358.8,sl,-8.0,4,97.9,47.83
EXIDE,2023-08-25,2023-08-28,377.86,2023-08-29,347.6312,sl,-8.0,1,97.8,40.58
EXIDE,2024-07-10,2024-07-11,879.99,2024-08-12,900.1404,sl,2.2898,32,95.1,101.49
FABL,2021-11-04,2021-11-05,28.5,2021-11-11,26.3291,sl,-7.6173,6,95.0,55.72
FATIMA,2022-03-31,2022-04-01,42.45,2022-04-04,39.054,sl,-8.0,3,96.3,35.59
FCIBL,2025-12-17,2025-12-18,29.41,2025-12-29,34.88,time,18.5991,11,96.0,156.64
FCSC,2025-10-22,2025-10-23,8.34,2025-10-30,7.6728,sl,-8.0,7,97.0,232.54
FDPL,2025-07-17,2025-07-18,6.85,2025-07-24,6.302,sl,-8.0,6,95.0,112.94
FDPL,2025-08-22,2025-08-25,7.65,2025-08-27,7.038,sl,-8.0,2,95.6,148.0
FDPL,2025-10-15,2025-10-16,8.79,2025-10-17,8.0868,sl,-8.0,1,95.5,156.4
FECM,2025-05-29,2025-05-30,21.45,2025-07-25,34.913,sl,62.7646,56,99.0,197.02
FECM,2025-10-08,2025-10-09,42.0,2025-10-10,38.64,sl,-8.0,1,97.2,180.11
FECM,2025-10-24,2025-10-27,56.69,2025-10-28,52.1548,sl,-8.0,1,97.5,267.25
FECTC,2023-12-06,2023-12-07,41.99,2023-12-20,38.6308,sl,-8.0,13,95.7,47.28
FECTC,2024-01-10,2024-01-11,47.5,2024-01-30,46.4986,sl,-2.1083,19,97.1,84.01
FECTC,2024-11-01,2024-11-04,68.92,2024-12-30,117.92,time,71.0969,56,95.2,108.92
FEM,2025-10-03,2025-10-06,10.97,2025-10-29,10.0924,sl,-8.0,23,96.3,165.83
FEM,2025-11-03,2025-11-04,12.75,2025-11-17,11.73,sl,-8.0,13,96.2,197.18
FEM,2025-12-02,2025-12-03,15.1,2025-12-12,13.892,sl,-8.0,9,98.2,255.84
FFBL,2023-12-28,2023-12-29,32.3,2024-01-08,29.716,sl,-8.0,10,98.4,89.05
FFBL,2024-10-08,2024-10-09,54.9,2024-12-03,78.58,time,43.133,55,97.0,116.17
FFBL,2024-12-12,2024-12-13,92.0,2024-12-18,84.64,sl,-8.0,5,96.7,126.79
FFC,2024-12-12,2024-12-13,388.0,2025-02-06,379.4156,sl,-2.2125,55,96.0,114.77
FFC,2025-02-24,2025-02-25,405.1,2025-03-12,390.3043,sl,-3.6524,15,96.6,98.45
FFL,2023-12-27,2023-12-28,11.5,2024-01-04,10.58,sl,-8.0,7,95.9,64.6
FFLM,2025-07-22,2025-07-23,6.91,2025-07-28,6.3572,sl,-8.0,5,95.2,133.2
FFLM,2025-07-31,2025-08-01,7.95,2025-08-13,7.314,sl,-8.0,12,96.9,180.83
FFLM,2025-08-18,2025-08-19,8.28,2025-08-29,7.6176,sl,-8.0,10,97.4,193.96
FFLM,2025-09-24,2025-09-25,8.4,2025-09-26,7.728,sl,-8.0,1,97.0,182.9
FFLM,2025-10-31,2025-11-03,10.4,2025-11-27,11.4265,sl,9.8702,24,96.6,197.89
FIBLM,2025-09-18,2025-09-19,10.6,2025-10-15,10.3776,sl,-2.0984,26,95.2,122.34
FLYNG,2024-09-23,2024-09-24,17.2,2024-10-03,15.824,sl,-8.0,9,95.8,108.38
FLYNG,2024-10-18,2024-10-21,18.26,2024-11-22,22.2141,sl,21.6547,32,95.9,107.8
FLYNG,2024-12-02,2024-12-03,29.59,2024-12-18,27.2228,sl,-8.0,15,98.2,153.32
FLYNG,2025-04-21,2025-04-22,28.7,2025-04-24,26.7149,sl,-6.9169,2,95.0,84.94
FLYNG,2025-05-27,2025-05-29,57.0,2025-06-18,52.44,sl,-8.0,20,99.5,219.87
FNEL,2025-09-16,2025-09-17,11.0,2025-09-18,10.12,sl,-8.0,1,96.1,135.46
FNEL,2025-10-09,2025-10-10,11.9,2025-11-27,18.8234,sl,58.1801,48,95.9,146.63
FPJM,2025-06-25,2025-06-26,5.46,2025-06-27,5.0232,sl,-8.0,1,96.3,114.3
FPJM,2025-10-23,2025-10-24,11.33,2025-10-27,10.4236,sl,-8.0,3,95.7,188.92
FRCL,2021-06-10,2021-06-11,34.69,2021-07-07,32.5504,sl,-6.1679,26,96.5,162.29
FRCL,2025-11-19,2025-11-20,104.99,2025-11-25,96.5908,sl,-8.0,5,97.8,278.56
FTMM,2025-07-17,2025-07-18,23.9,2025-07-21,21.988,sl,-8.0,3,98.8,327.66
FTMM,2025-11-20,2025-11-21,22.99,2025-11-24,21.1508,sl,-8.0,3,97.0,220.15
FZCM,2022-02-11,2022-02-14,282.0,2022-02-17,259.44,sl,-8.0,3,98.3,53.89
FZCM,2025-07-11,2025-07-14,405.0,2025-07-16,372.6,sl,-8.0,2,95.4,129.44
GAL,2025-01-13,2025-01-14,362.48,2025-02-28,432.4909,sl,19.3144,45,97.3,143.99
GAL,2025-04-03,2025-04-04,505.85,2025-04-07,465.382,sl,-8.0,3,99.4,187.81
GAL,2025-04-18,2025-04-21,500.0,2025-04-25,467.7084,sl,-6.4583,4,98.3,152.92
GAMON,2023-10-06,2023-10-09,10.14,2023-10-10,9.3288,sl,-8.0,1,95.9,32.22
GAMON,2023-10-11,2023-10-12,11.62,2023-11-21,13.5209,sl,16.3585,40,97.6,54.1
GAMON,2024-07-22,2024-07-23,22.23,2024-08-21,27.6174,sl,24.2346,29,95.9,103.72
GAMON,2024-09-04,2024-09-05,44.15,2024-09-11,40.618,sl,-8.0,6,98.9,411.47
GAMON,2024-09-18,2024-09-19,55.52,2024-09-27,51.0784,sl,-8.0,8,99.6,568.09
GAMON,2024-10-24,2024-10-25,79.54,2024-10-28,73.1768,sl,-8.0,3,100.0,631.98
GCIL,2021-04-27,2021-04-28,19.0,2021-05-03,17.48,sl,-8.0,5,98.0,193.22
GCIL,2021-06-23,2021-06-24,23.89,2021-08-11,47.9666,sl,100.781,48,98.3,238.79
GEMSPNL,2025-09-19,2025-09-22,53.24,2025-10-06,48.9808,sl,-8.0,14,96.3,159.31
GEMSPNL,2025-10-31,2025-11-03,65.2,2025-12-04,61.136,sl,-6.2331,31,96.8,203.29
GEMSPNL,2025-12-09,2025-12-10,66.97,2025-12-16,61.7898,sl,-7.7351,6,96.7,184.1
GFIL,2024-04-18,2024-04-19,10.98,2024-04-22,10.1016,sl,-8.0,3,95.6,60.72
GFIL,2024-05-15,2024-05-16,10.5,2024-05-23,9.66,sl,-8.0,7,95.1,77.85
GFIL,2024-07-15,2024-07-18,13.24,2024-07-19,12.1808,sl,-8.0,1,95.2,94.1
GGL,2021-05-18,2021-05-19,41.99,2021-07-13,49.6,time,18.1234,55,97.7,189.24
GHNI,2023-11-29,2023-11-30,192.0,2023-12-13,176.64,sl,-8.0,13,95.8,45.61
GHNI,2024-05-02,2024-05-03,256.0,2024-06-06,271.4406,sl,6.0315,34,95.2,67.45
GHNI,2024-07-08,2024-07-09,298.11,2024-08-23,351.4131,sl,17.8804,45,96.2,119.0
GHNI,2025-02-12,2025-02-13,700.0,2025-02-14,644.0,sl,-8.0,1,96.9,136.0
GHNI,2025-03-17,2025-03-18,717.52,2025-04-11,682.1231,sl,-4.9332,24,98.8,153.32
GHNI,2025-04-18,2025-04-21,779.0,2025-04-25,716.68,sl,-8.0,4,97.8,132.31
GLAXO,2024-10-11,2024-10-14,213.45,2024-12-06,380.74,time,78.3743,53,96.7,91.96
GLAXO,2025-01-17,2025-01-20,409.0,2025-02-13,396.1737,sl,-3.136,24,98.4,183.23
GLAXO,2025-03-19,2025-03-20,410.01,2025-04-07,391.1059,sl,-4.6107,18,98.3,141.45
GLAXO,2025-04-10,2025-04-11,415.0,2025-04-25,410.4718,sl,-1.0911,14,98.6,150.6
GLPL,2025-05-20,2025-05-21,305.0,2025-05-26,280.6,sl,-8.0,5,96.1,81.92
GRYL,2025-08-11,2025-08-12,14.74,2025-09-30,26.112,sl,77.1506,49,96.9,150.46
GRYL,2025-10-27,2025-10-28,41.0,2025-11-04,37.72,sl,-8.0,7,99.3,508.31
GVGL,2022-04-14,2022-04-15,79.5,2022-04-28,74.9664,sl,-5.7026,13,95.3,35.18
GVGL,2023-06-14,2023-06-15,85.8,2023-06-16,78.936,sl,-8.0,1,96.0,34.49
GWLC,2021-01-04,2021-01-05,41.8,2021-01-18,38.456,sl,-8.0,13,97.5,122.23
GWLC,2021-02-16,2021-02-17,42.44,2021-03-05,41.3133,sl,-2.6548,16,95.5,120.67
HAEL,2023-10-04,2023-10-05,10.99,2023-11-08,16.8386,sl,53.2172,34,96.7,34.85
HAFL,2025-12-16,2025-12-17,551.1,2025-12-22,507.012,sl,-8.0,5,96.7,160.59
HALEON,2024-09-10,2024-09-11,467.05,2024-11-06,672.21,time,43.9268,56,95.9,119.05
HALEON,2024-11-11,2024-11-12,764.99,2024-12-31,843.2021,sl,10.2239,49,98.2,196.05
HALEON,2025-04-11,2025-04-14,853.4,2025-04-23,785.128,sl,-8.0,9,97.2,113.97
HASCOL,2022-11-02,2022-11-03,7.69,2022-12-13,7.5653,sl,-1.6218,40,97.6,51.89
HCAR,2023-11-29,2023-11-30,236.84,2023-12-13,217.8928,sl,-8.0,13,96.1,47.68
HCAR,2024-01-10,2024-01-11,286.1,2024-01-12,263.212,sl,-8.0,1,95.9,58.65
HUBC,2023-11-13,2023-11-14,121.01,2023-12-19,116.9115,sl,-3.3869,35,95.7,33.19
HWQS,2025-07-17,2025-07-18,31.49,2025-07-23,28.9708,sl,-8.0,5,96.4,144.49
ICIBL,2025-06-10,2025-06-11,5.74,2025-06-12,5.2808,sl,-8.0,1,97.7,189.91
ICIBL,2025-06-13,2025-06-16,7.4,2025-07-29,10.5313,sl,42.3147,43,99.3,326.81
ICL,2023-04-20,2023-04-26,34.9,2023-05-31,37.641,sl,7.8539,35,95.4,25.33
INKL,2025-09-02,2025-09-03,47.0,2025-09-04,43.24,sl,-8.0,1,96.1,141.81
INKL,2025-09-23,2025-09-24,53.0,2025-10-22,63.9128,sl,20.5902,28,95.2,136.41
INKL,2025-11-03,2025-11-04,77.4,2025-11-11,71.208,sl,-8.0,7,97.3,251.19
INKL,2025-11-17,2025-11-18,95.56,2025-11-21,87.9152,sl,-8.0,3,97.7,309.92
ISIL,2023-08-17,2023-09-19,642.5,2024-02-15,1146.5932,sl,78.4581,149,95.3,33.4
ISIL,2024-05-14,2024-05-15,1295.0,2024-06-12,1419.4861,sl,9.6128,28,98.1,142.58
ISIL,2024-09-13,2024-09-16,1555.0,2024-10-14,1624.9957,sl,4.5013,28,95.8,122.31
JKSM,2025-08-21,2025-08-22,275.0,2025-08-29,253.0,sl,-8.0,7,98.4,381.47
JKSM,2025-09-15,2025-09-16,272.0,2025-09-19,250.24,sl,-8.0,3,98.6,352.22
JOPP,2023-07-14,2023-07-17,70.0,2023-12-20,160.0,time,128.5714,156,95.3,30.68
JSBL,2023-08-25,2023-08-28,6.2,2023-08-31,5.704,sl,-8.0,3,97.4,36.08
JSBL,2023-11-08,2023-11-10,7.25,2023-12-27,8.8074,sl,21.4818,47,95.3,35.39
JUBS,2023-10-11,2023-10-12,6.0,2023-10-16,5.52,sl,-8.0,4,96.0,34.56
JUBS,2023-10-24,2023-10-25,7.1,2023-10-27,6.532,sl,-8.0,2,97.5,83.16
JUBS,2023-12-08,2023-12-11,9.4,2023-12-12,8.648,sl,-8.0,1,96.6,79.08
JUBS,2023-12-13,2023-12-14,10.0,2023-12-15,9.2,sl,-8.0,1,97.4,92.04
JUBS,2023-12-28,2023-12-29,10.0,2024-01-15,9.4288,sl,-5.7121,17,97.3,78.76
JUBS,2024-01-17,2024-01-18,12.2,2024-02-15,17.3451,sl,42.1727,28,97.3,112.54
JUBS,2024-08-22,2024-08-23,17.6,2024-08-26,16.192,sl,-8.0,3,98.9,255.17
JUBS,2025-08-19,2025-08-20,32.0,2025-09-09,34.1197,sl,6.6241,20,95.8,124.68
KCL,2025-07-07,2025-07-08,190.04,2025-07-09,174.8368,sl,-8.0,1,98.8,267.72
KCL,2025-07-10,2025-07-11,241.0,2025-07-14,221.72,sl,-8.0,3,99.0,372.48
KEL,2023-12-15,2023-12-18,5.5,2023-12-19,5.06,sl,-8.0,1,98.1,87.97
KEL,2024-01-05,2024-01-08,6.15,2024-01-09,5.658,sl,-8.0,1,98.3,120.81
KEL,2024-01-11,2024-01-12,6.07,2024-01-17,5.5844,sl,-8.0,5,97.5,106.26
KHYT,2025-05-12,2025-05-13,889.21,2025-06-13,1814.3349,sl,104.039,31,99.7,250.53
KHYT,2025-09-11,2025-09-12,1671.37,2025-10-07,1837.3959,sl,9.9335,25,97.0,145.17
KML,2023-11-03,2023-11-06,50.85,2023-11-10,46.782,sl,-8.0,4,97.2,42.75
KOHC,2023-07-11,2023-07-12,185.4,2023-08-08,174.5853,sl,-5.8332,27,95.1,26.86
KOHP,2021-05-21,2021-05-24,6.3,2021-05-28,5.796,sl,-8.0,4,95.3,111.98
KOHP,2024-01-02,2024-01-03,9.2,2024-01-04,8.464,sl,-8.0,1,97.2,73.03
KOHP,2025-09-26,2025-09-29,23.25,2025-11-11,40.2759,sl,73.2295,43,95.9,154.36
KOHTM,2025-05-22,2025-05-23,47.9,2025-07-14,79.6099,sl,66.2003,52,95.6,79.35
KOIL,2023-03-13,2023-03-14,7.11,2023-03-21,6.5412,sl,-8.0,7,96.3,30.04
KOIL,2023-05-09,2023-05-10,7.1,2023-06-02,6.9586,sl,-1.9909,23,97.0,36.57
KOIL,2023-08-15,2023-08-16,7.99,2023-08-21,7.3508,sl,-8.0,5,95.5,26.65
KOIL,2025-10-20,2025-10-21,35.55,2025-11-25,51.6611,sl,45.3195,35,95.4,166.1
LEUL,2025-07-23,2025-07-24,54.8,2025-07-25,50.416,sl,-8.0,1,95.7,133.49
LEUL,2025-08-21,2025-08-22,66.07,2025-08-25,60.7844,sl,-8.0,3,96.3,149.07
LOTCHEM,2022-08-12,2022-08-15,32.0,2022-08-25,29.44,sl,-8.0,10,99.6,103.22
LPGL,2024-07-11,2024-07-12,94.14,2024-09-02,310.8191,sl,230.1669,52,98.9,236.3
LPL,2023-07-12,2023-07-13,19.75,2023-08-21,24.3342,sl,23.2112,39,95.3,24.82
LSEFSL,2025-06-12,2025-06-13,42.97,2025-06-16,39.5324,sl,-8.0,3,98.5,266.88
LSEFSL,2025-11-03,2025-11-04,30.38,2025-11-05,27.9496,sl,-8.0,1,96.6,207.31
LSEVL,2025-01-21,2025-01-22,13.0,2025-01-28,11.96,sl,-8.0,6,95.1,88.03
LUCK,2023-08-07,2023-08-08,615.5,2023-08-28,595.0031,sl,-3.3301,20,95.0,23.92
MACFL,2025-07-09,2025-07-10,60.9,2025-07-16,56.028,sl,-8.0,6,97.1,215.44
MACTER,2024-12-10,2024-12-11,413.5,2024-12-16,380.42,sl,-8.0,5,98.9,213.77
MACTER,2025-04-11,2025-04-14,434.0,2025-04-28,399.28,sl,-8.0,14,99.7,204.84
MACTER,2025-06-18,2025-06-19,530.0,2025-07-03,487.6,sl,-8.0,14,97.0,171.61
MCBIM,2025-05-13,2025-05-14,93.9,2025-07-11,134.0,time,42.705,58,96.0,87.85
MCBIM,2025-08-04,2025-08-05,147.0,2025-08-07,135.24,sl,-8.0,2,95.3,103.07
MCBIM,2025-10-02,2025-10-03,224.0,2025-10-06,206.08,sl,-8.0,3,96.8,176.31
MCBIM,2025-10-15,2025-10-16,247.99,2025-10-20,228.1508,sl,-8.0,4,98.0,206.04
MDTL,2021-02-22,2021-02-23,4.0,2021-02-24,3.68,sl,-8.0,1,97.8,185.42
MDTL,2021-05-26,2021-05-27,4.26,2021-05-28,3.9192,sl,-8.0,1,95.9,136.96
META,2024-03-15,2024-03-18,13.13,2024-03-25,12.0796,sl,-8.0,7,95.2,76.85
MFFL,2023-11-10,2023-11-13,140.0,2023-11-14,128.8,sl,-8.0,1,95.3,36.43
MFFL,2023-11-22,2023-11-23,158.99,2023-12-13,175.9589,sl,10.673,20,97.3,64.48
MFL,2022-04-11,2022-04-12,37.97,2022-04-14,34.9324,sl,-8.0,2,95.4,32.42
MSCL,2022-11-02,2022-11-22,29.4,2022-11-23,27.048,sl,-8.0,1,99.2,74.41
MSCL,2023-03-21,2023-03-22,27.45,2023-05-12,25.5175,sl,-7.0401,51,96.5,42.37
MWMP,2025-08-29,2025-09-01,55.4,2025-10-06,115.8914,sl,109.1903,35,96.3,143.74
NCPL,2022-08-15,2022-08-16,25.34,2022-08-29,23.3128,sl,-8.0,13,97.2,58.33
NCPL,2023-08-11,2023-08-15,24.25,2023-08-21,22.31,sl,-8.0,6,95.8,26.7
NETSOL,2021-01-22,2021-01-25,191.93,2021-03-11,258.7386,sl,34.8088,45,98.8,169.44
NPL,2023-11-14,2023-11-15,32.5,2023-11-20,29.9,sl,-8.0,5,95.6,34.75
NRL,2021-01-04,2021-01-05,375.9,2021-01-19,353.3172,sl,-6.0077,14,99.2,144.95
NRL,2021-01-27,2021-01-28,408.0,2021-03-11,560.3817,sl,37.3485,42,96.4,121.08
NRL,2023-12-06,2023-12-07,362.0,2023-12-13,333.04,sl,-8.0,6,95.3,46.03
NRSL,2021-05-26,2021-05-27,20.34,2021-06-28,19.703,sl,-3.1318,32,95.0,123.89
OGDC,2023-02-09,2023-02-10,102.0,2023-02-14,93.84,sl,-8.0,4,95.1,27.26
OML,2025-05-12,2025-05-13,51.95,2025-05-16,47.794,sl,-8.0,3,96.3,87.91
OTSU,2025-05-21,2025-05-22,339.0,2025-05-23,311.88,sl,-8.0,1,96.1,84.79
OTSU,2025-05-27,2025-05-29,350.0,2025-06-18,322.0,sl,-8.0,20,96.3,96.75
PABC,2022-09-08,2022-09-09,43.51,2022-11-03,46.03,time,5.7918,55,97.0,37.22
PABC,2023-04-20,2023-04-26,52.0,2023-05-31,49.5168,sl,-4.7754,35,98.2,46.78
PABC,2023-08-04,2023-08-07,52.25,2023-08-09,48.07,sl,-8.0,2,96.2,23.13
PACE,2024-09-06,2024-09-09,6.19,2024-09-23,5.6948,sl,-8.0,14,95.1,109.31
PAEL,2023-12-14,2023-12-15,25.2,2023-12-19,23.184,sl,-8.0,4,96.1,59.28
PAKD,2025-05-27,2025-05-29,214.16,2025-06-30,304.6773,sl,42.2662,32,96.9,105.91
PAKRI,2024-03-29,2024-04-01,15.2,2024-04-04,13.984,sl,-8.0,3,95.5,70.05
PASL,2025-06-13,2025-06-16,3.27,2025-06-19,3.0084,sl,-8.0,3,96.8,167.25
PECO,2023-10-27,2023-10-30,355.1,2024-01-30,519.988,sl,46.4342,92,96.8,38.92
PECO,2024-06-12,2024-06-13,680.0,2024-06-28,625.6,sl,-8.0,15,95.9,82.07
PGLC,2025-04-18,2025-04-21,24.3,2025-04-23,22.356,sl,-8.0,2,96.6,101.82
PHDL,2023-10-05,2023-10-06,368.9,2023-11-10,456.0583,sl,23.6265,35,100.0,267.64
PHDL,2024-01-15,2024-01-16,545.5,2024-01-17,501.86,sl,-8.0,1,99.6,250.33
PHDL,2024-06-21,2024-06-24,485.05,2024-07-12,510.2209,sl,5.1893,18,98.9,176.8
PIAA,2023-12-18,2023-12-19,9.33,2023-12-20,8.5836,sl,-8.0,1,97.3,88.61
PIAA,2024-01-09,2024-01-10,9.2,2024-01-26,8.6391,sl,-6.097,16,96.7,70.2
PIAA,2024-03-01,2024-03-04,11.99,2024-04-29,25.4739,sl,112.4598,56,98.3,139.55
PIL,2024-03-05,2024-03-06,3.25,2024-03-07,2.99,sl,-8.0,1,98.8,257.69
PIL,2025-08-11,2025-08-12,6.25,2025-08-13,5.75,sl,-8.0,1,96.2,141.88
PIL,2025-08-20,2025-08-21,6.0,2025-08-27,5.52,sl,-8.0,6,96.0,144.91
PIL,2025-10-08,2025-10-09,6.78,2025-10-10,6.2376,sl,-8.0,1,95.6,142.8
PINL,2023-02-02,2023-02-03,6.66,2023-02-16,6.1272,sl,-8.0,13,97.0,47.37
PINL,2023-11-01,2023-11-02,8.05,2023-11-03,7.406,sl,-8.0,1,95.6,33.48
PIOC,2021-01-13,2021-01-14,112.5,2021-01-19,103.5,sl,-8.0,5,96.7,116.15
PIOC,2021-01-26,2021-01-27,119.79,2021-03-08,130.3365,sl,8.8042,40,97.6,128.82
PIOC,2023-05-31,2023-06-01,90.0,2023-06-20,83.0341,sl,-7.7398,19,97.4,43.86
PIOC,2023-06-26,2023-06-27,88.75,2023-08-28,89.3895,sl,0.7206,62,97.9,44.62
PIOC,2024-02-29,2024-03-01,132.0,2024-03-21,123.0595,sl,-6.7731,20,95.2,44.7
PKGI,2022-03-31,2022-04-01,9.57,2022-04-04,8.8044,sl,-8.0,3,99.6,180.89
PKGI,2022-04-11,2022-04-12,12.0,2022-04-19,11.04,sl,-8.0,7,99.6,192.08
PKGI,2023-05-04,2023-05-05,5.8,2023-05-26,6.0929,sl,5.0505,21,96.8,43.71
PKGP,2022-11-04,2022-11-07,28.6,2022-11-08,26.312,sl,-8.0,1,95.9,34.87
PKGP,2022-11-29,2022-11-30,32.0,2022-12-20,29.44,sl,-8.0,20,96.7,52.49
PKGP,2023-03-10,2023-03-13,29.61,2023-04-12,29.6472,sl,0.1257,30,96.6,37.26
PKGP,2023-04-26,2023-04-27,29.6,2023-07-03,43.9,time,48.3108,67,97.1,44.38
PKGP,2023-07-26,2023-07-27,43.5,2023-08-31,46.1328,sl,6.0524,35,98.4,56.09
PKGP,2024-05-30,2024-05-31,88.5,2024-06-25,83.373,sl,-5.7932,25,95.4,92.35
PKGP,2025-06-13,2025-06-16,293.08,2025-06-17,269.6336,sl,-8.0,1,96.6,158.24
PNSC,2022-10-06,2022-10-07,82.01,2022-12-02,105.18,time,28.2527,56,97.6,39.79
PNSC,2023-02-22,2023-02-23,118.61,2023-02-28,109.1212,sl,-8.0,5,98.3,77.46
PNSC,2023-05-02,2023-05-03,129.5,2023-05-04,119.14,sl,-8.0,1,99.2,72.27
PNSC,2023-05-19,2023-05-22,137.89,2023-05-23,126.8588,sl,-8.0,1,99.2,80.27
PNSC,2023-05-24,2023-05-25,136.0,2023-06-14,127.8899,sl,-5.9633,20,99.5,86.93
PNSC,2023-07-17,2023-07-18,132.55,2023-08-21,129.4508,sl,-2.3381,34,98.8,70.62
PNSC,2023-11-17,2023-11-20,209.93,2024-01-15,316.91,time,50.9598,56,95.0,42.54
POML,2025-05-20,2025-05-21,251.0,2025-06-12,230.92,sl,-8.0,22,95.8,76.6
PPP,2025-01-02,2025-01-03,189.0,2025-01-06,173.88,sl,-8.0,3,95.7,114.93
PPVC,2023-06-14,2023-06-15,6.38,2023-06-16,5.8696,sl,-8.0,1,98.7,56.6
PPVC,2023-10-18,2023-10-19,7.0,2023-11-15,6.44,sl,-8.0,27,96.7,38.52
PREMA,2025-04-23,2025-04-24,85.98,2025-04-25,79.1016,sl,-8.0,1,100.0,384.63
PSMC,2023-11-22,2023-11-23,513.0,2024-01-18,619.0052,sl,20.6638,56,99.6,261.78
PSX,2025-04-14,2025-04-15,29.7,2025-04-24,27.324,sl,-8.0,9,95.8,85.56
PSYL,2025-05-15,2025-05-16,62.34,2025-05-19,57.3528,sl,-8.0,3,95.2,77.53
PSYL,2025-06-03,2025-06-04,67.0,2025-06-05,61.64,sl,-8.0,1,95.8,99.13
PTC,2023-12-18,2023-12-19,15.95,2023-12-20,14.674,sl,-8.0,1,98.0,91.38
PTC,2024-03-28,2024-03-29,17.88,2024-04-02,16.4496,sl,-8.0,4,96.8,126.21
PTC,2024-12-11,2024-12-12,28.0,2024-12-17,25.76,sl,-8.0,5,96.0,121.35
PTL,2023-11-03,2023-11-06,39.5,2023-12-20,43.1791,sl,9.3143,44,96.4,38.47
QUET,2022-11-14,2022-11-15,13.94,2022-12-16,17.1891,sl,23.3075,31,96.4,41.5
QUET,2023-02-27,2023-02-28,21.87,2023-03-01,20.1204,sl,-8.0,1,99.6,160.88
QUET,2024-11-15,2024-11-18,28.7,2024-11-20,26.404,sl,-8.0,2,96.4,130.36
QUICE,2023-05-02,2023-05-03,5.48,2023-05-04,5.0416,sl,-8.0,1,95.2,34.06
REDCO,2024-11-20,2024-11-21,17.0,2024-11-22,15.64,sl,-8.0,1,96.3,128.37
REDCO,2025-01-29,2025-01-30,21.97,2025-02-11,20.2124,sl,-8.0,12,96.8,128.97
REDCO,2025-02-12,2025-02-13,26.99,2025-02-14,24.8308,sl,-8.0,1,98.5,183.93
REDCO,2025-04-16,2025-04-17,28.02,2025-04-18,25.7784,sl,-8.0,1,99.4,196.49
REDCO,2025-06-26,2025-06-27,26.7,2025-07-25,24.6963,sl,-7.5045,28,95.4,99.34
REWM,2022-02-07,2022-02-08,72.55,2022-03-01,71.9961,sl,-0.7635,21,97.5,48.5
REWM,2023-04-26,2023-04-28,75.1,2023-07-04,77.2892,sl,2.9151,67,95.4,30.97
RICL,2023-06-07,2023-06-08,8.27,2023-07-13,8.4796,sl,2.535,35,97.5,43.27
RICL,2023-07-17,2023-07-18,9.55,2023-08-08,8.786,sl,-8.0,21,96.2,32.32
SAPL,2022-08-16,2022-08-17,1500.0,2022-08-22,1380.0,sl,-8.0,5,97.9,66.96
SARC,2023-02-10,2023-02-14,40.49,2023-02-24,37.2508,sl,-8.0,10,97.9,56.12
SARC,2025-07-30,2025-07-31,83.0,2025-08-01,76.36,sl,-8.0,1,95.4,110.39
SARC,2025-08-06,2025-08-07,90.3,2025-08-12,83.076,sl,-8.0,5,95.3,116.49
SASML,2025-05-26,2025-05-27,73.0,2025-05-29,67.16,sl,-8.0,2,96.9,100.37
SASML,2025-07-28,2025-07-29,109.95,2025-08-28,194.2901,sl,76.7077,30,96.2,131.08
SASML,2025-12-05,2025-12-08,202.0,2025-12-09,185.84,sl,-8.0,1,97.1,200.1
SASML,2025-12-16,2025-12-17,203.99,2025-12-23,187.6708,sl,-8.0,6,98.4,226.54
SAZEW,2023-10-06,2023-10-09,101.1,2023-12-04,215.45,time,113.1058,56,98.8,69.81
SAZEW,2023-12-06,2023-12-07,225.5,2023-12-13,207.46,sl,-8.0,6,99.6,212.87
SAZEW,2024-02-26,2024-02-27,359.1,2024-04-26,671.45,time,86.9813,59,100.0,347.21
SAZEW,2024-05-03,2024-05-06,757.9,2024-05-08,697.268,sl,-8.0,2,100.0,657.41
SAZEW,2024-05-31,2024-06-03,799.97,2024-06-07,735.9724,sl,-8.0,4,100.0,672.29
SAZEW,2024-06-13,2024-06-14,860.0,2024-08-16,1053.0556,sl,22.4483,63,100.0,718.66
SAZEW,2024-11-06,2024-11-07,1125.0,2024-11-26,1035.0,sl,-8.0,19,97.8,222.67
SAZEW,2024-12-09,2024-12-10,1174.9,2024-12-13,1080.908,sl,-8.0,3,97.8,169.31
SAZEW,2025-02-04,2025-02-06,1145.0,2025-03-03,1068.4331,sl,-6.6871,25,97.2,131.08
SBL,2022-01-10,2022-01-11,12.8,2022-01-19,12.1521,sl,-5.0614,8,98.4,57.45
SCBPL,2024-04-15,2024-04-16,56.5,2024-04-29,51.98,sl,-8.0,13,95.5,71.39
SCBPL,2024-07-01,2024-07-02,69.9,2024-07-12,64.308,sl,-8.0,10,95.1,86.32
SEL,2025-12-05,2025-12-08,37.65,2025-12-11,34.638,sl,-8.0,3,95.7,154.98
SERT,2025-10-20,2025-10-21,58.83,2025-10-28,54.1236,sl,-8.0,7,98.2,244.06
SGPL,2023-02-08,2023-02-09,7.0,2023-02-10,6.44,sl,-8.0,1,96.7,38.04
SGPL,2024-06-28,2024-07-01,13.1,2024-07-11,12.052,sl,-8.0,10,96.3,89.47
SGPL,2025-12-08,2025-12-09,27.48,2025-12-26,32.21,time,17.2125,17,96.0,142.55
SHCM,2025-11-04,2025-11-05,95.99,2025-11-06,88.3108,sl,-8.0,1,96.8,229.6
SHDT,2025-05-26,2025-05-27,40.0,2025-07-15,62.8852,sl,57.213,49,96.4,93.46
SHEL,2023-10-13,2023-10-16,166.0,2023-10-27,152.72,sl,-8.0,11,95.6,34.87
SHFA,2024-11-04,2024-11-05,368.0,2024-11-08,338.56,sl,-8.0,3,95.2,117.61
SHFA,2024-11-11,2024-11-12,380.0,2024-12-19,378.3606,sl,-0.4314,37,96.0,141.48
SHFA,2025-01-21,2025-01-22,409.0,2025-02-10,404.0626,sl,-1.2072,19,95.8,98.18
SHFA,2025-02-12,2025-02-13,432.0,2025-03-04,421.4284,sl,-2.4471,19,95.7,103.45
SIEM,2022-08-10,2022-08-12,720.0,2022-08-25,712.103,sl,-1.0968,13,96.3,42.53
SIEM,2022-10-20,2022-10-21,859.98,2022-10-24,791.1816,sl,-8.0,3,95.9,30.43
SIEM,2022-11-02,2022-11-03,920.0,2022-11-24,846.4,sl,-8.0,21,96.4,44.92
SINDM,2025-12-10,2025-12-11,35.19,2025-12-12,32.3748,sl,-8.0,1,95.1,127.69
SINDM,2025-12-24,2025-12-26,36.0,2025-12-26,37.67,time,4.6389,0,96.0,145.64
SITC,2025-09-08,2025-09-09,961.0,2025-09-23,884.12,sl,-8.0,14,95.6,115.01
SMCPL,2022-08-05,2022-08-10,11.5,2022-09-07,11.4417,sl,-0.5068,28,97.5,54.44
SMCPL,2023-06-27,2023-07-03,16.2,2023-07-13,14.904,sl,-8.0,10,98.7,57.86
SNGP,2023-02-06,2023-02-07,44.0,2023-02-27,40.8115,sl,-7.2466,20,96.3,28.3
SPEL,2024-07-23,2024-07-24,34.5,2024-07-25,31.74,sl,-8.0,1,95.5,117.48
SPEL,2024-07-31,2024-08-01,35.49,2024-08-30,44.4097,sl,25.133,29,97.4,142.23
SPL,2025-11-20,2025-11-21,57.26,2025-12-18,72.9568,sl,27.4132,27,96.1,199.36
SPLC,2021-06-10,2021-06-11,3.6,2021-06-14,3.312,sl,-8.0,3,98.7,267.87
SPWL,2022-01-24,2022-01-25,25.34,2022-01-31,23.3128,sl,-8.0,6,95.5,44.16
SSGC,2024-11-14,2024-11-15,24.94,2024-11-22,22.9448,sl,-8.0,7,95.3,110.09
SSGC,2024-12-03,2024-12-04,33.0,2025-01-07,40.1536,sl,21.6775,34,97.1,136.18
SSGC,2025-04-18,2025-04-21,42.99,2025-04-24,39.5508,sl,-8.0,3,98.9,195.38
SSGC,2025-06-17,2025-06-18,44.9,2025-06-23,41.308,sl,-8.0,5,95.6,123.49
SSGC,2025-08-01,2025-08-04,45.61,2025-08-05,43.0931,sl,-5.5182,1,96.5,127.73
SSML,2025-12-04,2025-12-05,35.5,2025-12-09,32.66,sl,-8.0,4,95.5,149.74
SSOM,2025-05-29,2025-05-30,856.66,2025-06-02,788.1272,sl,-8.0,3,100.0,907.24
SSOM,2025-06-27,2025-06-30,779.41,2025-07-30,854.3649,sl,9.6169,30,100.0,880.35
STCL,2021-01-08,2021-01-11,23.56,2021-02-12,24.1914,sl,2.6798,32,95.3,103.66
STCL,2021-05-20,2021-05-21,28.0,2021-06-28,31.7287,sl,13.3168,38,95.8,107.02
SUTM,2025-05-16,2025-05-19,229.0,2025-05-20,210.68,sl,-8.0,1,97.9,122.9
SYS,2021-01-07,2021-01-08,418.78,2021-03-08,479.736,sl,14.5556,59,96.5,128.88
SYS,2021-11-03,2021-11-04,798.38,2021-11-23,740.5804,sl,-7.2396,19,96.6,90.92
TATM,2025-07-02,2025-07-03,158.0,2025-07-04,145.36,sl,-8.0,1,96.1,151.31
TATM,2025-07-07,2025-07-08,204.97,2025-07-31,210.1957,sl,2.5495,23,97.6,219.64
TATM,2025-11-27,2025-11-28,205.1,2025-12-02,188.692,sl,-8.0,4,95.8,177.18
TATM,2025-12-11,2025-12-12,214.98,2025-12-15,197.7816,sl,-8.0,3,96.0,160.69
TELE,2021-02-02,2021-02-03,4.17,2021-02-04,3.8364,sl,-8.0,1,97.6,142.72
TELE,2021-02-08,2021-02-09,5.26,2021-03-10,6.6295,sl,26.0361,29,98.8,182.16
TELE,2021-05-25,2021-05-26,18.5,2021-06-10,17.02,sl,-8.0,15,100.0,881.14
TELE,2022-01-07,2022-01-10,18.43,2022-01-20,16.9556,sl,-8.0,10,100.0,283.69
TELE,2022-02-02,2022-02-03,18.7,2022-02-04,17.204,sl,-8.0,1,100.0,222.25
TGL,2022-04-15,2022-04-18,138.88,2022-04-19,127.7696,sl,-8.0,1,96.7,37.84
TGL,2022-04-28,2022-05-06,135.0,2022-05-09,124.2425,sl,-7.9685,3,95.3,36.08
THCCL,2024-05-06,2024-05-07,35.03,2024-06-04,35.5569,sl,1.504,28,95.8,82.28
THCCL,2024-07-18,2024-07-19,44.15,2024-09-03,50.1442,sl,13.5769,46,95.5,119.77
THCCL,2024-09-20,2024-09-23,57.25,2024-11-15,116.21,time,102.9869,53,98.1,174.6
THCCL,2024-11-18,2024-11-19,136.44,2025-01-14,207.99,time,52.4406,56,99.3,325.19
THCCL,2025-03-20,2025-03-21,232.0,2025-03-24,213.44,sl,-8.0,3,100.0,455.96
THCCL,2025-04-04,2025-04-07,220.0,2025-04-14,202.4,sl,-8.0,7,100.0,414.45
TOWL,2022-11-11,2022-11-14,135.0,2022-12-08,124.6804,sl,-7.6442,24,95.1,33.26
TOWL,2023-02-28,2023-03-01,141.5,2023-03-03,130.18,sl,-8.0,2,96.2,37.49
TOWL,2023-03-06,2023-03-07,147.0,2023-04-20,231.2484,sl,57.3118,44,98.3,45.24
TOWL,2023-11-23,2023-11-24,211.0,2023-12-15,199.6001,sl,-5.4028,21,95.4,44.02
TPL,2021-06-23,2021-06-24,16.4,2021-08-10,21.7786,sl,32.7966,47,95.3,143.49
TPLP,2021-06-14,2021-06-15,20.71,2021-08-12,39.22,time,89.3771,58,96.9,180.31
TPLP,2021-08-23,2021-08-24,47.0,2021-08-30,43.24,sl,-8.0,6,99.6,427.16
TRG,2021-01-05,2021-01-06,86.81,2021-03-03,147.61,time,70.038,56,99.2,149.37
TRG,2021-07-08,2021-07-09,174.99,2021-07-28,161.9959,sl,-7.4256,19,97.9,188.72
TRG,2022-10-10,2022-10-11,151.8,2022-10-12,139.656,sl,-8.0,1,97.9,54.3
TRG,2022-11-14,2022-11-15,148.0,2022-12-02,136.16,sl,-8.0,17,98.0,46.27
TRSM,2025-07-03,2025-07-04,8.55,2025-07-07,7.866,sl,-8.0,3,95.6,146.47
TRSM,2025-07-21,2025-07-22,12.97,2025-09-16,47.71,time,267.8489,56,97.4,191.56
TRSM,2025-10-07,2025-10-08,45.5,2025-11-13,58.993,sl,29.6549,36,99.8,701.27
TSBL,2025-11-14,2025-11-17,59.1,2025-11-25,54.372,sl,-8.0,8,98.2,347.18
TSPL,2023-02-15,2023-02-16,14.65,2023-03-09,14.8627,sl,1.452,21,100.0,228.52
TSPL,2023-10-20,2023-10-23,13.31,2023-11-20,12.9954,sl,-2.364,28,97.9,65.56
UBL,2023-07-21,2023-07-24,154.0,2023-08-07,141.68,sl,-8.0,14,95.4,30.12
UNIC,2022-08-17,2022-08-18,9.66,2022-08-23,8.8872,sl,-8.0,5,95.1,31.06
UNITY,2021-01-19,2021-01-20,32.35,2021-02-11,33.1291,sl,2.4085,22,95.0,94.23
UNITY,2021-05-18,2021-05-19,42.0,2021-06-18,44.0909,sl,4.9782,30,95.4,104.36
UNITY,2023-07-11,2023-07-12,22.0,2023-08-17,25.4644,sl,15.7471,36,96.0,27.86
UPFL,2022-09-09,2022-09-12,25000.0,2022-12-12,25226.0821,sl,0.9043,91,100.0,127.1
UVIC,2024-12-27,2024-12-30,11.85,2025-01-01,10.902,sl,-8.0,2,95.9,118.58
UVIC,2025-09-10,2025-09-11,28.6,2025-09-12,26.312,sl,-8.0,1,95.6,111.82
UVIC,2025-09-17,2025-09-18,37.97,2025-09-19,34.9324,sl,-8.0,1,98.4,260.29
UVIC,2025-09-23,2025-09-24,38.5,2025-09-29,35.42,sl,-8.0,5,98.2,235.47
WHALE,2021-06-10,2021-06-11,11.0,2021-06-22,10.12,sl,-8.0,11,96.1,160.23
WHALE,2021-07-06,2021-07-07,11.1,2021-08-10,12.2081,sl,9.9833,34,96.9,152.98
WTL,2021-05-26,2021-05-27,3.44,2021-05-28,3.1648,sl,-8.0,1,97.3,175.29
WTL,2021-05-31,2021-06-01,3.85,2021-06-02,3.542,sl,-8.0,1,98.7,220.16
WYETH,2021-05-25,2021-05-26,1981.84,2021-06-25,2178.2171,sl,9.9088,30,95.9,122.55
ZAHID,2022-02-02,2022-02-04,25.0,2022-02-24,26.1891,sl,4.7566,20,95.9,42.17
ZAHID,2022-11-18,2022-11-21,32.2,2022-11-28,29.624,sl,-8.0,7,96.7,39.85
ZAHID,2025-07-02,2025-07-03,74.99,2025-07-31,97.3813,sl,29.859,28,95.2,132.52
ZIL,2022-11-07,2022-11-08,164.0,2022-12-20,161.9236,sl,-1.2661,42,99.2,67.16
ZIL,2023-02-07,2023-02-08,205.0,2023-02-14,188.6,sl,-8.0,6,99.6,134.01
ZIL,2023-02-24,2023-02-28,218.0,2023-05-05,315.0,time,44.4954,66,99.2,110.05
